-18,12,8cpfUZX4eJD2itwEQdzuOE2jQWE=,G6aZPfvD5cJLWDNjAn/lJ7PQCBo=
-19,12,8cpfUZX4eJD2itwEQdzuOE2jQWE=,ZWZEsVj6XBz6d31o654OKV3hVpM=
-18,11,8cpfUZX4eJD2itwEQdzuOE2jQWE=,70mPo+fClQZPCy7Ol1UX0BFolNc=
-19,11,8cpfUZX4eJD2itwEQdzuOE2jQWE=,yLG4/k+P8v8fwqkaABTQqzOLezw=
-20,12,8cpfUZX4eJD2itwEQdzuOE2jQWE=,ZWZEsVj6XBz6d31o654OKV3hVpM=
-21,12,8cpfUZX4eJD2itwEQdzuOE2jQWE=,tk8BtV6qNhSJvIVftA3wDgIpqrA=
-21,11,8cpfUZX4eJD2itwEQdzuOE2jQWE=,rbfNliXSukVJft2+DK041ykSeXs=
-20,11,8cpfUZX4eJD2itwEQdzuOE2jQWE=,yLG4/k+P8v8fwqkaABTQqzOLezw=
-17,11,8cpfUZX4eJD2itwEQdzuOE2jQWE=,70mPo+fClQZPCy7Ol1UX0BFolNc=
-17,12,8cpfUZX4eJD2itwEQdzuOE2jQWE=,G6aZPfvD5cJLWDNjAn/lJ7PQCBo=
-21,14,wRsX3qFU2Vq5cgcl7hwnUDq3Sz8=,wJAi8npqLS8wKcRMrO5VhIswpeU=
-21,13,wRsX3qFU2Vq5cgcl7hwnUDq3Sz8=,tk8BtV6qNhSJvIVftA3wDgIpqrA=
-20,13,wRsX3qFU2Vq5cgcl7hwnUDq3Sz8=,ZWZEsVj6XBz6d31o654OKV3hVpM=
-20,14,wRsX3qFU2Vq5cgcl7hwnUDq3Sz8=,1bU+VVGPF8qTojdLZ2N9nrQ4/pE=
-18,15,wRsX3qFU2Vq5cgcl7hwnUDq3Sz8=,h0eDPXdf4NMHtzJj7pqr743TvhY=
-18,13,wRsX3qFU2Vq5cgcl7hwnUDq3Sz8=,G6aZPfvD5cJLWDNjAn/lJ7PQCBo=
-18,14,wRsX3qFU2Vq5cgcl7hwnUDq3Sz8=,h0eDPXdf4NMHtzJj7pqr743TvhY=
-17,14,wRsX3qFU2Vq5cgcl7hwnUDq3Sz8=,h0eDPXdf4NMHtzJj7pqr743TvhY=
-17,13,wRsX3qFU2Vq5cgcl7hwnUDq3Sz8=,G6aZPfvD5cJLWDNjAn/lJ7PQCBo=
-19,14,wRsX3qFU2Vq5cgcl7hwnUDq3Sz8=,1bU+VVGPF8qTojdLZ2N9nrQ4/pE=
-19,15,wRsX3qFU2Vq5cgcl7hwnUDq3Sz8=,1bU+VVGPF8qTojdLZ2N9nrQ4/pE=
-19,13,wRsX3qFU2Vq5cgcl7hwnUDq3Sz8=,ZWZEsVj6XBz6d31o654OKV3hVpM=
-18,10,wRsX3qFU2Vq5cgcl7hwnUDq3Sz8=,70mPo+fClQZPCy7Ol1UX0BFolNc=
-19,10,wRsX3qFU2Vq5cgcl7hwnUDq3Sz8=,yLG4/k+P8v8fwqkaABTQqzOLezw=
-18,9,wRsX3qFU2Vq5cgcl7hwnUDq3Sz8=,EI4hgssxWC+Mlketi8sn3bkfXxo=
-19,9,wRsX3qFU2Vq5cgcl7hwnUDq3Sz8=,4m/lIZjaDWg8RRsH5QIwWmufr3g=
-19,8,w0zi/ZAV7dbYnijLVkIpj+kwC0g=,4m/lIZjaDWg8RRsH5QIwWmufr3g=
-18,8,w0zi/ZAV7dbYnijLVkIpj+kwC0g=,EI4hgssxWC+Mlketi8sn3bkfXxo=
-19,7,w0zi/ZAV7dbYnijLVkIpj+kwC0g=,Dqas34RCkTx+v+PqlP86nBTPCnY=
-18,7,w0zi/ZAV7dbYnijLVkIpj+kwC0g=,kztiTsbmNsdPjx2tUH/SGyHXS0c=
-19,6,0YBpGpk8Bc3f/ywBIfmCbQFAx74=,Dqas34RCkTx+v+PqlP86nBTPCnY=
-18,6,0YBpGpk8Bc3f/ywBIfmCbQFAx74=,kztiTsbmNsdPjx2tUH/SGyHXS0c=
-19,5,0YBpGpk8Bc3f/ywBIfmCbQFAx74=,dCMYlwdmwAzx+CVrMr9eacjpSYE=
-18,5,0YBpGpk8Bc3f/ywBIfmCbQFAx74=,RXVq05ijriVNHvfeo3yhwPk+0io=
-18,4,8mguM6YPm/fK5uSaknsgtD+/K+s=,RXVq05ijriVNHvfeo3yhwPk+0io=
-19,4,8mguM6YPm/fK5uSaknsgtD+/K+s=,dCMYlwdmwAzx+CVrMr9eacjpSYE=
-21,4,8mguM6YPm/fK5uSaknsgtD+/K+s=,JyHDxj9O6npH8f6YgdOjU0pucqQ=
-19,3,8mguM6YPm/fK5uSaknsgtD+/K+s=,mrzUx8r5FGwN4oGl/OGwxL2RGOY=
-18,3,8mguM6YPm/fK5uSaknsgtD+/K+s=,DajvcbvY3EQmVhRZ2QPPD7PXHRI=
-21,3,8mguM6YPm/fK5uSaknsgtD+/K+s=,sHOf2ZCUGcoJGwbjIETHLDCYfas=
-20,4,8mguM6YPm/fK5uSaknsgtD+/K+s=,dCMYlwdmwAzx+CVrMr9eacjpSYE=
-20,3,8mguM6YPm/fK5uSaknsgtD+/K+s=,mrzUx8r5FGwN4oGl/OGwxL2RGOY=
-21,2,8mguM6YPm/fK5uSaknsgtD+/K+s=,sHOf2ZCUGcoJGwbjIETHLDCYfas=
-21,1,8mguM6YPm/fK5uSaknsgtD+/K+s=,/wI6Nn2XPuFoz4OTiVyPBxIkejs=
-20,2,8mguM6YPm/fK5uSaknsgtD+/K+s=,mrzUx8r5FGwN4oGl/OGwxL2RGOY=
-21,0,8mguM6YPm/fK5uSaknsgtD+/K+s=,/wI6Nn2XPuFoz4OTiVyPBxIkejs=
-20,1,8mguM6YPm/fK5uSaknsgtD+/K+s=,YQOop6HYOwFdTtN8q84blIgat7Y=
-20,0,8mguM6YPm/fK5uSaknsgtD+/K+s=,YQOop6HYOwFdTtN8q84blIgat7Y=
-17,1,1ykfTwjEU6AiqaqozDopCd2pk0s=,NX3NAyluUaOeje1zhMuV3MAZFqw=
-18,1,1ykfTwjEU6AiqaqozDopCd2pk0s=,NX3NAyluUaOeje1zhMuV3MAZFqw=
-18,0,1ykfTwjEU6AiqaqozDopCd2pk0s=,NX3NAyluUaOeje1zhMuV3MAZFqw=
-17,2,1ykfTwjEU6AiqaqozDopCd2pk0s=,DajvcbvY3EQmVhRZ2QPPD7PXHRI=
-19,0,1ykfTwjEU6AiqaqozDopCd2pk0s=,YQOop6HYOwFdTtN8q84blIgat7Y=
-19,2,1ykfTwjEU6AiqaqozDopCd2pk0s=,mrzUx8r5FGwN4oGl/OGwxL2RGOY=
-22,1,1ykfTwjEU6AiqaqozDopCd2pk0s=,/wI6Nn2XPuFoz4OTiVyPBxIkejs=
-22,0,1ykfTwjEU6AiqaqozDopCd2pk0s=,/wI6Nn2XPuFoz4OTiVyPBxIkejs=
-22,2,1ykfTwjEU6AiqaqozDopCd2pk0s=,sHOf2ZCUGcoJGwbjIETHLDCYfas=
-17,0,1ykfTwjEU6AiqaqozDopCd2pk0s=,NX3NAyluUaOeje1zhMuV3MAZFqw=
-19,1,1ykfTwjEU6AiqaqozDopCd2pk0s=,YQOop6HYOwFdTtN8q84blIgat7Y=
-18,2,1ykfTwjEU6AiqaqozDopCd2pk0s=,DajvcbvY3EQmVhRZ2QPPD7PXHRI=
-22,3,1ykfTwjEU6AiqaqozDopCd2pk0s=,sHOf2ZCUGcoJGwbjIETHLDCYfas=
-22,4,1ykfTwjEU6AiqaqozDopCd2pk0s=,JyHDxj9O6npH8f6YgdOjU0pucqQ=
-21,10,1ykfTwjEU6AiqaqozDopCd2pk0s=,rbfNliXSukVJft2+DK041ykSeXs=
-21,5,1ykfTwjEU6AiqaqozDopCd2pk0s=,JyHDxj9O6npH8f6YgdOjU0pucqQ=
-22,5,1ykfTwjEU6AiqaqozDopCd2pk0s=,JyHDxj9O6npH8f6YgdOjU0pucqQ=
-21,6,1ykfTwjEU6AiqaqozDopCd2pk0s=,cdXb5aVkP0z0c9o+0iQ0wkwDwb8=
-21,9,1ykfTwjEU6AiqaqozDopCd2pk0s=,65B3sE65DQxy39DGUMwb4zbRRDw=
-21,8,1ykfTwjEU6AiqaqozDopCd2pk0s=,65B3sE65DQxy39DGUMwb4zbRRDw=
-21,15,1ykfTwjEU6AiqaqozDopCd2pk0s=,wJAi8npqLS8wKcRMrO5VhIswpeU=
-22,14,1ykfTwjEU6AiqaqozDopCd2pk0s=,wJAi8npqLS8wKcRMrO5VhIswpeU=
-22,13,1ykfTwjEU6AiqaqozDopCd2pk0s=,tk8BtV6qNhSJvIVftA3wDgIpqrA=
-22,11,1ykfTwjEU6AiqaqozDopCd2pk0s=,rbfNliXSukVJft2+DK041ykSeXs=
-21,7,1ykfTwjEU6AiqaqozDopCd2pk0s=,cdXb5aVkP0z0c9o+0iQ0wkwDwb8=
-22,12,1ykfTwjEU6AiqaqozDopCd2pk0s=,tk8BtV6qNhSJvIVftA3wDgIpqrA=
-22,15,1ykfTwjEU6AiqaqozDopCd2pk0s=,wJAi8npqLS8wKcRMrO5VhIswpeU=
-22,6,1ykfTwjEU6AiqaqozDopCd2pk0s=,cdXb5aVkP0z0c9o+0iQ0wkwDwb8=
-22,8,1ykfTwjEU6AiqaqozDopCd2pk0s=,65B3sE65DQxy39DGUMwb4zbRRDw=
-22,10,1ykfTwjEU6AiqaqozDopCd2pk0s=,rbfNliXSukVJft2+DK041ykSeXs=
-22,7,1ykfTwjEU6AiqaqozDopCd2pk0s=,cdXb5aVkP0z0c9o+0iQ0wkwDwb8=
-22,9,1ykfTwjEU6AiqaqozDopCd2pk0s=,65B3sE65DQxy39DGUMwb4zbRRDw=
-20,9,1ykfTwjEU6AiqaqozDopCd2pk0s=,4m/lIZjaDWg8RRsH5QIwWmufr3g=
-20,10,1ykfTwjEU6AiqaqozDopCd2pk0s=,yLG4/k+P8v8fwqkaABTQqzOLezw=
-20,7,1ykfTwjEU6AiqaqozDopCd2pk0s=,Dqas34RCkTx+v+PqlP86nBTPCnY=
-20,8,1ykfTwjEU6AiqaqozDopCd2pk0s=,4m/lIZjaDWg8RRsH5QIwWmufr3g=
-20,15,1ykfTwjEU6AiqaqozDopCd2pk0s=,1bU+VVGPF8qTojdLZ2N9nrQ4/pE=
-20,6,1ykfTwjEU6AiqaqozDopCd2pk0s=,Dqas34RCkTx+v+PqlP86nBTPCnY=
-20,5,1ykfTwjEU6AiqaqozDopCd2pk0s=,dCMYlwdmwAzx+CVrMr9eacjpSYE=
-17,3,1ykfTwjEU6AiqaqozDopCd2pk0s=,DajvcbvY3EQmVhRZ2QPPD7PXHRI=
-17,4,1ykfTwjEU6AiqaqozDopCd2pk0s=,RXVq05ijriVNHvfeo3yhwPk+0io=
-17,7,1ykfTwjEU6AiqaqozDopCd2pk0s=,kztiTsbmNsdPjx2tUH/SGyHXS0c=
-17,5,1ykfTwjEU6AiqaqozDopCd2pk0s=,RXVq05ijriVNHvfeo3yhwPk+0io=
-17,9,1ykfTwjEU6AiqaqozDopCd2pk0s=,EI4hgssxWC+Mlketi8sn3bkfXxo=
-17,6,1ykfTwjEU6AiqaqozDopCd2pk0s=,kztiTsbmNsdPjx2tUH/SGyHXS0c=
-17,10,1ykfTwjEU6AiqaqozDopCd2pk0s=,70mPo+fClQZPCy7Ol1UX0BFolNc=
-17,8,1ykfTwjEU6AiqaqozDopCd2pk0s=,EI4hgssxWC+Mlketi8sn3bkfXxo=
-17,15,1ykfTwjEU6AiqaqozDopCd2pk0s=,h0eDPXdf4NMHtzJj7pqr743TvhY=
-21,20,CbW/zNp+bS6bIA6EuyhdiKIBfm4=,trZrXgFASIkRsliDVNghABGn7Ys=
-21,18,CbW/zNp+bS6bIA6EuyhdiKIBfm4=,koWGQiEQd2Y3asQqegWcwDTLeug=
-21,19,CbW/zNp+bS6bIA6EuyhdiKIBfm4=,koWGQiEQd2Y3asQqegWcwDTLeug=
-21,17,CbW/zNp+bS6bIA6EuyhdiKIBfm4=,bpkANZoOtiwRB1e7t2KEOXYEp+A=
-20,20,CbW/zNp+bS6bIA6EuyhdiKIBfm4=,LorZEPUNHOo7cBXOAYe7gaQqrZ8=
-18,20,CbW/zNp+bS6bIA6EuyhdiKIBfm4=,jVAUJyvbkC3mAxD6w8X8KBnm8ZM=
-20,19,CbW/zNp+bS6bIA6EuyhdiKIBfm4=,nbVxrIOVrK7zL+6B/aCD8jjkhrc=
-20,18,CbW/zNp+bS6bIA6EuyhdiKIBfm4=,nbVxrIOVrK7zL+6B/aCD8jjkhrc=
-19,19,CbW/zNp+bS6bIA6EuyhdiKIBfm4=,nbVxrIOVrK7zL+6B/aCD8jjkhrc=
-20,17,CbW/zNp+bS6bIA6EuyhdiKIBfm4=,zmVyuMii8UUJgT3k9LNtPv/z9zg=
-19,20,CbW/zNp+bS6bIA6EuyhdiKIBfm4=,LorZEPUNHOo7cBXOAYe7gaQqrZ8=
-19,18,CbW/zNp+bS6bIA6EuyhdiKIBfm4=,nbVxrIOVrK7zL+6B/aCD8jjkhrc=
-19,17,CbW/zNp+bS6bIA6EuyhdiKIBfm4=,zmVyuMii8UUJgT3k9LNtPv/z9zg=
-18,17,CbW/zNp+bS6bIA6EuyhdiKIBfm4=,3SzwDxwt2JyE9IjT2oBybnhU0UY=
-18,18,CbW/zNp+bS6bIA6EuyhdiKIBfm4=,pzRTxBgxNpri/t5xx5F6ADkdmuM=
-22,18,CbW/zNp+bS6bIA6EuyhdiKIBfm4=,koWGQiEQd2Y3asQqegWcwDTLeug=
-22,17,CbW/zNp+bS6bIA6EuyhdiKIBfm4=,bpkANZoOtiwRB1e7t2KEOXYEp+A=
-18,19,CbW/zNp+bS6bIA6EuyhdiKIBfm4=,pzRTxBgxNpri/t5xx5F6ADkdmuM=
-21,16,CbW/zNp+bS6bIA6EuyhdiKIBfm4=,bpkANZoOtiwRB1e7t2KEOXYEp+A=
-19,21,CbW/zNp+bS6bIA6EuyhdiKIBfm4=,LorZEPUNHOo7cBXOAYe7gaQqrZ8=
-22,16,CbW/zNp+bS6bIA6EuyhdiKIBfm4=,bpkANZoOtiwRB1e7t2KEOXYEp+A=
-18,21,CbW/zNp+bS6bIA6EuyhdiKIBfm4=,jVAUJyvbkC3mAxD6w8X8KBnm8ZM=
-21,21,CbW/zNp+bS6bIA6EuyhdiKIBfm4=,trZrXgFASIkRsliDVNghABGn7Ys=
-20,21,CbW/zNp+bS6bIA6EuyhdiKIBfm4=,LorZEPUNHOo7cBXOAYe7gaQqrZ8=
-22,20,CbW/zNp+bS6bIA6EuyhdiKIBfm4=,trZrXgFASIkRsliDVNghABGn7Ys=
-22,19,CbW/zNp+bS6bIA6EuyhdiKIBfm4=,koWGQiEQd2Y3asQqegWcwDTLeug=
-17,21,CbW/zNp+bS6bIA6EuyhdiKIBfm4=,jVAUJyvbkC3mAxD6w8X8KBnm8ZM=
-18,16,CbW/zNp+bS6bIA6EuyhdiKIBfm4=,3SzwDxwt2JyE9IjT2oBybnhU0UY=
-20,16,CbW/zNp+bS6bIA6EuyhdiKIBfm4=,zmVyuMii8UUJgT3k9LNtPv/z9zg=
-22,21,CbW/zNp+bS6bIA6EuyhdiKIBfm4=,trZrXgFASIkRsliDVNghABGn7Ys=
-19,16,CbW/zNp+bS6bIA6EuyhdiKIBfm4=,zmVyuMii8UUJgT3k9LNtPv/z9zg=
-17,16,CbW/zNp+bS6bIA6EuyhdiKIBfm4=,3SzwDxwt2JyE9IjT2oBybnhU0UY=
-17,20,CbW/zNp+bS6bIA6EuyhdiKIBfm4=,jVAUJyvbkC3mAxD6w8X8KBnm8ZM=
-17,19,CbW/zNp+bS6bIA6EuyhdiKIBfm4=,pzRTxBgxNpri/t5xx5F6ADkdmuM=
-17,17,CbW/zNp+bS6bIA6EuyhdiKIBfm4=,3SzwDxwt2JyE9IjT2oBybnhU0UY=
-17,18,CbW/zNp+bS6bIA6EuyhdiKIBfm4=,pzRTxBgxNpri/t5xx5F6ADkdmuM=
-8,20,W2R+m9dR74tTlgIduNTHOsU25GU=,H8cbjsH9Cy4jHw8QK5zZrX2w8cg=
-9,20,W2R+m9dR74tTlgIduNTHOsU25GU=,LXKgZIw0htZcGuJet/XR/Cn1zW4=
-10,20,W2R+m9dR74tTlgIduNTHOsU25GU=,LXKgZIw0htZcGuJet/XR/Cn1zW4=
-11,20,W2R+m9dR74tTlgIduNTHOsU25GU=,48p91dNFH1bmwFq+VJpzrko5vIU=
-9,19,W2R+m9dR74tTlgIduNTHOsU25GU=,fOufhBqeKo63UttunQeVNEM4c90=
-8,19,W2R+m9dR74tTlgIduNTHOsU25GU=,6rn1nzECiqv5b93HqQPOeYQFYEw=
-11,19,W2R+m9dR74tTlgIduNTHOsU25GU=,C4Qcc/j90RO9watoA6QPnqO+Gqk=
-10,19,W2R+m9dR74tTlgIduNTHOsU25GU=,fOufhBqeKo63UttunQeVNEM4c90=
-5,18,HPqW7wBcreuo5lMLic+NdndGCcg=,YDg/+7z9GK8ysaP6Q6mTpUCEddc=
-5,17,HPqW7wBcreuo5lMLic+NdndGCcg=,h3QRGDl5+CwwMe8hNIzAK1qC5uc=
-4,17,HPqW7wBcreuo5lMLic+NdndGCcg=,L+K3RZKNegn2vGpStNhDfGwSJVU=
-4,18,HPqW7wBcreuo5lMLic+NdndGCcg=,pAgIL5fLjNK2kP6ZT+burVTD8U8=
-5,21,HPqW7wBcreuo5lMLic+NdndGCcg=,yI4I7ER+mYxvTHrS1u7fcg3dNEU=
-4,21,HPqW7wBcreuo5lMLic+NdndGCcg=,gflU/Iy7yVzxLQrFPRS7q2J4mAc=
-6,20,HPqW7wBcreuo5lMLic+NdndGCcg=,yI4I7ER+mYxvTHrS1u7fcg3dNEU=
-7,20,HPqW7wBcreuo5lMLic+NdndGCcg=,H8cbjsH9Cy4jHw8QK5zZrX2w8cg=
-5,20,HPqW7wBcreuo5lMLic+NdndGCcg=,yI4I7ER+mYxvTHrS1u7fcg3dNEU=
-4,20,HPqW7wBcreuo5lMLic+NdndGCcg=,gflU/Iy7yVzxLQrFPRS7q2J4mAc=
-6,19,HPqW7wBcreuo5lMLic+NdndGCcg=,YDg/+7z9GK8ysaP6Q6mTpUCEddc=
-4,19,HPqW7wBcreuo5lMLic+NdndGCcg=,pAgIL5fLjNK2kP6ZT+burVTD8U8=
-5,19,HPqW7wBcreuo5lMLic+NdndGCcg=,YDg/+7z9GK8ysaP6Q6mTpUCEddc=
-7,19,HPqW7wBcreuo5lMLic+NdndGCcg=,6rn1nzECiqv5b93HqQPOeYQFYEw=
-2,20,HPqW7wBcreuo5lMLic+NdndGCcg=,atd7gSxBDC2M/nIXqLDWxbScytQ=
-3,21,HPqW7wBcreuo5lMLic+NdndGCcg=,gflU/Iy7yVzxLQrFPRS7q2J4mAc=
-2,21,HPqW7wBcreuo5lMLic+NdndGCcg=,atd7gSxBDC2M/nIXqLDWxbScytQ=
-3,20,HPqW7wBcreuo5lMLic+NdndGCcg=,gflU/Iy7yVzxLQrFPRS7q2J4mAc=
-1,20,HPqW7wBcreuo5lMLic+NdndGCcg=,atd7gSxBDC2M/nIXqLDWxbScytQ=
-3,19,HPqW7wBcreuo5lMLic+NdndGCcg=,pAgIL5fLjNK2kP6ZT+burVTD8U8=
-2,19,HPqW7wBcreuo5lMLic+NdndGCcg=,3Ek/K85DHoZlYS2vAIwwFOGfecI=
-5,16,HPqW7wBcreuo5lMLic+NdndGCcg=,h3QRGDl5+CwwMe8hNIzAK1qC5uc=
-4,16,HPqW7wBcreuo5lMLic+NdndGCcg=,L+K3RZKNegn2vGpStNhDfGwSJVU=
-1,19,HPqW7wBcreuo5lMLic+NdndGCcg=,3Ek/K85DHoZlYS2vAIwwFOGfecI=
-3,17,0Fj5q9E8VMKZRNOsmE9xSAD0WQM=,L+K3RZKNegn2vGpStNhDfGwSJVU=
-3,16,0Fj5q9E8VMKZRNOsmE9xSAD0WQM=,L+K3RZKNegn2vGpStNhDfGwSJVU=
-3,18,0Fj5q9E8VMKZRNOsmE9xSAD0WQM=,pAgIL5fLjNK2kP6ZT+burVTD8U8=
-1,17,0Fj5q9E8VMKZRNOsmE9xSAD0WQM=,jMj2/akmQU8qfyCmyJctkD7YTrI=
-2,16,0Fj5q9E8VMKZRNOsmE9xSAD0WQM=,jMj2/akmQU8qfyCmyJctkD7YTrI=
-2,18,0Fj5q9E8VMKZRNOsmE9xSAD0WQM=,3Ek/K85DHoZlYS2vAIwwFOGfecI=
-2,17,0Fj5q9E8VMKZRNOsmE9xSAD0WQM=,jMj2/akmQU8qfyCmyJctkD7YTrI=
-1,18,0Fj5q9E8VMKZRNOsmE9xSAD0WQM=,3Ek/K85DHoZlYS2vAIwwFOGfecI=
-6,17,xYWo3HwDTtG3dbouLtPz5LLaFuM=,h3QRGDl5+CwwMe8hNIzAK1qC5uc=
-6,18,xYWo3HwDTtG3dbouLtPz5LLaFuM=,YDg/+7z9GK8ysaP6Q6mTpUCEddc=
-7,17,xYWo3HwDTtG3dbouLtPz5LLaFuM=,2gqklTLNX1o/5jEbTzpIPjJ8E1I=
-7,18,xYWo3HwDTtG3dbouLtPz5LLaFuM=,6rn1nzECiqv5b93HqQPOeYQFYEw=
-8,17,xYWo3HwDTtG3dbouLtPz5LLaFuM=,2gqklTLNX1o/5jEbTzpIPjJ8E1I=
-9,17,xYWo3HwDTtG3dbouLtPz5LLaFuM=,SSpdmsrrNjAYB0AmgJ55sjBR8vg=
-8,18,xYWo3HwDTtG3dbouLtPz5LLaFuM=,6rn1nzECiqv5b93HqQPOeYQFYEw=
-9,18,xYWo3HwDTtG3dbouLtPz5LLaFuM=,fOufhBqeKo63UttunQeVNEM4c90=
-10,17,xYWo3HwDTtG3dbouLtPz5LLaFuM=,SSpdmsrrNjAYB0AmgJ55sjBR8vg=
-10,18,xYWo3HwDTtG3dbouLtPz5LLaFuM=,fOufhBqeKo63UttunQeVNEM4c90=
-11,17,xYWo3HwDTtG3dbouLtPz5LLaFuM=,wzJ+eXRT2A8Zn77ZmSmz/aPku4c=
-11,18,xYWo3HwDTtG3dbouLtPz5LLaFuM=,C4Qcc/j90RO9watoA6QPnqO+Gqk=
-16,20,ZOi/YtE06nQw8bpcpu3QKcgy8IQ=,pn1i8YiDwWnSUZueNL6sgbe23FY=
-16,19,ujx9oCapsNwwr2EKyB32ybVSlbw=,pnBMGMkcbcMO2glRCaLEQv863PA=
-13,20,ujx9oCapsNwwr2EKyB32ybVSlbw=,CCdo4Ydi4bhR4y5y1GpZ35z+VhI=
-14,20,ujx9oCapsNwwr2EKyB32ybVSlbw=,CCdo4Ydi4bhR4y5y1GpZ35z+VhI=
-12,20,ujx9oCapsNwwr2EKyB32ybVSlbw=,48p91dNFH1bmwFq+VJpzrko5vIU=
-15,20,ujx9oCapsNwwr2EKyB32ybVSlbw=,pn1i8YiDwWnSUZueNL6sgbe23FY=
-15,19,ujx9oCapsNwwr2EKyB32ybVSlbw=,pnBMGMkcbcMO2glRCaLEQv863PA=
-12,17,ujx9oCapsNwwr2EKyB32ybVSlbw=,wzJ+eXRT2A8Zn77ZmSmz/aPku4c=
-14,19,ujx9oCapsNwwr2EKyB32ybVSlbw=,rE0FGfAGbs/CImeWkO0hqBfLgRM=
-13,19,ujx9oCapsNwwr2EKyB32ybVSlbw=,rE0FGfAGbs/CImeWkO0hqBfLgRM=
-12,18,ujx9oCapsNwwr2EKyB32ybVSlbw=,C4Qcc/j90RO9watoA6QPnqO+Gqk=
-13,18,ujx9oCapsNwwr2EKyB32ybVSlbw=,rE0FGfAGbs/CImeWkO0hqBfLgRM=
-11,16,ujx9oCapsNwwr2EKyB32ybVSlbw=,wzJ+eXRT2A8Zn77ZmSmz/aPku4c=
-13,17,ujx9oCapsNwwr2EKyB32ybVSlbw=,+7zAmIo0dfdvm2YVvYa+wSSVnZY=
-10,16,ujx9oCapsNwwr2EKyB32ybVSlbw=,SSpdmsrrNjAYB0AmgJ55sjBR8vg=
-6,21,ujx9oCapsNwwr2EKyB32ybVSlbw=,yI4I7ER+mYxvTHrS1u7fcg3dNEU=
-12,19,ujx9oCapsNwwr2EKyB32ybVSlbw=,C4Qcc/j90RO9watoA6QPnqO+Gqk=
-9,21,ujx9oCapsNwwr2EKyB32ybVSlbw=,LXKgZIw0htZcGuJet/XR/Cn1zW4=
-7,21,ujx9oCapsNwwr2EKyB32ybVSlbw=,H8cbjsH9Cy4jHw8QK5zZrX2w8cg=
-1,21,ujx9oCapsNwwr2EKyB32ybVSlbw=,atd7gSxBDC2M/nIXqLDWxbScytQ=
-11,21,ujx9oCapsNwwr2EKyB32ybVSlbw=,48p91dNFH1bmwFq+VJpzrko5vIU=
-8,21,ujx9oCapsNwwr2EKyB32ybVSlbw=,H8cbjsH9Cy4jHw8QK5zZrX2w8cg=
-13,21,ujx9oCapsNwwr2EKyB32ybVSlbw=,CCdo4Ydi4bhR4y5y1GpZ35z+VhI=
-10,21,ujx9oCapsNwwr2EKyB32ybVSlbw=,LXKgZIw0htZcGuJet/XR/Cn1zW4=
-12,21,ujx9oCapsNwwr2EKyB32ybVSlbw=,48p91dNFH1bmwFq+VJpzrko5vIU=
-14,21,ujx9oCapsNwwr2EKyB32ybVSlbw=,CCdo4Ydi4bhR4y5y1GpZ35z+VhI=
-15,21,ujx9oCapsNwwr2EKyB32ybVSlbw=,pn1i8YiDwWnSUZueNL6sgbe23FY=
-16,21,ujx9oCapsNwwr2EKyB32ybVSlbw=,pn1i8YiDwWnSUZueNL6sgbe23FY=
-15,18,ujx9oCapsNwwr2EKyB32ybVSlbw=,pnBMGMkcbcMO2glRCaLEQv863PA=
-16,18,ujx9oCapsNwwr2EKyB32ybVSlbw=,pnBMGMkcbcMO2glRCaLEQv863PA=
-14,17,ujx9oCapsNwwr2EKyB32ybVSlbw=,+7zAmIo0dfdvm2YVvYa+wSSVnZY=
-14,16,ujx9oCapsNwwr2EKyB32ybVSlbw=,+7zAmIo0dfdvm2YVvYa+wSSVnZY=
-1,16,ujx9oCapsNwwr2EKyB32ybVSlbw=,jMj2/akmQU8qfyCmyJctkD7YTrI=
-6,16,ujx9oCapsNwwr2EKyB32ybVSlbw=,h3QRGDl5+CwwMe8hNIzAK1qC5uc=
-7,16,ujx9oCapsNwwr2EKyB32ybVSlbw=,2gqklTLNX1o/5jEbTzpIPjJ8E1I=
-16,16,ujx9oCapsNwwr2EKyB32ybVSlbw=,+KvYT9SXiUeE77qeTO3eCnrPlkk=
-15,16,ujx9oCapsNwwr2EKyB32ybVSlbw=,+KvYT9SXiUeE77qeTO3eCnrPlkk=
-16,17,ujx9oCapsNwwr2EKyB32ybVSlbw=,+KvYT9SXiUeE77qeTO3eCnrPlkk=
-12,16,ujx9oCapsNwwr2EKyB32ybVSlbw=,wzJ+eXRT2A8Zn77ZmSmz/aPku4c=
-15,17,ujx9oCapsNwwr2EKyB32ybVSlbw=,+KvYT9SXiUeE77qeTO3eCnrPlkk=
-8,16,ujx9oCapsNwwr2EKyB32ybVSlbw=,2gqklTLNX1o/5jEbTzpIPjJ8E1I=
-13,16,ujx9oCapsNwwr2EKyB32ybVSlbw=,+7zAmIo0dfdvm2YVvYa+wSSVnZY=
-9,16,ujx9oCapsNwwr2EKyB32ybVSlbw=,SSpdmsrrNjAYB0AmgJ55sjBR8vg=
-14,18,ujx9oCapsNwwr2EKyB32ybVSlbw=,rE0FGfAGbs/CImeWkO0hqBfLgRM=
-3,2,ujx9oCapsNwwr2EKyB32ybVSlbw=,mgbo/S/lNQQ1phONP2kFQdMTx+A=
-2,1,ujx9oCapsNwwr2EKyB32ybVSlbw=,At4V/7LHlhnN2JZjv1T8LOfEMt8=
-2,2,ujx9oCapsNwwr2EKyB32ybVSlbw=,ToFqePAzqgqKkvBJshMFve7NycE=
-3,1,ujx9oCapsNwwr2EKyB32ybVSlbw=,l1FuL6QqONa2/U25dB0Y45dVVoA=
-4,2,qYg7pkQHi+WFuOEQL3mHRQpC1X8=,mgbo/S/lNQQ1phONP2kFQdMTx+A=
-4,4,qYg7pkQHi+WFuOEQL3mHRQpC1X8=,NpAfXn1gFioEAZVF2ZMDDR2bnCU=
-5,4,qYg7pkQHi+WFuOEQL3mHRQpC1X8=,5yJEAf8IflPxJgOihif2uDQdu0U=
-4,3,qYg7pkQHi+WFuOEQL3mHRQpC1X8=,mgbo/S/lNQQ1phONP2kFQdMTx+A=
-5,3,qYg7pkQHi+WFuOEQL3mHRQpC1X8=,pMsm1TCQnOuyesOELyPbhRSFAyA=
-4,1,qYg7pkQHi+WFuOEQL3mHRQpC1X8=,l1FuL6QqONa2/U25dB0Y45dVVoA=
-5,2,qYg7pkQHi+WFuOEQL3mHRQpC1X8=,pMsm1TCQnOuyesOELyPbhRSFAyA=
-5,1,qYg7pkQHi+WFuOEQL3mHRQpC1X8=,lzWkahdYYv63RHmeJ7xGB0K9R6c=
-3,4,qYg7pkQHi+WFuOEQL3mHRQpC1X8=,NpAfXn1gFioEAZVF2ZMDDR2bnCU=
-3,3,qYg7pkQHi+WFuOEQL3mHRQpC1X8=,mgbo/S/lNQQ1phONP2kFQdMTx+A=
-2,3,qYg7pkQHi+WFuOEQL3mHRQpC1X8=,ToFqePAzqgqKkvBJshMFve7NycE=
-2,4,qYg7pkQHi+WFuOEQL3mHRQpC1X8=,XUySrNV5rL+bgWl9hu7224tb+Po=
-2,6,qYg7pkQHi+WFuOEQL3mHRQpC1X8=,ukPbm20XImu395JKURM+rXv8Qd0=
-3,6,qYg7pkQHi+WFuOEQL3mHRQpC1X8=,s4du32TsruivH8msDUtJOBuprJE=
-2,5,qYg7pkQHi+WFuOEQL3mHRQpC1X8=,XUySrNV5rL+bgWl9hu7224tb+Po=
-3,5,qYg7pkQHi+WFuOEQL3mHRQpC1X8=,NpAfXn1gFioEAZVF2ZMDDR2bnCU=
-2,7,rL4vxYP/L5SSF+hpCSMgLt3zIgI=,ukPbm20XImu395JKURM+rXv8Qd0=
-3,7,rL4vxYP/L5SSF+hpCSMgLt3zIgI=,s4du32TsruivH8msDUtJOBuprJE=
-2,8,rL4vxYP/L5SSF+hpCSMgLt3zIgI=,MOyEXUn1tO8ok/+3j/ZBSeCHURo=
-3,8,rL4vxYP/L5SSF+hpCSMgLt3zIgI=,bjwrMhDKYx8TEFMMRtGDYx80cjE=
-4,9,rL4vxYP/L5SSF+hpCSMgLt3zIgI=,bjwrMhDKYx8TEFMMRtGDYx80cjE=
-5,9,rL4vxYP/L5SSF+hpCSMgLt3zIgI=,AGxMvoX6N6Wt/BZxKesY39OsJ40=
-4,10,rL4vxYP/L5SSF+hpCSMgLt3zIgI=,t8DBb8TbPkFnZyuFW3VhImRfS98=
-5,10,rL4vxYP/L5SSF+hpCSMgLt3zIgI=,A4Mr8Og6OvlOY9+0QBGTDNMfAC0=
-2,9,4tnlK8uOGiQU/RBZTLlWFoyZGRs=,MOyEXUn1tO8ok/+3j/ZBSeCHURo=
-3,9,4tnlK8uOGiQU/RBZTLlWFoyZGRs=,bjwrMhDKYx8TEFMMRtGDYx80cjE=
-3,10,4tnlK8uOGiQU/RBZTLlWFoyZGRs=,t8DBb8TbPkFnZyuFW3VhImRfS98=
-2,10,4tnlK8uOGiQU/RBZTLlWFoyZGRs=,xGASjmGRvQgXsD2ZCesUCl+K4ls=
-5,12,4tnlK8uOGiQU/RBZTLlWFoyZGRs=,4ENLNGdnF7v/0JIj2k0EaHmWhG8=
-4,12,4tnlK8uOGiQU/RBZTLlWFoyZGRs=,JMBJ7AE6jvAqrjH3zYZGPBZz4dE=
-5,11,4tnlK8uOGiQU/RBZTLlWFoyZGRs=,A4Mr8Og6OvlOY9+0QBGTDNMfAC0=
-4,11,4tnlK8uOGiQU/RBZTLlWFoyZGRs=,t8DBb8TbPkFnZyuFW3VhImRfS98=
-3,12,fe5/gr7ubfGOnDnXU2esnKG6qi8=,JMBJ7AE6jvAqrjH3zYZGPBZz4dE=
-2,11,fe5/gr7ubfGOnDnXU2esnKG6qi8=,xGASjmGRvQgXsD2ZCesUCl+K4ls=
-3,11,fe5/gr7ubfGOnDnXU2esnKG6qi8=,t8DBb8TbPkFnZyuFW3VhImRfS98=
-2,12,fe5/gr7ubfGOnDnXU2esnKG6qi8=,KBGpCK+6OujW0HPFsGPq9YqfXGI=
-5,13,ULrWhZfiQCW5I19lmuLcmvrqFOU=,4ENLNGdnF7v/0JIj2k0EaHmWhG8=
-5,14,ULrWhZfiQCW5I19lmuLcmvrqFOU=,NMlKxBtz+LbINKF17EulkBa24ZA=
-4,13,ULrWhZfiQCW5I19lmuLcmvrqFOU=,JMBJ7AE6jvAqrjH3zYZGPBZz4dE=
-4,14,ULrWhZfiQCW5I19lmuLcmvrqFOU=,jHsu0Ydun2P/ZTXkcYwA/uw+Asw=
-3,14,ULrWhZfiQCW5I19lmuLcmvrqFOU=,jHsu0Ydun2P/ZTXkcYwA/uw+Asw=
-3,13,ULrWhZfiQCW5I19lmuLcmvrqFOU=,JMBJ7AE6jvAqrjH3zYZGPBZz4dE=
-2,13,ULrWhZfiQCW5I19lmuLcmvrqFOU=,KBGpCK+6OujW0HPFsGPq9YqfXGI=
-2,14,ULrWhZfiQCW5I19lmuLcmvrqFOU=,CZm7nV2lurnWCmWam3+0NSlgIws=
-6,13,E3E1rLubfIoUc9B8OotxQwG8ER0=,4ENLNGdnF7v/0JIj2k0EaHmWhG8=
-7,14,E3E1rLubfIoUc9B8OotxQwG8ER0=,mTDg3qWIpUVmUwcL+sKLv3vueKo=
-6,14,E3E1rLubfIoUc9B8OotxQwG8ER0=,NMlKxBtz+LbINKF17EulkBa24ZA=
-7,13,E3E1rLubfIoUc9B8OotxQwG8ER0=,2rl7EtqWK+g9NamwTtGYQoliWAk=
-8,14,z2howMBVMnFz9x7zY65qehwDJps=,mTDg3qWIpUVmUwcL+sKLv3vueKo=
-9,14,z2howMBVMnFz9x7zY65qehwDJps=,Wd3CJnPEsD0I1oc47rrnzOWXSvI=
-8,13,z2howMBVMnFz9x7zY65qehwDJps=,2rl7EtqWK+g9NamwTtGYQoliWAk=
-9,13,z2howMBVMnFz9x7zY65qehwDJps=,aOuxpLZscU4HjpsAYdN0GVXZR8E=
-10,14,ufnmWqpr0wDyoU9RuDtNkWDY0vM=,Wd3CJnPEsD0I1oc47rrnzOWXSvI=
-10,13,ufnmWqpr0wDyoU9RuDtNkWDY0vM=,aOuxpLZscU4HjpsAYdN0GVXZR8E=
-11,13,ufnmWqpr0wDyoU9RuDtNkWDY0vM=,iAE8yUUTATRZjt2YOFTET3lTd2k=
-11,14,ufnmWqpr0wDyoU9RuDtNkWDY0vM=,HbpUZk8JRLtLZRms0fUuK8QjM4o=
-13,12,yUgHh6DtMCnOfvjQvTjeta0Yp3g=,aEBrF8XnIj8hC/FyrlGqixJuSOw=
-13,11,yUgHh6DtMCnOfvjQvTjeta0Yp3g=,tUZoeBB/sUdEFJuhdK1e5/OZ2Yo=
-12,12,yUgHh6DtMCnOfvjQvTjeta0Yp3g=,iAE8yUUTATRZjt2YOFTET3lTd2k=
-12,11,yUgHh6DtMCnOfvjQvTjeta0Yp3g=,/D0Lqv0IGoXElWW7zqlOXmL5XSs=
-13,13,yUgHh6DtMCnOfvjQvTjeta0Yp3g=,aEBrF8XnIj8hC/FyrlGqixJuSOw=
-12,13,yUgHh6DtMCnOfvjQvTjeta0Yp3g=,iAE8yUUTATRZjt2YOFTET3lTd2k=
-13,14,yUgHh6DtMCnOfvjQvTjeta0Yp3g=,eY5bEYWCLTZHtlRGbo6+CRCImBo=
-12,14,yUgHh6DtMCnOfvjQvTjeta0Yp3g=,HbpUZk8JRLtLZRms0fUuK8QjM4o=
-11,12,FDYjMJbYlUvZbOA9jIsfkPBi3xQ=,iAE8yUUTATRZjt2YOFTET3lTd2k=
-11,11,FDYjMJbYlUvZbOA9jIsfkPBi3xQ=,/D0Lqv0IGoXElWW7zqlOXmL5XSs=
-10,12,FDYjMJbYlUvZbOA9jIsfkPBi3xQ=,aOuxpLZscU4HjpsAYdN0GVXZR8E=
-10,11,FDYjMJbYlUvZbOA9jIsfkPBi3xQ=,aU7jcEo46ILLh3zu9fy4aTfiMeY=
-14,14,FDYjMJbYlUvZbOA9jIsfkPBi3xQ=,eY5bEYWCLTZHtlRGbo6+CRCImBo=
-14,13,FDYjMJbYlUvZbOA9jIsfkPBi3xQ=,aEBrF8XnIj8hC/FyrlGqixJuSOw=
-15,13,FDYjMJbYlUvZbOA9jIsfkPBi3xQ=,ZAaw5jNvHuqiteRda+RkKxRUY+g=
-15,14,FDYjMJbYlUvZbOA9jIsfkPBi3xQ=,WRtTsoeijSG2D3zLbNugib16lJ0=
-11,3,nDFZ21c9quZFGLhYuSGGgIXmbO8=,Xh3vqULB2p63Mt3wQa7yNLSwqSg=
-10,4,nDFZ21c9quZFGLhYuSGGgIXmbO8=,AHi5g2jS3uKITkkGzgogCr+RuMI=
-10,3,nDFZ21c9quZFGLhYuSGGgIXmbO8=,j1raFvT2OxobugCq7yrK5uyChxE=
-10,5,nDFZ21c9quZFGLhYuSGGgIXmbO8=,AHi5g2jS3uKITkkGzgogCr+RuMI=
-11,4,nDFZ21c9quZFGLhYuSGGgIXmbO8=,RFpXzuV4+F+4eU8MLSa2PFjMfkM=
-10,6,nDFZ21c9quZFGLhYuSGGgIXmbO8=,A619uEcZomN31Q489RjDWuXTtlk=
-11,5,nDFZ21c9quZFGLhYuSGGgIXmbO8=,RFpXzuV4+F+4eU8MLSa2PFjMfkM=
-11,6,nDFZ21c9quZFGLhYuSGGgIXmbO8=,wd+gonJLYtvC4+PLy3ggIdcFZ5Q=
-13,6,v/jEcQaP5ACCT2HW///rf3cTsCA=,wfFLsGRpPMopWCYyCZjs9RkF+Cs=
-12,6,v/jEcQaP5ACCT2HW///rf3cTsCA=,wd+gonJLYtvC4+PLy3ggIdcFZ5Q=
-13,5,v/jEcQaP5ACCT2HW///rf3cTsCA=,IApGbYrDhlCDyPKG/quv4Z4nHvc=
-12,5,v/jEcQaP5ACCT2HW///rf3cTsCA=,RFpXzuV4+F+4eU8MLSa2PFjMfkM=
-14,5,VPuI7yTSdOka6RPQX+uezjk8AOc=,IApGbYrDhlCDyPKG/quv4Z4nHvc=
-14,6,VPuI7yTSdOka6RPQX+uezjk8AOc=,wfFLsGRpPMopWCYyCZjs9RkF+Cs=
-15,5,VPuI7yTSdOka6RPQX+uezjk8AOc=,kU08luJh56vLsWNwBZGkAG0VaIo=
-15,6,VPuI7yTSdOka6RPQX+uezjk8AOc=,9Axfi+f1dIzPsWkjSNaIVbuSAxQ=
-12,3,VPuI7yTSdOka6RPQX+uezjk8AOc=,Xh3vqULB2p63Mt3wQa7yNLSwqSg=
-12,4,VPuI7yTSdOka6RPQX+uezjk8AOc=,RFpXzuV4+F+4eU8MLSa2PFjMfkM=
-13,4,VPuI7yTSdOka6RPQX+uezjk8AOc=,IApGbYrDhlCDyPKG/quv4Z4nHvc=
-13,3,VPuI7yTSdOka6RPQX+uezjk8AOc=,7Mmm1f7VJ38KtvAKECO/F0OCGno=
-14,3,sLmJ18d3ctKfNKqk12YxhtyhWeo=,7Mmm1f7VJ38KtvAKECO/F0OCGno=
-15,4,sLmJ18d3ctKfNKqk12YxhtyhWeo=,kU08luJh56vLsWNwBZGkAG0VaIo=
-14,4,sLmJ18d3ctKfNKqk12YxhtyhWeo=,IApGbYrDhlCDyPKG/quv4Z4nHvc=
-15,3,sLmJ18d3ctKfNKqk12YxhtyhWeo=,mLtOxTtzsEFhz0e0g09qyNUNkYU=
-14,2,Ki4cAqnh/Dcn9Vgc/8NvBR9x75k=,7Mmm1f7VJ38KtvAKECO/F0OCGno=
-15,1,Ki4cAqnh/Dcn9Vgc/8NvBR9x75k=,9kkI6KRwJzsDxCTywRcxpzCKIyU=
-15,2,Ki4cAqnh/Dcn9Vgc/8NvBR9x75k=,mLtOxTtzsEFhz0e0g09qyNUNkYU=
-14,1,Ki4cAqnh/Dcn9Vgc/8NvBR9x75k=,Ebcw2NMJIJYq/JBtpEcrB81mbYE=
-12,2,Ki4cAqnh/Dcn9Vgc/8NvBR9x75k=,Xh3vqULB2p63Mt3wQa7yNLSwqSg=
-13,1,Ki4cAqnh/Dcn9Vgc/8NvBR9x75k=,Ebcw2NMJIJYq/JBtpEcrB81mbYE=
-12,1,Ki4cAqnh/Dcn9Vgc/8NvBR9x75k=,/yen/Bi/8dUDg4yhkawPuG40II0=
-13,2,Ki4cAqnh/Dcn9Vgc/8NvBR9x75k=,7Mmm1f7VJ38KtvAKECO/F0OCGno=
-10,1,Ki4cAqnh/Dcn9Vgc/8NvBR9x75k=,kMwAOO61EuKZthzyz1qCQDUCC0I=
-11,1,Ki4cAqnh/Dcn9Vgc/8NvBR9x75k=,/yen/Bi/8dUDg4yhkawPuG40II0=
-11,2,Ki4cAqnh/Dcn9Vgc/8NvBR9x75k=,Xh3vqULB2p63Mt3wQa7yNLSwqSg=
-10,2,Ki4cAqnh/Dcn9Vgc/8NvBR9x75k=,j1raFvT2OxobugCq7yrK5uyChxE=
-9,1,Ki4cAqnh/Dcn9Vgc/8NvBR9x75k=,kMwAOO61EuKZthzyz1qCQDUCC0I=
-7,1,Ki4cAqnh/Dcn9Vgc/8NvBR9x75k=,ozTwJxaOVX20FD4q2eWPY8sPNMQ=
-9,4,Ki4cAqnh/Dcn9Vgc/8NvBR9x75k=,AHi5g2jS3uKITkkGzgogCr+RuMI=
-6,1,Ki4cAqnh/Dcn9Vgc/8NvBR9x75k=,lzWkahdYYv63RHmeJ7xGB0K9R6c=
-6,4,Ki4cAqnh/Dcn9Vgc/8NvBR9x75k=,5yJEAf8IflPxJgOihif2uDQdu0U=
-8,1,RSrpEs/6adDHMh4pQol24IYk2r4=,ozTwJxaOVX20FD4q2eWPY8sPNMQ=
-6,2,RSrpEs/6adDHMh4pQol24IYk2r4=,pMsm1TCQnOuyesOELyPbhRSFAyA=
-8,4,RSrpEs/6adDHMh4pQol24IYk2r4=,B1k+JUXxEj0Wpj4nKl2w1mrqms4=
-7,2,RSrpEs/6adDHMh4pQol24IYk2r4=,dgyLXu/Xws+B8CSDOTuxl7NpaTQ=
-7,4,RSrpEs/6adDHMh4pQol24IYk2r4=,B1k+JUXxEj0Wpj4nKl2w1mrqms4=
-9,3,RSrpEs/6adDHMh4pQol24IYk2r4=,j1raFvT2OxobugCq7yrK5uyChxE=
-8,3,RSrpEs/6adDHMh4pQol24IYk2r4=,dgyLXu/Xws+B8CSDOTuxl7NpaTQ=
-8,2,RSrpEs/6adDHMh4pQol24IYk2r4=,dgyLXu/Xws+B8CSDOTuxl7NpaTQ=
-7,3,RSrpEs/6adDHMh4pQol24IYk2r4=,dgyLXu/Xws+B8CSDOTuxl7NpaTQ=
-9,2,RSrpEs/6adDHMh4pQol24IYk2r4=,j1raFvT2OxobugCq7yrK5uyChxE=
-6,3,iHojsQKGx2HubnEMK+/txKt4OPU=,pMsm1TCQnOuyesOELyPbhRSFAyA=
-9,6,iHojsQKGx2HubnEMK+/txKt4OPU=,A619uEcZomN31Q489RjDWuXTtlk=
-9,5,iHojsQKGx2HubnEMK+/txKt4OPU=,AHi5g2jS3uKITkkGzgogCr+RuMI=
-8,5,iHojsQKGx2HubnEMK+/txKt4OPU=,B1k+JUXxEj0Wpj4nKl2w1mrqms4=
-1,1,iHojsQKGx2HubnEMK+/txKt4OPU=,At4V/7LHlhnN2JZjv1T8LOfEMt8=
-1,2,iHojsQKGx2HubnEMK+/txKt4OPU=,ToFqePAzqgqKkvBJshMFve7NycE=
-1,4,iHojsQKGx2HubnEMK+/txKt4OPU=,XUySrNV5rL+bgWl9hu7224tb+Po=
-1,3,iHojsQKGx2HubnEMK+/txKt4OPU=,ToFqePAzqgqKkvBJshMFve7NycE=
-1,5,iHojsQKGx2HubnEMK+/txKt4OPU=,XUySrNV5rL+bgWl9hu7224tb+Po=
-8,6,iHojsQKGx2HubnEMK+/txKt4OPU=,pBGbyiPkkkXx8jOpw2YdM5Hm/fM=
-1,6,iHojsQKGx2HubnEMK+/txKt4OPU=,ukPbm20XImu395JKURM+rXv8Qd0=
-1,8,iHojsQKGx2HubnEMK+/txKt4OPU=,MOyEXUn1tO8ok/+3j/ZBSeCHURo=
-1,7,iHojsQKGx2HubnEMK+/txKt4OPU=,ukPbm20XImu395JKURM+rXv8Qd0=
-1,9,iHojsQKGx2HubnEMK+/txKt4OPU=,MOyEXUn1tO8ok/+3j/ZBSeCHURo=
-1,10,iHojsQKGx2HubnEMK+/txKt4OPU=,xGASjmGRvQgXsD2ZCesUCl+K4ls=
-1,12,iHojsQKGx2HubnEMK+/txKt4OPU=,KBGpCK+6OujW0HPFsGPq9YqfXGI=
-1,11,iHojsQKGx2HubnEMK+/txKt4OPU=,xGASjmGRvQgXsD2ZCesUCl+K4ls=
-1,13,iHojsQKGx2HubnEMK+/txKt4OPU=,KBGpCK+6OujW0HPFsGPq9YqfXGI=
-1,14,iHojsQKGx2HubnEMK+/txKt4OPU=,CZm7nV2lurnWCmWam3+0NSlgIws=
-4,8,iHojsQKGx2HubnEMK+/txKt4OPU=,bjwrMhDKYx8TEFMMRtGDYx80cjE=
-5,8,iHojsQKGx2HubnEMK+/txKt4OPU=,AGxMvoX6N6Wt/BZxKesY39OsJ40=
-7,6,iHojsQKGx2HubnEMK+/txKt4OPU=,pBGbyiPkkkXx8jOpw2YdM5Hm/fM=
-6,5,iHojsQKGx2HubnEMK+/txKt4OPU=,5yJEAf8IflPxJgOihif2uDQdu0U=
-6,6,iHojsQKGx2HubnEMK+/txKt4OPU=,zTZurNl2Umbv54lfp61A5/L0DxY=
-5,5,iHojsQKGx2HubnEMK+/txKt4OPU=,5yJEAf8IflPxJgOihif2uDQdu0U=
-7,5,iHojsQKGx2HubnEMK+/txKt4OPU=,B1k+JUXxEj0Wpj4nKl2w1mrqms4=
-5,7,iHojsQKGx2HubnEMK+/txKt4OPU=,zTZurNl2Umbv54lfp61A5/L0DxY=
-4,7,iHojsQKGx2HubnEMK+/txKt4OPU=,s4du32TsruivH8msDUtJOBuprJE=
-5,6,iHojsQKGx2HubnEMK+/txKt4OPU=,zTZurNl2Umbv54lfp61A5/L0DxY=
-4,6,iHojsQKGx2HubnEMK+/txKt4OPU=,s4du32TsruivH8msDUtJOBuprJE=
-3,15,iHojsQKGx2HubnEMK+/txKt4OPU=,jHsu0Ydun2P/ZTXkcYwA/uw+Asw=
-4,5,iHojsQKGx2HubnEMK+/txKt4OPU=,NpAfXn1gFioEAZVF2ZMDDR2bnCU=
-5,15,iHojsQKGx2HubnEMK+/txKt4OPU=,NMlKxBtz+LbINKF17EulkBa24ZA=
-2,15,iHojsQKGx2HubnEMK+/txKt4OPU=,CZm7nV2lurnWCmWam3+0NSlgIws=
-6,15,iHojsQKGx2HubnEMK+/txKt4OPU=,NMlKxBtz+LbINKF17EulkBa24ZA=
-4,15,iHojsQKGx2HubnEMK+/txKt4OPU=,jHsu0Ydun2P/ZTXkcYwA/uw+Asw=
-7,15,iHojsQKGx2HubnEMK+/txKt4OPU=,mTDg3qWIpUVmUwcL+sKLv3vueKo=
-11,15,iHojsQKGx2HubnEMK+/txKt4OPU=,HbpUZk8JRLtLZRms0fUuK8QjM4o=
-10,15,iHojsQKGx2HubnEMK+/txKt4OPU=,Wd3CJnPEsD0I1oc47rrnzOWXSvI=
-9,15,iHojsQKGx2HubnEMK+/txKt4OPU=,Wd3CJnPEsD0I1oc47rrnzOWXSvI=
-8,15,iHojsQKGx2HubnEMK+/txKt4OPU=,mTDg3qWIpUVmUwcL+sKLv3vueKo=
-13,15,iHojsQKGx2HubnEMK+/txKt4OPU=,eY5bEYWCLTZHtlRGbo6+CRCImBo=
-15,15,iHojsQKGx2HubnEMK+/txKt4OPU=,WRtTsoeijSG2D3zLbNugib16lJ0=
-12,15,iHojsQKGx2HubnEMK+/txKt4OPU=,HbpUZk8JRLtLZRms0fUuK8QjM4o=
-14,15,iHojsQKGx2HubnEMK+/txKt4OPU=,eY5bEYWCLTZHtlRGbo6+CRCImBo=
-16,14,iHojsQKGx2HubnEMK+/txKt4OPU=,WRtTsoeijSG2D3zLbNugib16lJ0=
-16,13,iHojsQKGx2HubnEMK+/txKt4OPU=,ZAaw5jNvHuqiteRda+RkKxRUY+g=
-9,7,iHojsQKGx2HubnEMK+/txKt4OPU=,A619uEcZomN31Q489RjDWuXTtlk=
-7,7,iHojsQKGx2HubnEMK+/txKt4OPU=,pBGbyiPkkkXx8jOpw2YdM5Hm/fM=
-7,8,iHojsQKGx2HubnEMK+/txKt4OPU=,1LHcK3r+oHGyn69S5TRstXVQyEA=
-8,8,iHojsQKGx2HubnEMK+/txKt4OPU=,1LHcK3r+oHGyn69S5TRstXVQyEA=
-6,8,iHojsQKGx2HubnEMK+/txKt4OPU=,AGxMvoX6N6Wt/BZxKesY39OsJ40=
-9,8,iHojsQKGx2HubnEMK+/txKt4OPU=,flPS5SrafXsgQr42VpcrbMFJHvc=
-8,7,iHojsQKGx2HubnEMK+/txKt4OPU=,pBGbyiPkkkXx8jOpw2YdM5Hm/fM=
-6,7,iHojsQKGx2HubnEMK+/txKt4OPU=,zTZurNl2Umbv54lfp61A5/L0DxY=
-6,12,iHojsQKGx2HubnEMK+/txKt4OPU=,4ENLNGdnF7v/0JIj2k0EaHmWhG8=
-7,12,iHojsQKGx2HubnEMK+/txKt4OPU=,2rl7EtqWK+g9NamwTtGYQoliWAk=
-6,11,LwdVqg5GswWeYOBWlX8923I+Spc=,A4Mr8Og6OvlOY9+0QBGTDNMfAC0=
-7,9,LwdVqg5GswWeYOBWlX8923I+Spc=,1LHcK3r+oHGyn69S5TRstXVQyEA=
-6,9,LwdVqg5GswWeYOBWlX8923I+Spc=,AGxMvoX6N6Wt/BZxKesY39OsJ40=
-8,9,LwdVqg5GswWeYOBWlX8923I+Spc=,1LHcK3r+oHGyn69S5TRstXVQyEA=
-9,11,LwdVqg5GswWeYOBWlX8923I+Spc=,aU7jcEo46ILLh3zu9fy4aTfiMeY=
-8,12,LwdVqg5GswWeYOBWlX8923I+Spc=,2rl7EtqWK+g9NamwTtGYQoliWAk=
-6,10,LwdVqg5GswWeYOBWlX8923I+Spc=,A4Mr8Og6OvlOY9+0QBGTDNMfAC0=
-9,12,LwdVqg5GswWeYOBWlX8923I+Spc=,aOuxpLZscU4HjpsAYdN0GVXZR8E=
-9,10,LwdVqg5GswWeYOBWlX8923I+Spc=,aU7jcEo46ILLh3zu9fy4aTfiMeY=
-8,10,LwdVqg5GswWeYOBWlX8923I+Spc=,dlyoqHLO54+QLcPAQMBuKByI648=
-7,11,LwdVqg5GswWeYOBWlX8923I+Spc=,dlyoqHLO54+QLcPAQMBuKByI648=
-9,9,LwdVqg5GswWeYOBWlX8923I+Spc=,flPS5SrafXsgQr42VpcrbMFJHvc=
-7,10,LwdVqg5GswWeYOBWlX8923I+Spc=,dlyoqHLO54+QLcPAQMBuKByI648=
-14,12,LwdVqg5GswWeYOBWlX8923I+Spc=,aEBrF8XnIj8hC/FyrlGqixJuSOw=
-8,11,LwdVqg5GswWeYOBWlX8923I+Spc=,dlyoqHLO54+QLcPAQMBuKByI648=
-15,11,LwdVqg5GswWeYOBWlX8923I+Spc=,PWB+SPyLcdfYLiZPP5dGx7PrvP4=
-14,11,QAI/HGlAz0h11nyU9jnBQ1PPNC4=,tUZoeBB/sUdEFJuhdK1e5/OZ2Yo=
-15,12,QAI/HGlAz0h11nyU9jnBQ1PPNC4=,ZAaw5jNvHuqiteRda+RkKxRUY+g=
-16,5,QAI/HGlAz0h11nyU9jnBQ1PPNC4=,kU08luJh56vLsWNwBZGkAG0VaIo=
-16,6,QAI/HGlAz0h11nyU9jnBQ1PPNC4=,9Axfi+f1dIzPsWkjSNaIVbuSAxQ=
-16,7,QAI/HGlAz0h11nyU9jnBQ1PPNC4=,9Axfi+f1dIzPsWkjSNaIVbuSAxQ=
-16,3,QAI/HGlAz0h11nyU9jnBQ1PPNC4=,mLtOxTtzsEFhz0e0g09qyNUNkYU=
-16,4,QAI/HGlAz0h11nyU9jnBQ1PPNC4=,kU08luJh56vLsWNwBZGkAG0VaIo=
-16,1,QAI/HGlAz0h11nyU9jnBQ1PPNC4=,9kkI6KRwJzsDxCTywRcxpzCKIyU=
-15,0,QAI/HGlAz0h11nyU9jnBQ1PPNC4=,9kkI6KRwJzsDxCTywRcxpzCKIyU=
-13,0,QAI/HGlAz0h11nyU9jnBQ1PPNC4=,Ebcw2NMJIJYq/JBtpEcrB81mbYE=
-10,0,QAI/HGlAz0h11nyU9jnBQ1PPNC4=,kMwAOO61EuKZthzyz1qCQDUCC0I=
-14,0,QAI/HGlAz0h11nyU9jnBQ1PPNC4=,Ebcw2NMJIJYq/JBtpEcrB81mbYE=
-12,0,QAI/HGlAz0h11nyU9jnBQ1PPNC4=,/yen/Bi/8dUDg4yhkawPuG40II0=
-16,8,QAI/HGlAz0h11nyU9jnBQ1PPNC4=,110oXkQnf7seVzypmvFAi/vIOI8=
-11,0,QAI/HGlAz0h11nyU9jnBQ1PPNC4=,/yen/Bi/8dUDg4yhkawPuG40II0=
-8,0,QAI/HGlAz0h11nyU9jnBQ1PPNC4=,ozTwJxaOVX20FD4q2eWPY8sPNMQ=
-6,0,QAI/HGlAz0h11nyU9jnBQ1PPNC4=,lzWkahdYYv63RHmeJ7xGB0K9R6c=
-9,0,QAI/HGlAz0h11nyU9jnBQ1PPNC4=,kMwAOO61EuKZthzyz1qCQDUCC0I=
-16,2,QAI/HGlAz0h11nyU9jnBQ1PPNC4=,mLtOxTtzsEFhz0e0g09qyNUNkYU=
-4,0,QAI/HGlAz0h11nyU9jnBQ1PPNC4=,l1FuL6QqONa2/U25dB0Y45dVVoA=
-5,0,QAI/HGlAz0h11nyU9jnBQ1PPNC4=,lzWkahdYYv63RHmeJ7xGB0K9R6c=
-7,0,QAI/HGlAz0h11nyU9jnBQ1PPNC4=,ozTwJxaOVX20FD4q2eWPY8sPNMQ=
-16,15,QAI/HGlAz0h11nyU9jnBQ1PPNC4=,WRtTsoeijSG2D3zLbNugib16lJ0=
-16,0,QAI/HGlAz0h11nyU9jnBQ1PPNC4=,9kkI6KRwJzsDxCTywRcxpzCKIyU=
-3,0,QAI/HGlAz0h11nyU9jnBQ1PPNC4=,l1FuL6QqONa2/U25dB0Y45dVVoA=
-1,0,QAI/HGlAz0h11nyU9jnBQ1PPNC4=,At4V/7LHlhnN2JZjv1T8LOfEMt8=
-2,0,QAI/HGlAz0h11nyU9jnBQ1PPNC4=,At4V/7LHlhnN2JZjv1T8LOfEMt8=
-1,15,QAI/HGlAz0h11nyU9jnBQ1PPNC4=,CZm7nV2lurnWCmWam3+0NSlgIws=
-16,10,QAI/HGlAz0h11nyU9jnBQ1PPNC4=,PWB+SPyLcdfYLiZPP5dGx7PrvP4=
-16,9,QAI/HGlAz0h11nyU9jnBQ1PPNC4=,110oXkQnf7seVzypmvFAi/vIOI8=
-15,7,QAI/HGlAz0h11nyU9jnBQ1PPNC4=,9Axfi+f1dIzPsWkjSNaIVbuSAxQ=
-16,12,QAI/HGlAz0h11nyU9jnBQ1PPNC4=,ZAaw5jNvHuqiteRda+RkKxRUY+g=
-16,11,QAI/HGlAz0h11nyU9jnBQ1PPNC4=,PWB+SPyLcdfYLiZPP5dGx7PrvP4=
-14,7,QAI/HGlAz0h11nyU9jnBQ1PPNC4=,wfFLsGRpPMopWCYyCZjs9RkF+Cs=
-15,9,QAI/HGlAz0h11nyU9jnBQ1PPNC4=,110oXkQnf7seVzypmvFAi/vIOI8=
-15,10,QAI/HGlAz0h11nyU9jnBQ1PPNC4=,PWB+SPyLcdfYLiZPP5dGx7PrvP4=
-15,8,QAI/HGlAz0h11nyU9jnBQ1PPNC4=,110oXkQnf7seVzypmvFAi/vIOI8=
-14,10,QAI/HGlAz0h11nyU9jnBQ1PPNC4=,tUZoeBB/sUdEFJuhdK1e5/OZ2Yo=
-11,10,QAI/HGlAz0h11nyU9jnBQ1PPNC4=,/D0Lqv0IGoXElWW7zqlOXmL5XSs=
-10,9,QAI/HGlAz0h11nyU9jnBQ1PPNC4=,flPS5SrafXsgQr42VpcrbMFJHvc=
-13,7,QAI/HGlAz0h11nyU9jnBQ1PPNC4=,wfFLsGRpPMopWCYyCZjs9RkF+Cs=
-10,8,QAI/HGlAz0h11nyU9jnBQ1PPNC4=,flPS5SrafXsgQr42VpcrbMFJHvc=
-14,8,QAI/HGlAz0h11nyU9jnBQ1PPNC4=,7WKXSjSMomsmArd9l/WGjicOXqM=
-11,8,QAI/HGlAz0h11nyU9jnBQ1PPNC4=,D6Y7/gu0TLCh6jQ7ZTkrDLdzf48=
-13,9,QAI/HGlAz0h11nyU9jnBQ1PPNC4=,7WKXSjSMomsmArd9l/WGjicOXqM=
-10,10,QAI/HGlAz0h11nyU9jnBQ1PPNC4=,aU7jcEo46ILLh3zu9fy4aTfiMeY=
-11,7,QAI/HGlAz0h11nyU9jnBQ1PPNC4=,wd+gonJLYtvC4+PLy3ggIdcFZ5Q=
-12,9,QAI/HGlAz0h11nyU9jnBQ1PPNC4=,D6Y7/gu0TLCh6jQ7ZTkrDLdzf48=
-11,9,QAI/HGlAz0h11nyU9jnBQ1PPNC4=,D6Y7/gu0TLCh6jQ7ZTkrDLdzf48=
-12,7,QAI/HGlAz0h11nyU9jnBQ1PPNC4=,wd+gonJLYtvC4+PLy3ggIdcFZ5Q=
-14,9,QAI/HGlAz0h11nyU9jnBQ1PPNC4=,7WKXSjSMomsmArd9l/WGjicOXqM=
-10,7,QAI/HGlAz0h11nyU9jnBQ1PPNC4=,A619uEcZomN31Q489RjDWuXTtlk=
-12,8,QAI/HGlAz0h11nyU9jnBQ1PPNC4=,D6Y7/gu0TLCh6jQ7ZTkrDLdzf48=
-12,10,QAI/HGlAz0h11nyU9jnBQ1PPNC4=,/D0Lqv0IGoXElWW7zqlOXmL5XSs=
-13,10,QAI/HGlAz0h11nyU9jnBQ1PPNC4=,tUZoeBB/sUdEFJuhdK1e5/OZ2Yo=
-13,8,QAI/HGlAz0h11nyU9jnBQ1PPNC4=,7WKXSjSMomsmArd9l/WGjicOXqM=
