-2,-71,De+PjCmCR/JLUMz9gb5wmT933hY=,BNEWwwuXKeXOe0iRHj3XnU9aGRQ=
-6,-71,De+PjCmCR/JLUMz9gb5wmT933hY=,BNEWwwuXKeXOe0iRHj3XnU9aGRQ=
-4,-77,De+PjCmCR/JLUMz9gb5wmT933hY=,OIP+g3ybC1zyGjumvcF5uZykQgY=
-3,-71,De+PjCmCR/JLUMz9gb5wmT933hY=,BNEWwwuXKeXOe0iRHj3XnU9aGRQ=
-12,-75,De+PjCmCR/JLUMz9gb5wmT933hY=,Ne0Ndo8wHiQZpNI6GAkqNmd23L4=
-13,-75,De+PjCmCR/JLUMz9gb5wmT933hY=,Ne0Ndo8wHiQZpNI6GAkqNmd23L4=
-3,-77,De+PjCmCR/JLUMz9gb5wmT933hY=,OIP+g3ybC1zyGjumvcF5uZykQgY=
-14,-75,De+PjCmCR/JLUMz9gb5wmT933hY=,Ne0Ndo8wHiQZpNI6GAkqNmd23L4=
-11,-75,De+PjCmCR/JLUMz9gb5wmT933hY=,Ne0Ndo8wHiQZpNI6GAkqNmd23L4=
-15,-75,De+PjCmCR/JLUMz9gb5wmT933hY=,Ne0Ndo8wHiQZpNI6GAkqNmd23L4=
-2,-77,De+PjCmCR/JLUMz9gb5wmT933hY=,OIP+g3ybC1zyGjumvcF5uZykQgY=
-8,-77,De+PjCmCR/JLUMz9gb5wmT933hY=,OIP+g3ybC1zyGjumvcF5uZykQgY=
-9,-76,De+PjCmCR/JLUMz9gb5wmT933hY=,Ne0Ndo8wHiQZpNI6GAkqNmd23L4=
-10,-76,De+PjCmCR/JLUMz9gb5wmT933hY=,Ne0Ndo8wHiQZpNI6GAkqNmd23L4=
-8,-79,De+PjCmCR/JLUMz9gb5wmT933hY=,OIP+g3ybC1zyGjumvcF5uZykQgY=
-8,-78,De+PjCmCR/JLUMz9gb5wmT933hY=,OIP+g3ybC1zyGjumvcF5uZykQgY=
-11,-76,De+PjCmCR/JLUMz9gb5wmT933hY=,Ne0Ndo8wHiQZpNI6GAkqNmd23L4=
-12,-76,De+PjCmCR/JLUMz9gb5wmT933hY=,Ne0Ndo8wHiQZpNI6GAkqNmd23L4=
-10,-75,De+PjCmCR/JLUMz9gb5wmT933hY=,Ne0Ndo8wHiQZpNI6GAkqNmd23L4=
-8,-69,De+PjCmCR/JLUMz9gb5wmT933hY=,BNEWwwuXKeXOe0iRHj3XnU9aGRQ=
-2,-73,De+PjCmCR/JLUMz9gb5wmT933hY=,OIP+g3ybC1zyGjumvcF5uZykQgY=
-13,-69,De+PjCmCR/JLUMz9gb5wmT933hY=,m+Cp7EFTOSTJCLqWXr/t7N0ABm8=
-7,-72,De+PjCmCR/JLUMz9gb5wmT933hY=,BNEWwwuXKeXOe0iRHj3XnU9aGRQ=
-14,-69,De+PjCmCR/JLUMz9gb5wmT933hY=,m+Cp7EFTOSTJCLqWXr/t7N0ABm8=
-15,-69,De+PjCmCR/JLUMz9gb5wmT933hY=,m+Cp7EFTOSTJCLqWXr/t7N0ABm8=
-8,-73,De+PjCmCR/JLUMz9gb5wmT933hY=,OIP+g3ybC1zyGjumvcF5uZykQgY=
-9,-70,De+PjCmCR/JLUMz9gb5wmT933hY=,m+Cp7EFTOSTJCLqWXr/t7N0ABm8=
-10,-70,De+PjCmCR/JLUMz9gb5wmT933hY=,m+Cp7EFTOSTJCLqWXr/t7N0ABm8=
-11,-70,De+PjCmCR/JLUMz9gb5wmT933hY=,m+Cp7EFTOSTJCLqWXr/t7N0ABm8=
-12,-70,De+PjCmCR/JLUMz9gb5wmT933hY=,m+Cp7EFTOSTJCLqWXr/t7N0ABm8=
-9,-75,De+PjCmCR/JLUMz9gb5wmT933hY=,Ne0Ndo8wHiQZpNI6GAkqNmd23L4=
-12,-69,De+PjCmCR/JLUMz9gb5wmT933hY=,m+Cp7EFTOSTJCLqWXr/t7N0ABm8=
-13,-70,De+PjCmCR/JLUMz9gb5wmT933hY=,m+Cp7EFTOSTJCLqWXr/t7N0ABm8=
-14,-70,De+PjCmCR/JLUMz9gb5wmT933hY=,m+Cp7EFTOSTJCLqWXr/t7N0ABm8=
-4,-72,De+PjCmCR/JLUMz9gb5wmT933hY=,BNEWwwuXKeXOe0iRHj3XnU9aGRQ=
-9,-66,De+PjCmCR/JLUMz9gb5wmT933hY=,m+Cp7EFTOSTJCLqWXr/t7N0ABm8=
-15,-70,De+PjCmCR/JLUMz9gb5wmT933hY=,m+Cp7EFTOSTJCLqWXr/t7N0ABm8=
-3,-73,De+PjCmCR/JLUMz9gb5wmT933hY=,OIP+g3ybC1zyGjumvcF5uZykQgY=
-5,-77,De+PjCmCR/JLUMz9gb5wmT933hY=,OIP+g3ybC1zyGjumvcF5uZykQgY=
-9,-71,De+PjCmCR/JLUMz9gb5wmT933hY=,m+Cp7EFTOSTJCLqWXr/t7N0ABm8=
-6,-77,De+PjCmCR/JLUMz9gb5wmT933hY=,OIP+g3ybC1zyGjumvcF5uZykQgY=
-4,-73,De+PjCmCR/JLUMz9gb5wmT933hY=,OIP+g3ybC1zyGjumvcF5uZykQgY=
-8,-76,De+PjCmCR/JLUMz9gb5wmT933hY=,OIP+g3ybC1zyGjumvcF5uZykQgY=
-8,-68,De+PjCmCR/JLUMz9gb5wmT933hY=,BNEWwwuXKeXOe0iRHj3XnU9aGRQ=
-10,-71,De+PjCmCR/JLUMz9gb5wmT933hY=,m+Cp7EFTOSTJCLqWXr/t7N0ABm8=
-11,-71,De+PjCmCR/JLUMz9gb5wmT933hY=,m+Cp7EFTOSTJCLqWXr/t7N0ABm8=
-7,-76,De+PjCmCR/JLUMz9gb5wmT933hY=,OIP+g3ybC1zyGjumvcF5uZykQgY=
-12,-71,De+PjCmCR/JLUMz9gb5wmT933hY=,m+Cp7EFTOSTJCLqWXr/t7N0ABm8=
-7,-77,De+PjCmCR/JLUMz9gb5wmT933hY=,OIP+g3ybC1zyGjumvcF5uZykQgY=
-13,-71,De+PjCmCR/JLUMz9gb5wmT933hY=,m+Cp7EFTOSTJCLqWXr/t7N0ABm8=
-5,-73,De+PjCmCR/JLUMz9gb5wmT933hY=,OIP+g3ybC1zyGjumvcF5uZykQgY=
-14,-71,De+PjCmCR/JLUMz9gb5wmT933hY=,m+Cp7EFTOSTJCLqWXr/t7N0ABm8=
-10,-66,De+PjCmCR/JLUMz9gb5wmT933hY=,m+Cp7EFTOSTJCLqWXr/t7N0ABm8=
-15,-71,De+PjCmCR/JLUMz9gb5wmT933hY=,m+Cp7EFTOSTJCLqWXr/t7N0ABm8=
-15,-74,De+PjCmCR/JLUMz9gb5wmT933hY=,Ne0Ndo8wHiQZpNI6GAkqNmd23L4=
-8,-72,De+PjCmCR/JLUMz9gb5wmT933hY=,BNEWwwuXKeXOe0iRHj3XnU9aGRQ=
-9,-72,De+PjCmCR/JLUMz9gb5wmT933hY=,m+Cp7EFTOSTJCLqWXr/t7N0ABm8=
-10,-72,De+PjCmCR/JLUMz9gb5wmT933hY=,m+Cp7EFTOSTJCLqWXr/t7N0ABm8=
-3,-72,De+PjCmCR/JLUMz9gb5wmT933hY=,BNEWwwuXKeXOe0iRHj3XnU9aGRQ=
-5,-72,De+PjCmCR/JLUMz9gb5wmT933hY=,BNEWwwuXKeXOe0iRHj3XnU9aGRQ=
-11,-72,De+PjCmCR/JLUMz9gb5wmT933hY=,m+Cp7EFTOSTJCLqWXr/t7N0ABm8=
-12,-72,De+PjCmCR/JLUMz9gb5wmT933hY=,m+Cp7EFTOSTJCLqWXr/t7N0ABm8=
-13,-72,De+PjCmCR/JLUMz9gb5wmT933hY=,m+Cp7EFTOSTJCLqWXr/t7N0ABm8=
-6,-73,De+PjCmCR/JLUMz9gb5wmT933hY=,OIP+g3ybC1zyGjumvcF5uZykQgY=
-11,-66,De+PjCmCR/JLUMz9gb5wmT933hY=,m+Cp7EFTOSTJCLqWXr/t7N0ABm8=
-2,-78,De+PjCmCR/JLUMz9gb5wmT933hY=,OIP+g3ybC1zyGjumvcF5uZykQgY=
-14,-74,De+PjCmCR/JLUMz9gb5wmT933hY=,Ne0Ndo8wHiQZpNI6GAkqNmd23L4=
-11,-69,De+PjCmCR/JLUMz9gb5wmT933hY=,m+Cp7EFTOSTJCLqWXr/t7N0ABm8=
-14,-72,De+PjCmCR/JLUMz9gb5wmT933hY=,m+Cp7EFTOSTJCLqWXr/t7N0ABm8=
-12,-66,De+PjCmCR/JLUMz9gb5wmT933hY=,m+Cp7EFTOSTJCLqWXr/t7N0ABm8=
-6,-76,De+PjCmCR/JLUMz9gb5wmT933hY=,OIP+g3ybC1zyGjumvcF5uZykQgY=
-13,-66,De+PjCmCR/JLUMz9gb5wmT933hY=,m+Cp7EFTOSTJCLqWXr/t7N0ABm8=
-15,-72,De+PjCmCR/JLUMz9gb5wmT933hY=,m+Cp7EFTOSTJCLqWXr/t7N0ABm8=
-9,-73,De+PjCmCR/JLUMz9gb5wmT933hY=,Ne0Ndo8wHiQZpNI6GAkqNmd23L4=
-10,-73,De+PjCmCR/JLUMz9gb5wmT933hY=,Ne0Ndo8wHiQZpNI6GAkqNmd23L4=
-11,-73,De+PjCmCR/JLUMz9gb5wmT933hY=,Ne0Ndo8wHiQZpNI6GAkqNmd23L4=
-14,-66,De+PjCmCR/JLUMz9gb5wmT933hY=,m+Cp7EFTOSTJCLqWXr/t7N0ABm8=
-13,-74,De+PjCmCR/JLUMz9gb5wmT933hY=,Ne0Ndo8wHiQZpNI6GAkqNmd23L4=
-8,-67,De+PjCmCR/JLUMz9gb5wmT933hY=,BNEWwwuXKeXOe0iRHj3XnU9aGRQ=
-10,-69,De+PjCmCR/JLUMz9gb5wmT933hY=,m+Cp7EFTOSTJCLqWXr/t7N0ABm8=
-15,-66,De+PjCmCR/JLUMz9gb5wmT933hY=,m+Cp7EFTOSTJCLqWXr/t7N0ABm8=
-3,-68,De+PjCmCR/JLUMz9gb5wmT933hY=,BNEWwwuXKeXOe0iRHj3XnU9aGRQ=
-5,-76,De+PjCmCR/JLUMz9gb5wmT933hY=,OIP+g3ybC1zyGjumvcF5uZykQgY=
-3,-78,De+PjCmCR/JLUMz9gb5wmT933hY=,OIP+g3ybC1zyGjumvcF5uZykQgY=
-7,-73,De+PjCmCR/JLUMz9gb5wmT933hY=,OIP+g3ybC1zyGjumvcF5uZykQgY=
-4,-78,De+PjCmCR/JLUMz9gb5wmT933hY=,OIP+g3ybC1zyGjumvcF5uZykQgY=
-12,-73,De+PjCmCR/JLUMz9gb5wmT933hY=,Ne0Ndo8wHiQZpNI6GAkqNmd23L4=
-2,-74,De+PjCmCR/JLUMz9gb5wmT933hY=,OIP+g3ybC1zyGjumvcF5uZykQgY=
-13,-73,De+PjCmCR/JLUMz9gb5wmT933hY=,Ne0Ndo8wHiQZpNI6GAkqNmd23L4=
-14,-73,De+PjCmCR/JLUMz9gb5wmT933hY=,Ne0Ndo8wHiQZpNI6GAkqNmd23L4=
-12,-74,De+PjCmCR/JLUMz9gb5wmT933hY=,Ne0Ndo8wHiQZpNI6GAkqNmd23L4=
-9,-69,De+PjCmCR/JLUMz9gb5wmT933hY=,m+Cp7EFTOSTJCLqWXr/t7N0ABm8=
-15,-73,De+PjCmCR/JLUMz9gb5wmT933hY=,Ne0Ndo8wHiQZpNI6GAkqNmd23L4=
-3,-69,De+PjCmCR/JLUMz9gb5wmT933hY=,BNEWwwuXKeXOe0iRHj3XnU9aGRQ=
-4,-76,De+PjCmCR/JLUMz9gb5wmT933hY=,OIP+g3ybC1zyGjumvcF5uZykQgY=
-9,-67,De+PjCmCR/JLUMz9gb5wmT933hY=,m+Cp7EFTOSTJCLqWXr/t7N0ABm8=
-5,-78,De+PjCmCR/JLUMz9gb5wmT933hY=,OIP+g3ybC1zyGjumvcF5uZykQgY=
-13,-76,De+PjCmCR/JLUMz9gb5wmT933hY=,Ne0Ndo8wHiQZpNI6GAkqNmd23L4=
-10,-67,De+PjCmCR/JLUMz9gb5wmT933hY=,m+Cp7EFTOSTJCLqWXr/t7N0ABm8=
-11,-67,De+PjCmCR/JLUMz9gb5wmT933hY=,m+Cp7EFTOSTJCLqWXr/t7N0ABm8=
-6,-78,De+PjCmCR/JLUMz9gb5wmT933hY=,OIP+g3ybC1zyGjumvcF5uZykQgY=
-11,-74,De+PjCmCR/JLUMz9gb5wmT933hY=,Ne0Ndo8wHiQZpNI6GAkqNmd23L4=
-3,-74,De+PjCmCR/JLUMz9gb5wmT933hY=,OIP+g3ybC1zyGjumvcF5uZykQgY=
-8,-70,De+PjCmCR/JLUMz9gb5wmT933hY=,BNEWwwuXKeXOe0iRHj3XnU9aGRQ=
-12,-67,De+PjCmCR/JLUMz9gb5wmT933hY=,m+Cp7EFTOSTJCLqWXr/t7N0ABm8=
-13,-67,De+PjCmCR/JLUMz9gb5wmT933hY=,m+Cp7EFTOSTJCLqWXr/t7N0ABm8=
-2,-72,De+PjCmCR/JLUMz9gb5wmT933hY=,BNEWwwuXKeXOe0iRHj3XnU9aGRQ=
-8,-71,De+PjCmCR/JLUMz9gb5wmT933hY=,BNEWwwuXKeXOe0iRHj3XnU9aGRQ=
-14,-67,De+PjCmCR/JLUMz9gb5wmT933hY=,m+Cp7EFTOSTJCLqWXr/t7N0ABm8=
-15,-67,De+PjCmCR/JLUMz9gb5wmT933hY=,m+Cp7EFTOSTJCLqWXr/t7N0ABm8=
-4,-74,De+PjCmCR/JLUMz9gb5wmT933hY=,OIP+g3ybC1zyGjumvcF5uZykQgY=
-9,-68,De+PjCmCR/JLUMz9gb5wmT933hY=,m+Cp7EFTOSTJCLqWXr/t7N0ABm8=
-10,-68,De+PjCmCR/JLUMz9gb5wmT933hY=,m+Cp7EFTOSTJCLqWXr/t7N0ABm8=
-10,-74,De+PjCmCR/JLUMz9gb5wmT933hY=,Ne0Ndo8wHiQZpNI6GAkqNmd23L4=
-15,-68,De+PjCmCR/JLUMz9gb5wmT933hY=,m+Cp7EFTOSTJCLqWXr/t7N0ABm8=
-2,-79,De+PjCmCR/JLUMz9gb5wmT933hY=,OIP+g3ybC1zyGjumvcF5uZykQgY=
-8,-66,De+PjCmCR/JLUMz9gb5wmT933hY=,BNEWwwuXKeXOe0iRHj3XnU9aGRQ=
-3,-79,De+PjCmCR/JLUMz9gb5wmT933hY=,OIP+g3ybC1zyGjumvcF5uZykQgY=
-7,-78,De+PjCmCR/JLUMz9gb5wmT933hY=,OIP+g3ybC1zyGjumvcF5uZykQgY=
-3,-76,De+PjCmCR/JLUMz9gb5wmT933hY=,OIP+g3ybC1zyGjumvcF5uZykQgY=
-11,-68,De+PjCmCR/JLUMz9gb5wmT933hY=,m+Cp7EFTOSTJCLqWXr/t7N0ABm8=
-13,-68,De+PjCmCR/JLUMz9gb5wmT933hY=,m+Cp7EFTOSTJCLqWXr/t7N0ABm8=
-14,-68,De+PjCmCR/JLUMz9gb5wmT933hY=,m+Cp7EFTOSTJCLqWXr/t7N0ABm8=
-14,-76,De+PjCmCR/JLUMz9gb5wmT933hY=,Ne0Ndo8wHiQZpNI6GAkqNmd23L4=
-15,-76,De+PjCmCR/JLUMz9gb5wmT933hY=,Ne0Ndo8wHiQZpNI6GAkqNmd23L4=
-15,-79,De+PjCmCR/JLUMz9gb5wmT933hY=,Ne0Ndo8wHiQZpNI6GAkqNmd23L4=
-12,-68,De+PjCmCR/JLUMz9gb5wmT933hY=,m+Cp7EFTOSTJCLqWXr/t7N0ABm8=
-2,-76,De+PjCmCR/JLUMz9gb5wmT933hY=,OIP+g3ybC1zyGjumvcF5uZykQgY=
-4,-79,De+PjCmCR/JLUMz9gb5wmT933hY=,OIP+g3ybC1zyGjumvcF5uZykQgY=
-8,-75,De+PjCmCR/JLUMz9gb5wmT933hY=,OIP+g3ybC1zyGjumvcF5uZykQgY=
-4,-69,De+PjCmCR/JLUMz9gb5wmT933hY=,BNEWwwuXKeXOe0iRHj3XnU9aGRQ=
-9,-77,De+PjCmCR/JLUMz9gb5wmT933hY=,Ne0Ndo8wHiQZpNI6GAkqNmd23L4=
-10,-77,De+PjCmCR/JLUMz9gb5wmT933hY=,Ne0Ndo8wHiQZpNI6GAkqNmd23L4=
-6,-74,De+PjCmCR/JLUMz9gb5wmT933hY=,OIP+g3ybC1zyGjumvcF5uZykQgY=
-8,-74,De+PjCmCR/JLUMz9gb5wmT933hY=,OIP+g3ybC1zyGjumvcF5uZykQgY=
-12,-77,De+PjCmCR/JLUMz9gb5wmT933hY=,Ne0Ndo8wHiQZpNI6GAkqNmd23L4=
-11,-77,De+PjCmCR/JLUMz9gb5wmT933hY=,Ne0Ndo8wHiQZpNI6GAkqNmd23L4=
-6,-72,De+PjCmCR/JLUMz9gb5wmT933hY=,BNEWwwuXKeXOe0iRHj3XnU9aGRQ=
-13,-77,De+PjCmCR/JLUMz9gb5wmT933hY=,Ne0Ndo8wHiQZpNI6GAkqNmd23L4=
-15,-65,De+PjCmCR/JLUMz9gb5wmT933hY=,m+Cp7EFTOSTJCLqWXr/t7N0ABm8=
-14,-77,De+PjCmCR/JLUMz9gb5wmT933hY=,Ne0Ndo8wHiQZpNI6GAkqNmd23L4=
-9,-74,De+PjCmCR/JLUMz9gb5wmT933hY=,Ne0Ndo8wHiQZpNI6GAkqNmd23L4=
-5,-79,De+PjCmCR/JLUMz9gb5wmT933hY=,OIP+g3ybC1zyGjumvcF5uZykQgY=
-6,-79,De+PjCmCR/JLUMz9gb5wmT933hY=,OIP+g3ybC1zyGjumvcF5uZykQgY=
-15,-77,De+PjCmCR/JLUMz9gb5wmT933hY=,Ne0Ndo8wHiQZpNI6GAkqNmd23L4=
-7,-79,De+PjCmCR/JLUMz9gb5wmT933hY=,OIP+g3ybC1zyGjumvcF5uZykQgY=
-9,-78,De+PjCmCR/JLUMz9gb5wmT933hY=,Ne0Ndo8wHiQZpNI6GAkqNmd23L4=
-11,-78,De+PjCmCR/JLUMz9gb5wmT933hY=,Ne0Ndo8wHiQZpNI6GAkqNmd23L4=
-12,-78,De+PjCmCR/JLUMz9gb5wmT933hY=,Ne0Ndo8wHiQZpNI6GAkqNmd23L4=
-10,-78,De+PjCmCR/JLUMz9gb5wmT933hY=,Ne0Ndo8wHiQZpNI6GAkqNmd23L4=
-7,-75,De+PjCmCR/JLUMz9gb5wmT933hY=,OIP+g3ybC1zyGjumvcF5uZykQgY=
-14,-79,De+PjCmCR/JLUMz9gb5wmT933hY=,Ne0Ndo8wHiQZpNI6GAkqNmd23L4=
-10,-65,De+PjCmCR/JLUMz9gb5wmT933hY=,m+Cp7EFTOSTJCLqWXr/t7N0ABm8=
-9,-79,De+PjCmCR/JLUMz9gb5wmT933hY=,Ne0Ndo8wHiQZpNI6GAkqNmd23L4=
-13,-78,De+PjCmCR/JLUMz9gb5wmT933hY=,Ne0Ndo8wHiQZpNI6GAkqNmd23L4=
-7,-74,De+PjCmCR/JLUMz9gb5wmT933hY=,OIP+g3ybC1zyGjumvcF5uZykQgY=
-14,-65,De+PjCmCR/JLUMz9gb5wmT933hY=,m+Cp7EFTOSTJCLqWXr/t7N0ABm8=
-14,-78,De+PjCmCR/JLUMz9gb5wmT933hY=,Ne0Ndo8wHiQZpNI6GAkqNmd23L4=
-2,-75,De+PjCmCR/JLUMz9gb5wmT933hY=,OIP+g3ybC1zyGjumvcF5uZykQgY=
-13,-79,De+PjCmCR/JLUMz9gb5wmT933hY=,Ne0Ndo8wHiQZpNI6GAkqNmd23L4=
-15,-78,De+PjCmCR/JLUMz9gb5wmT933hY=,Ne0Ndo8wHiQZpNI6GAkqNmd23L4=
-11,-65,De+PjCmCR/JLUMz9gb5wmT933hY=,m+Cp7EFTOSTJCLqWXr/t7N0ABm8=
-6,-75,De+PjCmCR/JLUMz9gb5wmT933hY=,OIP+g3ybC1zyGjumvcF5uZykQgY=
-12,-65,De+PjCmCR/JLUMz9gb5wmT933hY=,m+Cp7EFTOSTJCLqWXr/t7N0ABm8=
-13,-65,De+PjCmCR/JLUMz9gb5wmT933hY=,m+Cp7EFTOSTJCLqWXr/t7N0ABm8=
-12,-79,De+PjCmCR/JLUMz9gb5wmT933hY=,Ne0Ndo8wHiQZpNI6GAkqNmd23L4=
-10,-79,De+PjCmCR/JLUMz9gb5wmT933hY=,Ne0Ndo8wHiQZpNI6GAkqNmd23L4=
-11,-79,De+PjCmCR/JLUMz9gb5wmT933hY=,Ne0Ndo8wHiQZpNI6GAkqNmd23L4=
-5,-74,De+PjCmCR/JLUMz9gb5wmT933hY=,OIP+g3ybC1zyGjumvcF5uZykQgY=
-5,-75,De+PjCmCR/JLUMz9gb5wmT933hY=,OIP+g3ybC1zyGjumvcF5uZykQgY=
-3,-75,De+PjCmCR/JLUMz9gb5wmT933hY=,OIP+g3ybC1zyGjumvcF5uZykQgY=
-5,-67,De+PjCmCR/JLUMz9gb5wmT933hY=,BNEWwwuXKeXOe0iRHj3XnU9aGRQ=
-4,-75,De+PjCmCR/JLUMz9gb5wmT933hY=,OIP+g3ybC1zyGjumvcF5uZykQgY=
-2,-70,De+PjCmCR/JLUMz9gb5wmT933hY=,BNEWwwuXKeXOe0iRHj3XnU9aGRQ=
-4,-68,De+PjCmCR/JLUMz9gb5wmT933hY=,BNEWwwuXKeXOe0iRHj3XnU9aGRQ=
-6,-67,De+PjCmCR/JLUMz9gb5wmT933hY=,BNEWwwuXKeXOe0iRHj3XnU9aGRQ=
-3,-70,De+PjCmCR/JLUMz9gb5wmT933hY=,BNEWwwuXKeXOe0iRHj3XnU9aGRQ=
-7,-67,De+PjCmCR/JLUMz9gb5wmT933hY=,BNEWwwuXKeXOe0iRHj3XnU9aGRQ=
-4,-70,De+PjCmCR/JLUMz9gb5wmT933hY=,BNEWwwuXKeXOe0iRHj3XnU9aGRQ=
-1,-69,De+PjCmCR/JLUMz9gb5wmT933hY=,BNEWwwuXKeXOe0iRHj3XnU9aGRQ=
-1,-71,De+PjCmCR/JLUMz9gb5wmT933hY=,BNEWwwuXKeXOe0iRHj3XnU9aGRQ=
-5,-68,De+PjCmCR/JLUMz9gb5wmT933hY=,BNEWwwuXKeXOe0iRHj3XnU9aGRQ=
-1,-67,De+PjCmCR/JLUMz9gb5wmT933hY=,BNEWwwuXKeXOe0iRHj3XnU9aGRQ=
-1,-70,De+PjCmCR/JLUMz9gb5wmT933hY=,BNEWwwuXKeXOe0iRHj3XnU9aGRQ=
-5,-69,De+PjCmCR/JLUMz9gb5wmT933hY=,BNEWwwuXKeXOe0iRHj3XnU9aGRQ=
-5,-70,De+PjCmCR/JLUMz9gb5wmT933hY=,BNEWwwuXKeXOe0iRHj3XnU9aGRQ=
-1,-66,De+PjCmCR/JLUMz9gb5wmT933hY=,BNEWwwuXKeXOe0iRHj3XnU9aGRQ=
-6,-70,De+PjCmCR/JLUMz9gb5wmT933hY=,BNEWwwuXKeXOe0iRHj3XnU9aGRQ=
-7,-80,De+PjCmCR/JLUMz9gb5wmT933hY=,OIP+g3ybC1zyGjumvcF5uZykQgY=
-6,-80,De+PjCmCR/JLUMz9gb5wmT933hY=,OIP+g3ybC1zyGjumvcF5uZykQgY=
-5,-80,De+PjCmCR/JLUMz9gb5wmT933hY=,OIP+g3ybC1zyGjumvcF5uZykQgY=
-4,-80,De+PjCmCR/JLUMz9gb5wmT933hY=,OIP+g3ybC1zyGjumvcF5uZykQgY=
-3,-80,De+PjCmCR/JLUMz9gb5wmT933hY=,OIP+g3ybC1zyGjumvcF5uZykQgY=
-2,-80,De+PjCmCR/JLUMz9gb5wmT933hY=,OIP+g3ybC1zyGjumvcF5uZykQgY=
-7,-70,De+PjCmCR/JLUMz9gb5wmT933hY=,BNEWwwuXKeXOe0iRHj3XnU9aGRQ=
-1,-68,De+PjCmCR/JLUMz9gb5wmT933hY=,BNEWwwuXKeXOe0iRHj3XnU9aGRQ=
-1,-77,De+PjCmCR/JLUMz9gb5wmT933hY=,OIP+g3ybC1zyGjumvcF5uZykQgY=
-2,-66,De+PjCmCR/JLUMz9gb5wmT933hY=,BNEWwwuXKeXOe0iRHj3XnU9aGRQ=
-1,-73,De+PjCmCR/JLUMz9gb5wmT933hY=,OIP+g3ybC1zyGjumvcF5uZykQgY=
-3,-66,De+PjCmCR/JLUMz9gb5wmT933hY=,BNEWwwuXKeXOe0iRHj3XnU9aGRQ=
-6,-68,De+PjCmCR/JLUMz9gb5wmT933hY=,BNEWwwuXKeXOe0iRHj3XnU9aGRQ=
-4,-66,De+PjCmCR/JLUMz9gb5wmT933hY=,BNEWwwuXKeXOe0iRHj3XnU9aGRQ=
-6,-69,De+PjCmCR/JLUMz9gb5wmT933hY=,BNEWwwuXKeXOe0iRHj3XnU9aGRQ=
-2,-68,De+PjCmCR/JLUMz9gb5wmT933hY=,BNEWwwuXKeXOe0iRHj3XnU9aGRQ=
-5,-66,De+PjCmCR/JLUMz9gb5wmT933hY=,BNEWwwuXKeXOe0iRHj3XnU9aGRQ=
-15,-80,De+PjCmCR/JLUMz9gb5wmT933hY=,Ne0Ndo8wHiQZpNI6GAkqNmd23L4=
-14,-80,De+PjCmCR/JLUMz9gb5wmT933hY=,Ne0Ndo8wHiQZpNI6GAkqNmd23L4=
-7,-71,De+PjCmCR/JLUMz9gb5wmT933hY=,BNEWwwuXKeXOe0iRHj3XnU9aGRQ=
-13,-80,De+PjCmCR/JLUMz9gb5wmT933hY=,Ne0Ndo8wHiQZpNI6GAkqNmd23L4=
-12,-80,De+PjCmCR/JLUMz9gb5wmT933hY=,Ne0Ndo8wHiQZpNI6GAkqNmd23L4=
-11,-80,De+PjCmCR/JLUMz9gb5wmT933hY=,Ne0Ndo8wHiQZpNI6GAkqNmd23L4=
-9,-80,De+PjCmCR/JLUMz9gb5wmT933hY=,Ne0Ndo8wHiQZpNI6GAkqNmd23L4=
-10,-80,De+PjCmCR/JLUMz9gb5wmT933hY=,Ne0Ndo8wHiQZpNI6GAkqNmd23L4=
-8,-80,De+PjCmCR/JLUMz9gb5wmT933hY=,OIP+g3ybC1zyGjumvcF5uZykQgY=
-1,-72,De+PjCmCR/JLUMz9gb5wmT933hY=,BNEWwwuXKeXOe0iRHj3XnU9aGRQ=
-1,-78,De+PjCmCR/JLUMz9gb5wmT933hY=,OIP+g3ybC1zyGjumvcF5uZykQgY=
-6,-66,De+PjCmCR/JLUMz9gb5wmT933hY=,BNEWwwuXKeXOe0iRHj3XnU9aGRQ=
-7,-68,De+PjCmCR/JLUMz9gb5wmT933hY=,BNEWwwuXKeXOe0iRHj3XnU9aGRQ=
-5,-71,De+PjCmCR/JLUMz9gb5wmT933hY=,BNEWwwuXKeXOe0iRHj3XnU9aGRQ=
-7,-69,De+PjCmCR/JLUMz9gb5wmT933hY=,BNEWwwuXKeXOe0iRHj3XnU9aGRQ=
-1,-74,De+PjCmCR/JLUMz9gb5wmT933hY=,OIP+g3ybC1zyGjumvcF5uZykQgY=
-7,-66,De+PjCmCR/JLUMz9gb5wmT933hY=,BNEWwwuXKeXOe0iRHj3XnU9aGRQ=
-4,-71,De+PjCmCR/JLUMz9gb5wmT933hY=,BNEWwwuXKeXOe0iRHj3XnU9aGRQ=
-2,-67,De+PjCmCR/JLUMz9gb5wmT933hY=,BNEWwwuXKeXOe0iRHj3XnU9aGRQ=
-1,-76,De+PjCmCR/JLUMz9gb5wmT933hY=,OIP+g3ybC1zyGjumvcF5uZykQgY=
-1,-79,De+PjCmCR/JLUMz9gb5wmT933hY=,OIP+g3ybC1zyGjumvcF5uZykQgY=
-2,-69,De+PjCmCR/JLUMz9gb5wmT933hY=,BNEWwwuXKeXOe0iRHj3XnU9aGRQ=
-3,-67,De+PjCmCR/JLUMz9gb5wmT933hY=,BNEWwwuXKeXOe0iRHj3XnU9aGRQ=
-1,-75,De+PjCmCR/JLUMz9gb5wmT933hY=,OIP+g3ybC1zyGjumvcF5uZykQgY=
-16,-80,De+PjCmCR/JLUMz9gb5wmT933hY=,Ne0Ndo8wHiQZpNI6GAkqNmd23L4=
-8,-65,De+PjCmCR/JLUMz9gb5wmT933hY=,BNEWwwuXKeXOe0iRHj3XnU9aGRQ=
-1,-80,De+PjCmCR/JLUMz9gb5wmT933hY=,OIP+g3ybC1zyGjumvcF5uZykQgY=
-16,-74,De+PjCmCR/JLUMz9gb5wmT933hY=,Ne0Ndo8wHiQZpNI6GAkqNmd23L4=
-16,-79,De+PjCmCR/JLUMz9gb5wmT933hY=,Ne0Ndo8wHiQZpNI6GAkqNmd23L4=
-16,-76,De+PjCmCR/JLUMz9gb5wmT933hY=,Ne0Ndo8wHiQZpNI6GAkqNmd23L4=
-16,-77,De+PjCmCR/JLUMz9gb5wmT933hY=,Ne0Ndo8wHiQZpNI6GAkqNmd23L4=
-16,-75,De+PjCmCR/JLUMz9gb5wmT933hY=,Ne0Ndo8wHiQZpNI6GAkqNmd23L4=
-9,-65,De+PjCmCR/JLUMz9gb5wmT933hY=,m+Cp7EFTOSTJCLqWXr/t7N0ABm8=
-2,-65,De+PjCmCR/JLUMz9gb5wmT933hY=,BNEWwwuXKeXOe0iRHj3XnU9aGRQ=
-3,-65,De+PjCmCR/JLUMz9gb5wmT933hY=,BNEWwwuXKeXOe0iRHj3XnU9aGRQ=
-16,-78,De+PjCmCR/JLUMz9gb5wmT933hY=,Ne0Ndo8wHiQZpNI6GAkqNmd23L4=
-16,-68,De+PjCmCR/JLUMz9gb5wmT933hY=,m+Cp7EFTOSTJCLqWXr/t7N0ABm8=
-1,-65,De+PjCmCR/JLUMz9gb5wmT933hY=,BNEWwwuXKeXOe0iRHj3XnU9aGRQ=
-7,-65,De+PjCmCR/JLUMz9gb5wmT933hY=,BNEWwwuXKeXOe0iRHj3XnU9aGRQ=
-16,-65,De+PjCmCR/JLUMz9gb5wmT933hY=,m+Cp7EFTOSTJCLqWXr/t7N0ABm8=
-5,-65,De+PjCmCR/JLUMz9gb5wmT933hY=,BNEWwwuXKeXOe0iRHj3XnU9aGRQ=
-16,-69,De+PjCmCR/JLUMz9gb5wmT933hY=,m+Cp7EFTOSTJCLqWXr/t7N0ABm8=
-4,-65,De+PjCmCR/JLUMz9gb5wmT933hY=,BNEWwwuXKeXOe0iRHj3XnU9aGRQ=
-4,-67,De+PjCmCR/JLUMz9gb5wmT933hY=,BNEWwwuXKeXOe0iRHj3XnU9aGRQ=
-16,-70,De+PjCmCR/JLUMz9gb5wmT933hY=,m+Cp7EFTOSTJCLqWXr/t7N0ABm8=
-16,-71,De+PjCmCR/JLUMz9gb5wmT933hY=,m+Cp7EFTOSTJCLqWXr/t7N0ABm8=
-6,-65,De+PjCmCR/JLUMz9gb5wmT933hY=,BNEWwwuXKeXOe0iRHj3XnU9aGRQ=
-16,-66,De+PjCmCR/JLUMz9gb5wmT933hY=,m+Cp7EFTOSTJCLqWXr/t7N0ABm8=
-16,-72,De+PjCmCR/JLUMz9gb5wmT933hY=,m+Cp7EFTOSTJCLqWXr/t7N0ABm8=
-16,-73,De+PjCmCR/JLUMz9gb5wmT933hY=,Ne0Ndo8wHiQZpNI6GAkqNmd23L4=
-16,-67,De+PjCmCR/JLUMz9gb5wmT933hY=,m+Cp7EFTOSTJCLqWXr/t7N0ABm8=
-13,-85,De+PjCmCR/JLUMz9gb5wmT933hY=,3IqLSAyWm3Rg89wTKruLopOymhk=
-12,-85,De+PjCmCR/JLUMz9gb5wmT933hY=,3IqLSAyWm3Rg89wTKruLopOymhk=
-14,-85,De+PjCmCR/JLUMz9gb5wmT933hY=,3IqLSAyWm3Rg89wTKruLopOymhk=
-10,-81,De+PjCmCR/JLUMz9gb5wmT933hY=,3IqLSAyWm3Rg89wTKruLopOymhk=
-15,-85,De+PjCmCR/JLUMz9gb5wmT933hY=,3IqLSAyWm3Rg89wTKruLopOymhk=
-11,-86,De+PjCmCR/JLUMz9gb5wmT933hY=,3IqLSAyWm3Rg89wTKruLopOymhk=
-10,-86,De+PjCmCR/JLUMz9gb5wmT933hY=,3IqLSAyWm3Rg89wTKruLopOymhk=
-11,-81,De+PjCmCR/JLUMz9gb5wmT933hY=,3IqLSAyWm3Rg89wTKruLopOymhk=
-12,-86,De+PjCmCR/JLUMz9gb5wmT933hY=,3IqLSAyWm3Rg89wTKruLopOymhk=
-16,-85,De+PjCmCR/JLUMz9gb5wmT933hY=,3IqLSAyWm3Rg89wTKruLopOymhk=
-12,-81,De+PjCmCR/JLUMz9gb5wmT933hY=,3IqLSAyWm3Rg89wTKruLopOymhk=
-13,-81,De+PjCmCR/JLUMz9gb5wmT933hY=,3IqLSAyWm3Rg89wTKruLopOymhk=
-13,-86,De+PjCmCR/JLUMz9gb5wmT933hY=,3IqLSAyWm3Rg89wTKruLopOymhk=
-14,-81,De+PjCmCR/JLUMz9gb5wmT933hY=,3IqLSAyWm3Rg89wTKruLopOymhk=
-15,-86,De+PjCmCR/JLUMz9gb5wmT933hY=,3IqLSAyWm3Rg89wTKruLopOymhk=
-16,-86,De+PjCmCR/JLUMz9gb5wmT933hY=,3IqLSAyWm3Rg89wTKruLopOymhk=
-15,-81,De+PjCmCR/JLUMz9gb5wmT933hY=,3IqLSAyWm3Rg89wTKruLopOymhk=
-10,-87,De+PjCmCR/JLUMz9gb5wmT933hY=,3IqLSAyWm3Rg89wTKruLopOymhk=
-16,-81,De+PjCmCR/JLUMz9gb5wmT933hY=,3IqLSAyWm3Rg89wTKruLopOymhk=
-11,-87,De+PjCmCR/JLUMz9gb5wmT933hY=,3IqLSAyWm3Rg89wTKruLopOymhk=
-12,-87,De+PjCmCR/JLUMz9gb5wmT933hY=,3IqLSAyWm3Rg89wTKruLopOymhk=
-10,-82,De+PjCmCR/JLUMz9gb5wmT933hY=,3IqLSAyWm3Rg89wTKruLopOymhk=
-13,-87,De+PjCmCR/JLUMz9gb5wmT933hY=,3IqLSAyWm3Rg89wTKruLopOymhk=
-14,-87,De+PjCmCR/JLUMz9gb5wmT933hY=,3IqLSAyWm3Rg89wTKruLopOymhk=
-16,-87,De+PjCmCR/JLUMz9gb5wmT933hY=,3IqLSAyWm3Rg89wTKruLopOymhk=
-15,-87,De+PjCmCR/JLUMz9gb5wmT933hY=,3IqLSAyWm3Rg89wTKruLopOymhk=
-11,-82,De+PjCmCR/JLUMz9gb5wmT933hY=,3IqLSAyWm3Rg89wTKruLopOymhk=
-10,-88,De+PjCmCR/JLUMz9gb5wmT933hY=,3IqLSAyWm3Rg89wTKruLopOymhk=
-12,-88,De+PjCmCR/JLUMz9gb5wmT933hY=,3IqLSAyWm3Rg89wTKruLopOymhk=
-14,-88,De+PjCmCR/JLUMz9gb5wmT933hY=,3IqLSAyWm3Rg89wTKruLopOymhk=
-11,-88,De+PjCmCR/JLUMz9gb5wmT933hY=,3IqLSAyWm3Rg89wTKruLopOymhk=
-13,-88,De+PjCmCR/JLUMz9gb5wmT933hY=,3IqLSAyWm3Rg89wTKruLopOymhk=
-12,-82,De+PjCmCR/JLUMz9gb5wmT933hY=,3IqLSAyWm3Rg89wTKruLopOymhk=
-15,-88,De+PjCmCR/JLUMz9gb5wmT933hY=,3IqLSAyWm3Rg89wTKruLopOymhk=
-16,-88,De+PjCmCR/JLUMz9gb5wmT933hY=,3IqLSAyWm3Rg89wTKruLopOymhk=
-15,-82,De+PjCmCR/JLUMz9gb5wmT933hY=,3IqLSAyWm3Rg89wTKruLopOymhk=
-14,-82,De+PjCmCR/JLUMz9gb5wmT933hY=,3IqLSAyWm3Rg89wTKruLopOymhk=
-10,-83,De+PjCmCR/JLUMz9gb5wmT933hY=,3IqLSAyWm3Rg89wTKruLopOymhk=
-13,-82,De+PjCmCR/JLUMz9gb5wmT933hY=,3IqLSAyWm3Rg89wTKruLopOymhk=
-11,-83,De+PjCmCR/JLUMz9gb5wmT933hY=,3IqLSAyWm3Rg89wTKruLopOymhk=
-16,-82,De+PjCmCR/JLUMz9gb5wmT933hY=,3IqLSAyWm3Rg89wTKruLopOymhk=
-12,-83,De+PjCmCR/JLUMz9gb5wmT933hY=,3IqLSAyWm3Rg89wTKruLopOymhk=
-13,-83,De+PjCmCR/JLUMz9gb5wmT933hY=,3IqLSAyWm3Rg89wTKruLopOymhk=
-14,-83,De+PjCmCR/JLUMz9gb5wmT933hY=,3IqLSAyWm3Rg89wTKruLopOymhk=
-15,-83,De+PjCmCR/JLUMz9gb5wmT933hY=,3IqLSAyWm3Rg89wTKruLopOymhk=
-16,-83,De+PjCmCR/JLUMz9gb5wmT933hY=,3IqLSAyWm3Rg89wTKruLopOymhk=
-11,-84,De+PjCmCR/JLUMz9gb5wmT933hY=,3IqLSAyWm3Rg89wTKruLopOymhk=
-12,-84,De+PjCmCR/JLUMz9gb5wmT933hY=,3IqLSAyWm3Rg89wTKruLopOymhk=
-10,-84,De+PjCmCR/JLUMz9gb5wmT933hY=,3IqLSAyWm3Rg89wTKruLopOymhk=
-13,-84,De+PjCmCR/JLUMz9gb5wmT933hY=,3IqLSAyWm3Rg89wTKruLopOymhk=
-15,-84,De+PjCmCR/JLUMz9gb5wmT933hY=,3IqLSAyWm3Rg89wTKruLopOymhk=
-14,-84,De+PjCmCR/JLUMz9gb5wmT933hY=,3IqLSAyWm3Rg89wTKruLopOymhk=
-16,-84,De+PjCmCR/JLUMz9gb5wmT933hY=,3IqLSAyWm3Rg89wTKruLopOymhk=
-10,-85,De+PjCmCR/JLUMz9gb5wmT933hY=,3IqLSAyWm3Rg89wTKruLopOymhk=
-11,-85,De+PjCmCR/JLUMz9gb5wmT933hY=,3IqLSAyWm3Rg89wTKruLopOymhk=
-14,-86,De+PjCmCR/JLUMz9gb5wmT933hY=,3IqLSAyWm3Rg89wTKruLopOymhk=
-9,-81,De+PjCmCR/JLUMz9gb5wmT933hY=,3IqLSAyWm3Rg89wTKruLopOymhk=
-5,-83,De+PjCmCR/JLUMz9gb5wmT933hY=,QqDGXEdKRBenW31HfV0P8sPQ48k=
-1,-87,De+PjCmCR/JLUMz9gb5wmT933hY=,QqDGXEdKRBenW31HfV0P8sPQ48k=
-1,-85,De+PjCmCR/JLUMz9gb5wmT933hY=,QqDGXEdKRBenW31HfV0P8sPQ48k=
-9,-86,De+PjCmCR/JLUMz9gb5wmT933hY=,3IqLSAyWm3Rg89wTKruLopOymhk=
-6,-83,De+PjCmCR/JLUMz9gb5wmT933hY=,QqDGXEdKRBenW31HfV0P8sPQ48k=
-1,-86,De+PjCmCR/JLUMz9gb5wmT933hY=,QqDGXEdKRBenW31HfV0P8sPQ48k=
-5,-88,De+PjCmCR/JLUMz9gb5wmT933hY=,QqDGXEdKRBenW31HfV0P8sPQ48k=
-2,-87,De+PjCmCR/JLUMz9gb5wmT933hY=,QqDGXEdKRBenW31HfV0P8sPQ48k=
-3,-87,De+PjCmCR/JLUMz9gb5wmT933hY=,QqDGXEdKRBenW31HfV0P8sPQ48k=
-9,-87,De+PjCmCR/JLUMz9gb5wmT933hY=,3IqLSAyWm3Rg89wTKruLopOymhk=
-9,-82,De+PjCmCR/JLUMz9gb5wmT933hY=,3IqLSAyWm3Rg89wTKruLopOymhk=
-9,-88,De+PjCmCR/JLUMz9gb5wmT933hY=,3IqLSAyWm3Rg89wTKruLopOymhk=
-2,-86,De+PjCmCR/JLUMz9gb5wmT933hY=,QqDGXEdKRBenW31HfV0P8sPQ48k=
-5,-84,De+PjCmCR/JLUMz9gb5wmT933hY=,QqDGXEdKRBenW31HfV0P8sPQ48k=
-4,-84,De+PjCmCR/JLUMz9gb5wmT933hY=,QqDGXEdKRBenW31HfV0P8sPQ48k=
-3,-86,De+PjCmCR/JLUMz9gb5wmT933hY=,QqDGXEdKRBenW31HfV0P8sPQ48k=
-4,-86,De+PjCmCR/JLUMz9gb5wmT933hY=,QqDGXEdKRBenW31HfV0P8sPQ48k=
-3,-84,De+PjCmCR/JLUMz9gb5wmT933hY=,QqDGXEdKRBenW31HfV0P8sPQ48k=
-1,-81,De+PjCmCR/JLUMz9gb5wmT933hY=,QqDGXEdKRBenW31HfV0P8sPQ48k=
-7,-83,De+PjCmCR/JLUMz9gb5wmT933hY=,QqDGXEdKRBenW31HfV0P8sPQ48k=
-2,-85,De+PjCmCR/JLUMz9gb5wmT933hY=,QqDGXEdKRBenW31HfV0P8sPQ48k=
-9,-83,De+PjCmCR/JLUMz9gb5wmT933hY=,3IqLSAyWm3Rg89wTKruLopOymhk=
-2,-81,De+PjCmCR/JLUMz9gb5wmT933hY=,QqDGXEdKRBenW31HfV0P8sPQ48k=
-6,-84,De+PjCmCR/JLUMz9gb5wmT933hY=,QqDGXEdKRBenW31HfV0P8sPQ48k=
-5,-86,De+PjCmCR/JLUMz9gb5wmT933hY=,QqDGXEdKRBenW31HfV0P8sPQ48k=
-6,-86,De+PjCmCR/JLUMz9gb5wmT933hY=,QqDGXEdKRBenW31HfV0P8sPQ48k=
-4,-85,De+PjCmCR/JLUMz9gb5wmT933hY=,QqDGXEdKRBenW31HfV0P8sPQ48k=
-3,-85,De+PjCmCR/JLUMz9gb5wmT933hY=,QqDGXEdKRBenW31HfV0P8sPQ48k=
-3,-81,De+PjCmCR/JLUMz9gb5wmT933hY=,QqDGXEdKRBenW31HfV0P8sPQ48k=
-8,-83,De+PjCmCR/JLUMz9gb5wmT933hY=,QqDGXEdKRBenW31HfV0P8sPQ48k=
-5,-81,De+PjCmCR/JLUMz9gb5wmT933hY=,QqDGXEdKRBenW31HfV0P8sPQ48k=
-6,-81,De+PjCmCR/JLUMz9gb5wmT933hY=,QqDGXEdKRBenW31HfV0P8sPQ48k=
-6,-87,De+PjCmCR/JLUMz9gb5wmT933hY=,QqDGXEdKRBenW31HfV0P8sPQ48k=
-9,-84,De+PjCmCR/JLUMz9gb5wmT933hY=,3IqLSAyWm3Rg89wTKruLopOymhk=
-5,-85,De+PjCmCR/JLUMz9gb5wmT933hY=,QqDGXEdKRBenW31HfV0P8sPQ48k=
-7,-84,De+PjCmCR/JLUMz9gb5wmT933hY=,QqDGXEdKRBenW31HfV0P8sPQ48k=
-7,-86,De+PjCmCR/JLUMz9gb5wmT933hY=,QqDGXEdKRBenW31HfV0P8sPQ48k=
-4,-83,De+PjCmCR/JLUMz9gb5wmT933hY=,QqDGXEdKRBenW31HfV0P8sPQ48k=
-7,-81,De+PjCmCR/JLUMz9gb5wmT933hY=,QqDGXEdKRBenW31HfV0P8sPQ48k=
-1,-82,De+PjCmCR/JLUMz9gb5wmT933hY=,QqDGXEdKRBenW31HfV0P8sPQ48k=
-3,-82,De+PjCmCR/JLUMz9gb5wmT933hY=,QqDGXEdKRBenW31HfV0P8sPQ48k=
-1,-84,De+PjCmCR/JLUMz9gb5wmT933hY=,QqDGXEdKRBenW31HfV0P8sPQ48k=
-3,-83,De+PjCmCR/JLUMz9gb5wmT933hY=,QqDGXEdKRBenW31HfV0P8sPQ48k=
-6,-85,De+PjCmCR/JLUMz9gb5wmT933hY=,QqDGXEdKRBenW31HfV0P8sPQ48k=
-2,-82,De+PjCmCR/JLUMz9gb5wmT933hY=,QqDGXEdKRBenW31HfV0P8sPQ48k=
-6,-82,De+PjCmCR/JLUMz9gb5wmT933hY=,QqDGXEdKRBenW31HfV0P8sPQ48k=
-2,-84,De+PjCmCR/JLUMz9gb5wmT933hY=,QqDGXEdKRBenW31HfV0P8sPQ48k=
-8,-81,De+PjCmCR/JLUMz9gb5wmT933hY=,QqDGXEdKRBenW31HfV0P8sPQ48k=
-4,-82,De+PjCmCR/JLUMz9gb5wmT933hY=,QqDGXEdKRBenW31HfV0P8sPQ48k=
-5,-82,De+PjCmCR/JLUMz9gb5wmT933hY=,QqDGXEdKRBenW31HfV0P8sPQ48k=
-7,-82,De+PjCmCR/JLUMz9gb5wmT933hY=,QqDGXEdKRBenW31HfV0P8sPQ48k=
-8,-82,De+PjCmCR/JLUMz9gb5wmT933hY=,QqDGXEdKRBenW31HfV0P8sPQ48k=
-9,-85,De+PjCmCR/JLUMz9gb5wmT933hY=,3IqLSAyWm3Rg89wTKruLopOymhk=
-8,-85,De+PjCmCR/JLUMz9gb5wmT933hY=,QqDGXEdKRBenW31HfV0P8sPQ48k=
-8,-84,De+PjCmCR/JLUMz9gb5wmT933hY=,QqDGXEdKRBenW31HfV0P8sPQ48k=
-4,-81,De+PjCmCR/JLUMz9gb5wmT933hY=,QqDGXEdKRBenW31HfV0P8sPQ48k=
-8,-86,De+PjCmCR/JLUMz9gb5wmT933hY=,QqDGXEdKRBenW31HfV0P8sPQ48k=
-7,-87,De+PjCmCR/JLUMz9gb5wmT933hY=,QqDGXEdKRBenW31HfV0P8sPQ48k=
-2,-83,De+PjCmCR/JLUMz9gb5wmT933hY=,QqDGXEdKRBenW31HfV0P8sPQ48k=
-8,-87,De+PjCmCR/JLUMz9gb5wmT933hY=,QqDGXEdKRBenW31HfV0P8sPQ48k=
-1,-88,De+PjCmCR/JLUMz9gb5wmT933hY=,QqDGXEdKRBenW31HfV0P8sPQ48k=
-6,-88,De+PjCmCR/JLUMz9gb5wmT933hY=,QqDGXEdKRBenW31HfV0P8sPQ48k=
-7,-88,De+PjCmCR/JLUMz9gb5wmT933hY=,QqDGXEdKRBenW31HfV0P8sPQ48k=
-7,-85,De+PjCmCR/JLUMz9gb5wmT933hY=,QqDGXEdKRBenW31HfV0P8sPQ48k=
-5,-87,De+PjCmCR/JLUMz9gb5wmT933hY=,QqDGXEdKRBenW31HfV0P8sPQ48k=
-1,-83,De+PjCmCR/JLUMz9gb5wmT933hY=,QqDGXEdKRBenW31HfV0P8sPQ48k=
-4,-88,De+PjCmCR/JLUMz9gb5wmT933hY=,QqDGXEdKRBenW31HfV0P8sPQ48k=
-3,-88,De+PjCmCR/JLUMz9gb5wmT933hY=,QqDGXEdKRBenW31HfV0P8sPQ48k=
-4,-87,De+PjCmCR/JLUMz9gb5wmT933hY=,QqDGXEdKRBenW31HfV0P8sPQ48k=
-2,-88,De+PjCmCR/JLUMz9gb5wmT933hY=,QqDGXEdKRBenW31HfV0P8sPQ48k=
-8,-88,De+PjCmCR/JLUMz9gb5wmT933hY=,QqDGXEdKRBenW31HfV0P8sPQ48k=
-29,-81,cdafl/i/gdPoLc5yG4ijVkCJJso=,46724LsnXeIsM2gdqLgYCt3za08=
-32,-81,cdafl/i/gdPoLc5yG4ijVkCJJso=,46724LsnXeIsM2gdqLgYCt3za08=
-28,-82,cdafl/i/gdPoLc5yG4ijVkCJJso=,46724LsnXeIsM2gdqLgYCt3za08=
-27,-82,cdafl/i/gdPoLc5yG4ijVkCJJso=,46724LsnXeIsM2gdqLgYCt3za08=
-30,-81,cdafl/i/gdPoLc5yG4ijVkCJJso=,46724LsnXeIsM2gdqLgYCt3za08=
-31,-81,cdafl/i/gdPoLc5yG4ijVkCJJso=,46724LsnXeIsM2gdqLgYCt3za08=
-29,-82,cdafl/i/gdPoLc5yG4ijVkCJJso=,46724LsnXeIsM2gdqLgYCt3za08=
-26,-82,cdafl/i/gdPoLc5yG4ijVkCJJso=,46724LsnXeIsM2gdqLgYCt3za08=
-32,-88,cdafl/i/gdPoLc5yG4ijVkCJJso=,46724LsnXeIsM2gdqLgYCt3za08=
-30,-82,cdafl/i/gdPoLc5yG4ijVkCJJso=,46724LsnXeIsM2gdqLgYCt3za08=
-27,-83,cdafl/i/gdPoLc5yG4ijVkCJJso=,46724LsnXeIsM2gdqLgYCt3za08=
-26,-83,cdafl/i/gdPoLc5yG4ijVkCJJso=,46724LsnXeIsM2gdqLgYCt3za08=
-32,-82,cdafl/i/gdPoLc5yG4ijVkCJJso=,46724LsnXeIsM2gdqLgYCt3za08=
-28,-83,cdafl/i/gdPoLc5yG4ijVkCJJso=,46724LsnXeIsM2gdqLgYCt3za08=
-28,-81,cdafl/i/gdPoLc5yG4ijVkCJJso=,46724LsnXeIsM2gdqLgYCt3za08=
-29,-83,cdafl/i/gdPoLc5yG4ijVkCJJso=,46724LsnXeIsM2gdqLgYCt3za08=
-30,-83,cdafl/i/gdPoLc5yG4ijVkCJJso=,46724LsnXeIsM2gdqLgYCt3za08=
-31,-82,cdafl/i/gdPoLc5yG4ijVkCJJso=,46724LsnXeIsM2gdqLgYCt3za08=
-31,-83,cdafl/i/gdPoLc5yG4ijVkCJJso=,46724LsnXeIsM2gdqLgYCt3za08=
-27,-84,cdafl/i/gdPoLc5yG4ijVkCJJso=,46724LsnXeIsM2gdqLgYCt3za08=
-28,-84,cdafl/i/gdPoLc5yG4ijVkCJJso=,46724LsnXeIsM2gdqLgYCt3za08=
-29,-84,cdafl/i/gdPoLc5yG4ijVkCJJso=,46724LsnXeIsM2gdqLgYCt3za08=
-27,-81,cdafl/i/gdPoLc5yG4ijVkCJJso=,46724LsnXeIsM2gdqLgYCt3za08=
-32,-83,cdafl/i/gdPoLc5yG4ijVkCJJso=,46724LsnXeIsM2gdqLgYCt3za08=
-19,-82,cdafl/i/gdPoLc5yG4ijVkCJJso=,bddHmEE4R44ts/8jwcxJc/2Dw6k=
-26,-84,cdafl/i/gdPoLc5yG4ijVkCJJso=,46724LsnXeIsM2gdqLgYCt3za08=
-31,-84,cdafl/i/gdPoLc5yG4ijVkCJJso=,46724LsnXeIsM2gdqLgYCt3za08=
-18,-83,cdafl/i/gdPoLc5yG4ijVkCJJso=,bddHmEE4R44ts/8jwcxJc/2Dw6k=
-28,-85,cdafl/i/gdPoLc5yG4ijVkCJJso=,46724LsnXeIsM2gdqLgYCt3za08=
-26,-81,cdafl/i/gdPoLc5yG4ijVkCJJso=,46724LsnXeIsM2gdqLgYCt3za08=
-27,-85,cdafl/i/gdPoLc5yG4ijVkCJJso=,46724LsnXeIsM2gdqLgYCt3za08=
-20,-82,cdafl/i/gdPoLc5yG4ijVkCJJso=,bddHmEE4R44ts/8jwcxJc/2Dw6k=
-30,-84,cdafl/i/gdPoLc5yG4ijVkCJJso=,46724LsnXeIsM2gdqLgYCt3za08=
-24,-83,cdafl/i/gdPoLc5yG4ijVkCJJso=,bddHmEE4R44ts/8jwcxJc/2Dw6k=
-32,-84,cdafl/i/gdPoLc5yG4ijVkCJJso=,46724LsnXeIsM2gdqLgYCt3za08=
-31,-85,cdafl/i/gdPoLc5yG4ijVkCJJso=,46724LsnXeIsM2gdqLgYCt3za08=
-26,-85,cdafl/i/gdPoLc5yG4ijVkCJJso=,46724LsnXeIsM2gdqLgYCt3za08=
-29,-85,cdafl/i/gdPoLc5yG4ijVkCJJso=,46724LsnXeIsM2gdqLgYCt3za08=
-32,-85,cdafl/i/gdPoLc5yG4ijVkCJJso=,46724LsnXeIsM2gdqLgYCt3za08=
-30,-85,cdafl/i/gdPoLc5yG4ijVkCJJso=,46724LsnXeIsM2gdqLgYCt3za08=
-17,-83,cdafl/i/gdPoLc5yG4ijVkCJJso=,bddHmEE4R44ts/8jwcxJc/2Dw6k=
-28,-86,cdafl/i/gdPoLc5yG4ijVkCJJso=,46724LsnXeIsM2gdqLgYCt3za08=
-30,-86,cdafl/i/gdPoLc5yG4ijVkCJJso=,46724LsnXeIsM2gdqLgYCt3za08=
-21,-81,cdafl/i/gdPoLc5yG4ijVkCJJso=,bddHmEE4R44ts/8jwcxJc/2Dw6k=
-29,-86,cdafl/i/gdPoLc5yG4ijVkCJJso=,46724LsnXeIsM2gdqLgYCt3za08=
-20,-81,cdafl/i/gdPoLc5yG4ijVkCJJso=,bddHmEE4R44ts/8jwcxJc/2Dw6k=
-31,-86,cdafl/i/gdPoLc5yG4ijVkCJJso=,46724LsnXeIsM2gdqLgYCt3za08=
-32,-86,cdafl/i/gdPoLc5yG4ijVkCJJso=,46724LsnXeIsM2gdqLgYCt3za08=
-27,-86,cdafl/i/gdPoLc5yG4ijVkCJJso=,46724LsnXeIsM2gdqLgYCt3za08=
-21,-82,cdafl/i/gdPoLc5yG4ijVkCJJso=,bddHmEE4R44ts/8jwcxJc/2Dw6k=
-26,-87,cdafl/i/gdPoLc5yG4ijVkCJJso=,46724LsnXeIsM2gdqLgYCt3za08=
-31,-88,cdafl/i/gdPoLc5yG4ijVkCJJso=,46724LsnXeIsM2gdqLgYCt3za08=
-19,-81,cdafl/i/gdPoLc5yG4ijVkCJJso=,bddHmEE4R44ts/8jwcxJc/2Dw6k=
-28,-87,cdafl/i/gdPoLc5yG4ijVkCJJso=,46724LsnXeIsM2gdqLgYCt3za08=
-26,-86,cdafl/i/gdPoLc5yG4ijVkCJJso=,46724LsnXeIsM2gdqLgYCt3za08=
-27,-87,cdafl/i/gdPoLc5yG4ijVkCJJso=,46724LsnXeIsM2gdqLgYCt3za08=
-31,-87,cdafl/i/gdPoLc5yG4ijVkCJJso=,46724LsnXeIsM2gdqLgYCt3za08=
-29,-87,cdafl/i/gdPoLc5yG4ijVkCJJso=,46724LsnXeIsM2gdqLgYCt3za08=
-26,-88,cdafl/i/gdPoLc5yG4ijVkCJJso=,46724LsnXeIsM2gdqLgYCt3za08=
-18,-81,cdafl/i/gdPoLc5yG4ijVkCJJso=,bddHmEE4R44ts/8jwcxJc/2Dw6k=
-30,-88,cdafl/i/gdPoLc5yG4ijVkCJJso=,46724LsnXeIsM2gdqLgYCt3za08=
-22,-82,cdafl/i/gdPoLc5yG4ijVkCJJso=,bddHmEE4R44ts/8jwcxJc/2Dw6k=
-21,-87,cdafl/i/gdPoLc5yG4ijVkCJJso=,bddHmEE4R44ts/8jwcxJc/2Dw6k=
-32,-87,cdafl/i/gdPoLc5yG4ijVkCJJso=,46724LsnXeIsM2gdqLgYCt3za08=
-30,-87,cdafl/i/gdPoLc5yG4ijVkCJJso=,46724LsnXeIsM2gdqLgYCt3za08=
-29,-88,cdafl/i/gdPoLc5yG4ijVkCJJso=,46724LsnXeIsM2gdqLgYCt3za08=
-28,-88,cdafl/i/gdPoLc5yG4ijVkCJJso=,46724LsnXeIsM2gdqLgYCt3za08=
-22,-81,cdafl/i/gdPoLc5yG4ijVkCJJso=,bddHmEE4R44ts/8jwcxJc/2Dw6k=
-17,-82,cdafl/i/gdPoLc5yG4ijVkCJJso=,bddHmEE4R44ts/8jwcxJc/2Dw6k=
-24,-82,cdafl/i/gdPoLc5yG4ijVkCJJso=,bddHmEE4R44ts/8jwcxJc/2Dw6k=
-18,-82,cdafl/i/gdPoLc5yG4ijVkCJJso=,bddHmEE4R44ts/8jwcxJc/2Dw6k=
-17,-84,cdafl/i/gdPoLc5yG4ijVkCJJso=,bddHmEE4R44ts/8jwcxJc/2Dw6k=
-23,-81,cdafl/i/gdPoLc5yG4ijVkCJJso=,bddHmEE4R44ts/8jwcxJc/2Dw6k=
-24,-81,cdafl/i/gdPoLc5yG4ijVkCJJso=,bddHmEE4R44ts/8jwcxJc/2Dw6k=
-21,-88,cdafl/i/gdPoLc5yG4ijVkCJJso=,bddHmEE4R44ts/8jwcxJc/2Dw6k=
-19,-83,cdafl/i/gdPoLc5yG4ijVkCJJso=,bddHmEE4R44ts/8jwcxJc/2Dw6k=
-23,-82,cdafl/i/gdPoLc5yG4ijVkCJJso=,bddHmEE4R44ts/8jwcxJc/2Dw6k=
-17,-81,cdafl/i/gdPoLc5yG4ijVkCJJso=,bddHmEE4R44ts/8jwcxJc/2Dw6k=
-27,-88,cdafl/i/gdPoLc5yG4ijVkCJJso=,46724LsnXeIsM2gdqLgYCt3za08=
-20,-83,cdafl/i/gdPoLc5yG4ijVkCJJso=,bddHmEE4R44ts/8jwcxJc/2Dw6k=
-23,-86,cdafl/i/gdPoLc5yG4ijVkCJJso=,bddHmEE4R44ts/8jwcxJc/2Dw6k=
-18,-84,cdafl/i/gdPoLc5yG4ijVkCJJso=,bddHmEE4R44ts/8jwcxJc/2Dw6k=
-23,-87,cdafl/i/gdPoLc5yG4ijVkCJJso=,bddHmEE4R44ts/8jwcxJc/2Dw6k=
-25,-82,cdafl/i/gdPoLc5yG4ijVkCJJso=,46724LsnXeIsM2gdqLgYCt3za08=
-22,-87,cdafl/i/gdPoLc5yG4ijVkCJJso=,bddHmEE4R44ts/8jwcxJc/2Dw6k=
-22,-83,cdafl/i/gdPoLc5yG4ijVkCJJso=,bddHmEE4R44ts/8jwcxJc/2Dw6k=
-25,-83,cdafl/i/gdPoLc5yG4ijVkCJJso=,46724LsnXeIsM2gdqLgYCt3za08=
-24,-88,cdafl/i/gdPoLc5yG4ijVkCJJso=,bddHmEE4R44ts/8jwcxJc/2Dw6k=
-24,-86,cdafl/i/gdPoLc5yG4ijVkCJJso=,bddHmEE4R44ts/8jwcxJc/2Dw6k=
-19,-84,cdafl/i/gdPoLc5yG4ijVkCJJso=,bddHmEE4R44ts/8jwcxJc/2Dw6k=
-20,-84,cdafl/i/gdPoLc5yG4ijVkCJJso=,bddHmEE4R44ts/8jwcxJc/2Dw6k=
-25,-84,cdafl/i/gdPoLc5yG4ijVkCJJso=,46724LsnXeIsM2gdqLgYCt3za08=
-22,-86,cdafl/i/gdPoLc5yG4ijVkCJJso=,bddHmEE4R44ts/8jwcxJc/2Dw6k=
-25,-86,cdafl/i/gdPoLc5yG4ijVkCJJso=,46724LsnXeIsM2gdqLgYCt3za08=
-21,-84,cdafl/i/gdPoLc5yG4ijVkCJJso=,bddHmEE4R44ts/8jwcxJc/2Dw6k=
-25,-85,cdafl/i/gdPoLc5yG4ijVkCJJso=,46724LsnXeIsM2gdqLgYCt3za08=
-24,-87,cdafl/i/gdPoLc5yG4ijVkCJJso=,bddHmEE4R44ts/8jwcxJc/2Dw6k=
-18,-87,cdafl/i/gdPoLc5yG4ijVkCJJso=,bddHmEE4R44ts/8jwcxJc/2Dw6k=
-17,-87,cdafl/i/gdPoLc5yG4ijVkCJJso=,bddHmEE4R44ts/8jwcxJc/2Dw6k=
-25,-87,cdafl/i/gdPoLc5yG4ijVkCJJso=,46724LsnXeIsM2gdqLgYCt3za08=
-23,-85,cdafl/i/gdPoLc5yG4ijVkCJJso=,bddHmEE4R44ts/8jwcxJc/2Dw6k=
-22,-85,cdafl/i/gdPoLc5yG4ijVkCJJso=,bddHmEE4R44ts/8jwcxJc/2Dw6k=
-22,-84,cdafl/i/gdPoLc5yG4ijVkCJJso=,bddHmEE4R44ts/8jwcxJc/2Dw6k=
-17,-88,cdafl/i/gdPoLc5yG4ijVkCJJso=,bddHmEE4R44ts/8jwcxJc/2Dw6k=
-19,-87,cdafl/i/gdPoLc5yG4ijVkCJJso=,bddHmEE4R44ts/8jwcxJc/2Dw6k=
-17,-86,cdafl/i/gdPoLc5yG4ijVkCJJso=,bddHmEE4R44ts/8jwcxJc/2Dw6k=
-23,-88,cdafl/i/gdPoLc5yG4ijVkCJJso=,bddHmEE4R44ts/8jwcxJc/2Dw6k=
-17,-85,cdafl/i/gdPoLc5yG4ijVkCJJso=,bddHmEE4R44ts/8jwcxJc/2Dw6k=
-24,-85,cdafl/i/gdPoLc5yG4ijVkCJJso=,bddHmEE4R44ts/8jwcxJc/2Dw6k=
-21,-85,cdafl/i/gdPoLc5yG4ijVkCJJso=,bddHmEE4R44ts/8jwcxJc/2Dw6k=
-18,-85,cdafl/i/gdPoLc5yG4ijVkCJJso=,bddHmEE4R44ts/8jwcxJc/2Dw6k=
-18,-86,cdafl/i/gdPoLc5yG4ijVkCJJso=,bddHmEE4R44ts/8jwcxJc/2Dw6k=
-19,-86,cdafl/i/gdPoLc5yG4ijVkCJJso=,bddHmEE4R44ts/8jwcxJc/2Dw6k=
-18,-88,cdafl/i/gdPoLc5yG4ijVkCJJso=,bddHmEE4R44ts/8jwcxJc/2Dw6k=
-25,-88,cdafl/i/gdPoLc5yG4ijVkCJJso=,46724LsnXeIsM2gdqLgYCt3za08=
-20,-86,cdafl/i/gdPoLc5yG4ijVkCJJso=,bddHmEE4R44ts/8jwcxJc/2Dw6k=
-23,-83,cdafl/i/gdPoLc5yG4ijVkCJJso=,bddHmEE4R44ts/8jwcxJc/2Dw6k=
-22,-88,cdafl/i/gdPoLc5yG4ijVkCJJso=,bddHmEE4R44ts/8jwcxJc/2Dw6k=
-21,-86,cdafl/i/gdPoLc5yG4ijVkCJJso=,bddHmEE4R44ts/8jwcxJc/2Dw6k=
-20,-85,cdafl/i/gdPoLc5yG4ijVkCJJso=,bddHmEE4R44ts/8jwcxJc/2Dw6k=
-23,-84,cdafl/i/gdPoLc5yG4ijVkCJJso=,bddHmEE4R44ts/8jwcxJc/2Dw6k=
-19,-88,cdafl/i/gdPoLc5yG4ijVkCJJso=,bddHmEE4R44ts/8jwcxJc/2Dw6k=
-21,-83,cdafl/i/gdPoLc5yG4ijVkCJJso=,bddHmEE4R44ts/8jwcxJc/2Dw6k=
-20,-88,cdafl/i/gdPoLc5yG4ijVkCJJso=,bddHmEE4R44ts/8jwcxJc/2Dw6k=
-24,-84,cdafl/i/gdPoLc5yG4ijVkCJJso=,bddHmEE4R44ts/8jwcxJc/2Dw6k=
-19,-85,cdafl/i/gdPoLc5yG4ijVkCJJso=,bddHmEE4R44ts/8jwcxJc/2Dw6k=
-20,-87,cdafl/i/gdPoLc5yG4ijVkCJJso=,bddHmEE4R44ts/8jwcxJc/2Dw6k=
-25,-81,cdafl/i/gdPoLc5yG4ijVkCJJso=,46724LsnXeIsM2gdqLgYCt3za08=
-28,-75,O96gmU6zmue/CS3YiGOo1vwOcjg=,ocovC56eGwLgoPDKnnxql0da2uk=
-25,-74,O96gmU6zmue/CS3YiGOo1vwOcjg=,ocovC56eGwLgoPDKnnxql0da2uk=
-25,-75,O96gmU6zmue/CS3YiGOo1vwOcjg=,ocovC56eGwLgoPDKnnxql0da2uk=
-23,-79,O96gmU6zmue/CS3YiGOo1vwOcjg=,+MNVZgvI5TonqsCgcQ5pQ+rciO0=
-24,-79,O96gmU6zmue/CS3YiGOo1vwOcjg=,+MNVZgvI5TonqsCgcQ5pQ+rciO0=
-22,-79,O96gmU6zmue/CS3YiGOo1vwOcjg=,+MNVZgvI5TonqsCgcQ5pQ+rciO0=
-21,-79,O96gmU6zmue/CS3YiGOo1vwOcjg=,+MNVZgvI5TonqsCgcQ5pQ+rciO0=
-20,-79,O96gmU6zmue/CS3YiGOo1vwOcjg=,+MNVZgvI5TonqsCgcQ5pQ+rciO0=
-19,-79,O96gmU6zmue/CS3YiGOo1vwOcjg=,+MNVZgvI5TonqsCgcQ5pQ+rciO0=
-24,-78,O96gmU6zmue/CS3YiGOo1vwOcjg=,+MNVZgvI5TonqsCgcQ5pQ+rciO0=
-18,-79,O96gmU6zmue/CS3YiGOo1vwOcjg=,+MNVZgvI5TonqsCgcQ5pQ+rciO0=
-23,-78,O96gmU6zmue/CS3YiGOo1vwOcjg=,+MNVZgvI5TonqsCgcQ5pQ+rciO0=
-29,-75,O96gmU6zmue/CS3YiGOo1vwOcjg=,ocovC56eGwLgoPDKnnxql0da2uk=
-25,-76,O96gmU6zmue/CS3YiGOo1vwOcjg=,ocovC56eGwLgoPDKnnxql0da2uk=
-25,-77,O96gmU6zmue/CS3YiGOo1vwOcjg=,ocovC56eGwLgoPDKnnxql0da2uk=
-18,-74,O96gmU6zmue/CS3YiGOo1vwOcjg=,+MNVZgvI5TonqsCgcQ5pQ+rciO0=
-30,-75,O96gmU6zmue/CS3YiGOo1vwOcjg=,ocovC56eGwLgoPDKnnxql0da2uk=
-19,-74,O96gmU6zmue/CS3YiGOo1vwOcjg=,+MNVZgvI5TonqsCgcQ5pQ+rciO0=
-22,-78,O96gmU6zmue/CS3YiGOo1vwOcjg=,+MNVZgvI5TonqsCgcQ5pQ+rciO0=
-20,-74,O96gmU6zmue/CS3YiGOo1vwOcjg=,+MNVZgvI5TonqsCgcQ5pQ+rciO0=
-21,-74,O96gmU6zmue/CS3YiGOo1vwOcjg=,+MNVZgvI5TonqsCgcQ5pQ+rciO0=
-23,-74,O96gmU6zmue/CS3YiGOo1vwOcjg=,+MNVZgvI5TonqsCgcQ5pQ+rciO0=
-22,-74,O96gmU6zmue/CS3YiGOo1vwOcjg=,+MNVZgvI5TonqsCgcQ5pQ+rciO0=
-20,-73,O96gmU6zmue/CS3YiGOo1vwOcjg=,+MNVZgvI5TonqsCgcQ5pQ+rciO0=
-24,-74,O96gmU6zmue/CS3YiGOo1vwOcjg=,+MNVZgvI5TonqsCgcQ5pQ+rciO0=
-25,-78,O96gmU6zmue/CS3YiGOo1vwOcjg=,ocovC56eGwLgoPDKnnxql0da2uk=
-18,-75,O96gmU6zmue/CS3YiGOo1vwOcjg=,+MNVZgvI5TonqsCgcQ5pQ+rciO0=
-19,-75,O96gmU6zmue/CS3YiGOo1vwOcjg=,+MNVZgvI5TonqsCgcQ5pQ+rciO0=
-18,-68,O96gmU6zmue/CS3YiGOo1vwOcjg=,uAiFWKyy+BBHzc+mx1qv4/kRFCE=
-21,-75,O96gmU6zmue/CS3YiGOo1vwOcjg=,+MNVZgvI5TonqsCgcQ5pQ+rciO0=
-20,-75,O96gmU6zmue/CS3YiGOo1vwOcjg=,+MNVZgvI5TonqsCgcQ5pQ+rciO0=
-21,-78,O96gmU6zmue/CS3YiGOo1vwOcjg=,+MNVZgvI5TonqsCgcQ5pQ+rciO0=
-31,-75,O96gmU6zmue/CS3YiGOo1vwOcjg=,ocovC56eGwLgoPDKnnxql0da2uk=
-21,-73,O96gmU6zmue/CS3YiGOo1vwOcjg=,+MNVZgvI5TonqsCgcQ5pQ+rciO0=
-26,-76,O96gmU6zmue/CS3YiGOo1vwOcjg=,ocovC56eGwLgoPDKnnxql0da2uk=
-22,-75,O96gmU6zmue/CS3YiGOo1vwOcjg=,+MNVZgvI5TonqsCgcQ5pQ+rciO0=
-23,-75,O96gmU6zmue/CS3YiGOo1vwOcjg=,+MNVZgvI5TonqsCgcQ5pQ+rciO0=
-19,-73,O96gmU6zmue/CS3YiGOo1vwOcjg=,+MNVZgvI5TonqsCgcQ5pQ+rciO0=
-24,-75,O96gmU6zmue/CS3YiGOo1vwOcjg=,+MNVZgvI5TonqsCgcQ5pQ+rciO0=
-27,-76,O96gmU6zmue/CS3YiGOo1vwOcjg=,ocovC56eGwLgoPDKnnxql0da2uk=
-28,-76,O96gmU6zmue/CS3YiGOo1vwOcjg=,ocovC56eGwLgoPDKnnxql0da2uk=
-20,-78,O96gmU6zmue/CS3YiGOo1vwOcjg=,+MNVZgvI5TonqsCgcQ5pQ+rciO0=
-22,-73,O96gmU6zmue/CS3YiGOo1vwOcjg=,+MNVZgvI5TonqsCgcQ5pQ+rciO0=
-19,-76,O96gmU6zmue/CS3YiGOo1vwOcjg=,+MNVZgvI5TonqsCgcQ5pQ+rciO0=
-29,-76,O96gmU6zmue/CS3YiGOo1vwOcjg=,ocovC56eGwLgoPDKnnxql0da2uk=
-18,-76,O96gmU6zmue/CS3YiGOo1vwOcjg=,+MNVZgvI5TonqsCgcQ5pQ+rciO0=
-30,-76,O96gmU6zmue/CS3YiGOo1vwOcjg=,ocovC56eGwLgoPDKnnxql0da2uk=
-20,-76,O96gmU6zmue/CS3YiGOo1vwOcjg=,+MNVZgvI5TonqsCgcQ5pQ+rciO0=
-21,-76,O96gmU6zmue/CS3YiGOo1vwOcjg=,+MNVZgvI5TonqsCgcQ5pQ+rciO0=
-23,-69,O96gmU6zmue/CS3YiGOo1vwOcjg=,uAiFWKyy+BBHzc+mx1qv4/kRFCE=
-23,-73,O96gmU6zmue/CS3YiGOo1vwOcjg=,+MNVZgvI5TonqsCgcQ5pQ+rciO0=
-19,-66,O96gmU6zmue/CS3YiGOo1vwOcjg=,uAiFWKyy+BBHzc+mx1qv4/kRFCE=
-25,-79,O96gmU6zmue/CS3YiGOo1vwOcjg=,ocovC56eGwLgoPDKnnxql0da2uk=
-22,-76,O96gmU6zmue/CS3YiGOo1vwOcjg=,+MNVZgvI5TonqsCgcQ5pQ+rciO0=
-31,-76,O96gmU6zmue/CS3YiGOo1vwOcjg=,ocovC56eGwLgoPDKnnxql0da2uk=
-23,-76,O96gmU6zmue/CS3YiGOo1vwOcjg=,+MNVZgvI5TonqsCgcQ5pQ+rciO0=
-19,-78,O96gmU6zmue/CS3YiGOo1vwOcjg=,+MNVZgvI5TonqsCgcQ5pQ+rciO0=
-24,-76,O96gmU6zmue/CS3YiGOo1vwOcjg=,+MNVZgvI5TonqsCgcQ5pQ+rciO0=
-18,-66,O96gmU6zmue/CS3YiGOo1vwOcjg=,uAiFWKyy+BBHzc+mx1qv4/kRFCE=
-20,-66,O96gmU6zmue/CS3YiGOo1vwOcjg=,uAiFWKyy+BBHzc+mx1qv4/kRFCE=
-18,-77,O96gmU6zmue/CS3YiGOo1vwOcjg=,+MNVZgvI5TonqsCgcQ5pQ+rciO0=
-18,-73,O96gmU6zmue/CS3YiGOo1vwOcjg=,+MNVZgvI5TonqsCgcQ5pQ+rciO0=
-19,-77,O96gmU6zmue/CS3YiGOo1vwOcjg=,+MNVZgvI5TonqsCgcQ5pQ+rciO0=
-21,-66,O96gmU6zmue/CS3YiGOo1vwOcjg=,uAiFWKyy+BBHzc+mx1qv4/kRFCE=
-18,-70,O96gmU6zmue/CS3YiGOo1vwOcjg=,uAiFWKyy+BBHzc+mx1qv4/kRFCE=
-18,-78,O96gmU6zmue/CS3YiGOo1vwOcjg=,+MNVZgvI5TonqsCgcQ5pQ+rciO0=
-21,-77,O96gmU6zmue/CS3YiGOo1vwOcjg=,+MNVZgvI5TonqsCgcQ5pQ+rciO0=
-20,-77,O96gmU6zmue/CS3YiGOo1vwOcjg=,+MNVZgvI5TonqsCgcQ5pQ+rciO0=
-22,-77,O96gmU6zmue/CS3YiGOo1vwOcjg=,+MNVZgvI5TonqsCgcQ5pQ+rciO0=
-19,-70,O96gmU6zmue/CS3YiGOo1vwOcjg=,uAiFWKyy+BBHzc+mx1qv4/kRFCE=
-18,-69,O96gmU6zmue/CS3YiGOo1vwOcjg=,uAiFWKyy+BBHzc+mx1qv4/kRFCE=
-26,-77,O96gmU6zmue/CS3YiGOo1vwOcjg=,ocovC56eGwLgoPDKnnxql0da2uk=
-23,-70,O96gmU6zmue/CS3YiGOo1vwOcjg=,uAiFWKyy+BBHzc+mx1qv4/kRFCE=
-23,-77,O96gmU6zmue/CS3YiGOo1vwOcjg=,+MNVZgvI5TonqsCgcQ5pQ+rciO0=
-22,-72,O96gmU6zmue/CS3YiGOo1vwOcjg=,uAiFWKyy+BBHzc+mx1qv4/kRFCE=
-24,-77,O96gmU6zmue/CS3YiGOo1vwOcjg=,+MNVZgvI5TonqsCgcQ5pQ+rciO0=
-18,-67,O96gmU6zmue/CS3YiGOo1vwOcjg=,uAiFWKyy+BBHzc+mx1qv4/kRFCE=
-27,-77,O96gmU6zmue/CS3YiGOo1vwOcjg=,ocovC56eGwLgoPDKnnxql0da2uk=
-20,-70,O96gmU6zmue/CS3YiGOo1vwOcjg=,uAiFWKyy+BBHzc+mx1qv4/kRFCE=
-22,-66,O96gmU6zmue/CS3YiGOo1vwOcjg=,uAiFWKyy+BBHzc+mx1qv4/kRFCE=
-28,-77,O96gmU6zmue/CS3YiGOo1vwOcjg=,ocovC56eGwLgoPDKnnxql0da2uk=
-22,-69,O96gmU6zmue/CS3YiGOo1vwOcjg=,uAiFWKyy+BBHzc+mx1qv4/kRFCE=
-29,-77,O96gmU6zmue/CS3YiGOo1vwOcjg=,ocovC56eGwLgoPDKnnxql0da2uk=
-31,-77,O96gmU6zmue/CS3YiGOo1vwOcjg=,ocovC56eGwLgoPDKnnxql0da2uk=
-30,-77,O96gmU6zmue/CS3YiGOo1vwOcjg=,ocovC56eGwLgoPDKnnxql0da2uk=
-26,-78,O96gmU6zmue/CS3YiGOo1vwOcjg=,ocovC56eGwLgoPDKnnxql0da2uk=
-28,-78,O96gmU6zmue/CS3YiGOo1vwOcjg=,ocovC56eGwLgoPDKnnxql0da2uk=
-18,-71,O96gmU6zmue/CS3YiGOo1vwOcjg=,uAiFWKyy+BBHzc+mx1qv4/kRFCE=
-23,-72,O96gmU6zmue/CS3YiGOo1vwOcjg=,uAiFWKyy+BBHzc+mx1qv4/kRFCE=
-26,-79,O96gmU6zmue/CS3YiGOo1vwOcjg=,ocovC56eGwLgoPDKnnxql0da2uk=
-27,-78,O96gmU6zmue/CS3YiGOo1vwOcjg=,ocovC56eGwLgoPDKnnxql0da2uk=
-27,-79,O96gmU6zmue/CS3YiGOo1vwOcjg=,ocovC56eGwLgoPDKnnxql0da2uk=
-28,-79,O96gmU6zmue/CS3YiGOo1vwOcjg=,ocovC56eGwLgoPDKnnxql0da2uk=
-29,-79,O96gmU6zmue/CS3YiGOo1vwOcjg=,ocovC56eGwLgoPDKnnxql0da2uk=
-30,-79,O96gmU6zmue/CS3YiGOo1vwOcjg=,ocovC56eGwLgoPDKnnxql0da2uk=
-29,-78,O96gmU6zmue/CS3YiGOo1vwOcjg=,ocovC56eGwLgoPDKnnxql0da2uk=
-19,-71,O96gmU6zmue/CS3YiGOo1vwOcjg=,uAiFWKyy+BBHzc+mx1qv4/kRFCE=
-31,-78,O96gmU6zmue/CS3YiGOo1vwOcjg=,ocovC56eGwLgoPDKnnxql0da2uk=
-30,-78,O96gmU6zmue/CS3YiGOo1vwOcjg=,ocovC56eGwLgoPDKnnxql0da2uk=
-21,-72,O96gmU6zmue/CS3YiGOo1vwOcjg=,uAiFWKyy+BBHzc+mx1qv4/kRFCE=
-31,-79,O96gmU6zmue/CS3YiGOo1vwOcjg=,ocovC56eGwLgoPDKnnxql0da2uk=
-27,-74,O96gmU6zmue/CS3YiGOo1vwOcjg=,ocovC56eGwLgoPDKnnxql0da2uk=
-26,-74,O96gmU6zmue/CS3YiGOo1vwOcjg=,ocovC56eGwLgoPDKnnxql0da2uk=
-20,-72,O96gmU6zmue/CS3YiGOo1vwOcjg=,uAiFWKyy+BBHzc+mx1qv4/kRFCE=
-28,-74,O96gmU6zmue/CS3YiGOo1vwOcjg=,ocovC56eGwLgoPDKnnxql0da2uk=
-29,-74,O96gmU6zmue/CS3YiGOo1vwOcjg=,ocovC56eGwLgoPDKnnxql0da2uk=
-30,-74,O96gmU6zmue/CS3YiGOo1vwOcjg=,ocovC56eGwLgoPDKnnxql0da2uk=
-26,-75,O96gmU6zmue/CS3YiGOo1vwOcjg=,ocovC56eGwLgoPDKnnxql0da2uk=
-31,-74,O96gmU6zmue/CS3YiGOo1vwOcjg=,ocovC56eGwLgoPDKnnxql0da2uk=
-27,-75,O96gmU6zmue/CS3YiGOo1vwOcjg=,ocovC56eGwLgoPDKnnxql0da2uk=
-21,-70,O96gmU6zmue/CS3YiGOo1vwOcjg=,uAiFWKyy+BBHzc+mx1qv4/kRFCE=
-20,-71,O96gmU6zmue/CS3YiGOo1vwOcjg=,uAiFWKyy+BBHzc+mx1qv4/kRFCE=
-19,-72,O96gmU6zmue/CS3YiGOo1vwOcjg=,uAiFWKyy+BBHzc+mx1qv4/kRFCE=
-19,-67,O96gmU6zmue/CS3YiGOo1vwOcjg=,uAiFWKyy+BBHzc+mx1qv4/kRFCE=
-28,-69,O96gmU6zmue/CS3YiGOo1vwOcjg=,xpOe/VGF3twsTvO9KOPObCBYhiU=
-21,-71,O96gmU6zmue/CS3YiGOo1vwOcjg=,uAiFWKyy+BBHzc+mx1qv4/kRFCE=
-18,-72,O96gmU6zmue/CS3YiGOo1vwOcjg=,uAiFWKyy+BBHzc+mx1qv4/kRFCE=
-20,-65,O96gmU6zmue/CS3YiGOo1vwOcjg=,uAiFWKyy+BBHzc+mx1qv4/kRFCE=
-22,-71,O96gmU6zmue/CS3YiGOo1vwOcjg=,uAiFWKyy+BBHzc+mx1qv4/kRFCE=
-25,-65,O96gmU6zmue/CS3YiGOo1vwOcjg=,xpOe/VGF3twsTvO9KOPObCBYhiU=
-21,-65,O96gmU6zmue/CS3YiGOo1vwOcjg=,uAiFWKyy+BBHzc+mx1qv4/kRFCE=
-19,-68,O96gmU6zmue/CS3YiGOo1vwOcjg=,uAiFWKyy+BBHzc+mx1qv4/kRFCE=
-22,-65,O96gmU6zmue/CS3YiGOo1vwOcjg=,uAiFWKyy+BBHzc+mx1qv4/kRFCE=
-23,-65,O96gmU6zmue/CS3YiGOo1vwOcjg=,uAiFWKyy+BBHzc+mx1qv4/kRFCE=
-24,-65,O96gmU6zmue/CS3YiGOo1vwOcjg=,uAiFWKyy+BBHzc+mx1qv4/kRFCE=
-18,-65,O96gmU6zmue/CS3YiGOo1vwOcjg=,uAiFWKyy+BBHzc+mx1qv4/kRFCE=
-23,-71,O96gmU6zmue/CS3YiGOo1vwOcjg=,uAiFWKyy+BBHzc+mx1qv4/kRFCE=
-19,-65,O96gmU6zmue/CS3YiGOo1vwOcjg=,uAiFWKyy+BBHzc+mx1qv4/kRFCE=
-27,-69,O96gmU6zmue/CS3YiGOo1vwOcjg=,xpOe/VGF3twsTvO9KOPObCBYhiU=
-22,-68,O96gmU6zmue/CS3YiGOo1vwOcjg=,uAiFWKyy+BBHzc+mx1qv4/kRFCE=
-23,-68,O96gmU6zmue/CS3YiGOo1vwOcjg=,uAiFWKyy+BBHzc+mx1qv4/kRFCE=
-21,-68,O96gmU6zmue/CS3YiGOo1vwOcjg=,uAiFWKyy+BBHzc+mx1qv4/kRFCE=
-20,-68,O96gmU6zmue/CS3YiGOo1vwOcjg=,uAiFWKyy+BBHzc+mx1qv4/kRFCE=
-19,-69,O96gmU6zmue/CS3YiGOo1vwOcjg=,uAiFWKyy+BBHzc+mx1qv4/kRFCE=
-21,-67,O96gmU6zmue/CS3YiGOo1vwOcjg=,uAiFWKyy+BBHzc+mx1qv4/kRFCE=
-23,-66,O96gmU6zmue/CS3YiGOo1vwOcjg=,uAiFWKyy+BBHzc+mx1qv4/kRFCE=
-26,-69,O96gmU6zmue/CS3YiGOo1vwOcjg=,xpOe/VGF3twsTvO9KOPObCBYhiU=
-23,-67,O96gmU6zmue/CS3YiGOo1vwOcjg=,uAiFWKyy+BBHzc+mx1qv4/kRFCE=
-24,-66,O96gmU6zmue/CS3YiGOo1vwOcjg=,uAiFWKyy+BBHzc+mx1qv4/kRFCE=
-20,-69,O96gmU6zmue/CS3YiGOo1vwOcjg=,uAiFWKyy+BBHzc+mx1qv4/kRFCE=
-22,-67,O96gmU6zmue/CS3YiGOo1vwOcjg=,uAiFWKyy+BBHzc+mx1qv4/kRFCE=
-21,-69,O96gmU6zmue/CS3YiGOo1vwOcjg=,uAiFWKyy+BBHzc+mx1qv4/kRFCE=
-22,-70,O96gmU6zmue/CS3YiGOo1vwOcjg=,uAiFWKyy+BBHzc+mx1qv4/kRFCE=
-29,-69,O96gmU6zmue/CS3YiGOo1vwOcjg=,xpOe/VGF3twsTvO9KOPObCBYhiU=
-24,-69,O96gmU6zmue/CS3YiGOo1vwOcjg=,uAiFWKyy+BBHzc+mx1qv4/kRFCE=
-30,-69,O96gmU6zmue/CS3YiGOo1vwOcjg=,xpOe/VGF3twsTvO9KOPObCBYhiU=
-31,-69,O96gmU6zmue/CS3YiGOo1vwOcjg=,xpOe/VGF3twsTvO9KOPObCBYhiU=
-17,-69,O96gmU6zmue/CS3YiGOo1vwOcjg=,uAiFWKyy+BBHzc+mx1qv4/kRFCE=
-24,-67,O96gmU6zmue/CS3YiGOo1vwOcjg=,uAiFWKyy+BBHzc+mx1qv4/kRFCE=
-26,-65,O96gmU6zmue/CS3YiGOo1vwOcjg=,xpOe/VGF3twsTvO9KOPObCBYhiU=
-17,-71,O96gmU6zmue/CS3YiGOo1vwOcjg=,uAiFWKyy+BBHzc+mx1qv4/kRFCE=
-27,-65,O96gmU6zmue/CS3YiGOo1vwOcjg=,xpOe/VGF3twsTvO9KOPObCBYhiU=
-25,-70,O96gmU6zmue/CS3YiGOo1vwOcjg=,xpOe/VGF3twsTvO9KOPObCBYhiU=
-28,-70,O96gmU6zmue/CS3YiGOo1vwOcjg=,xpOe/VGF3twsTvO9KOPObCBYhiU=
-26,-70,O96gmU6zmue/CS3YiGOo1vwOcjg=,xpOe/VGF3twsTvO9KOPObCBYhiU=
-24,-73,O96gmU6zmue/CS3YiGOo1vwOcjg=,+MNVZgvI5TonqsCgcQ5pQ+rciO0=
-17,-66,O96gmU6zmue/CS3YiGOo1vwOcjg=,uAiFWKyy+BBHzc+mx1qv4/kRFCE=
-17,-70,O96gmU6zmue/CS3YiGOo1vwOcjg=,uAiFWKyy+BBHzc+mx1qv4/kRFCE=
-31,-73,O96gmU6zmue/CS3YiGOo1vwOcjg=,ocovC56eGwLgoPDKnnxql0da2uk=
-27,-70,O96gmU6zmue/CS3YiGOo1vwOcjg=,xpOe/VGF3twsTvO9KOPObCBYhiU=
-32,-69,O96gmU6zmue/CS3YiGOo1vwOcjg=,xpOe/VGF3twsTvO9KOPObCBYhiU=
-31,-80,O96gmU6zmue/CS3YiGOo1vwOcjg=,ocovC56eGwLgoPDKnnxql0da2uk=
-29,-80,O96gmU6zmue/CS3YiGOo1vwOcjg=,ocovC56eGwLgoPDKnnxql0da2uk=
-30,-80,O96gmU6zmue/CS3YiGOo1vwOcjg=,ocovC56eGwLgoPDKnnxql0da2uk=
-27,-80,O96gmU6zmue/CS3YiGOo1vwOcjg=,ocovC56eGwLgoPDKnnxql0da2uk=
-28,-80,O96gmU6zmue/CS3YiGOo1vwOcjg=,ocovC56eGwLgoPDKnnxql0da2uk=
-26,-80,O96gmU6zmue/CS3YiGOo1vwOcjg=,ocovC56eGwLgoPDKnnxql0da2uk=
-20,-67,O96gmU6zmue/CS3YiGOo1vwOcjg=,uAiFWKyy+BBHzc+mx1qv4/kRFCE=
-17,-68,O96gmU6zmue/CS3YiGOo1vwOcjg=,uAiFWKyy+BBHzc+mx1qv4/kRFCE=
-17,-67,O96gmU6zmue/CS3YiGOo1vwOcjg=,uAiFWKyy+BBHzc+mx1qv4/kRFCE=
-29,-70,O96gmU6zmue/CS3YiGOo1vwOcjg=,xpOe/VGF3twsTvO9KOPObCBYhiU=
-17,-77,O96gmU6zmue/CS3YiGOo1vwOcjg=,+MNVZgvI5TonqsCgcQ5pQ+rciO0=
-17,-73,O96gmU6zmue/CS3YiGOo1vwOcjg=,+MNVZgvI5TonqsCgcQ5pQ+rciO0=
-17,-74,O96gmU6zmue/CS3YiGOo1vwOcjg=,+MNVZgvI5TonqsCgcQ5pQ+rciO0=
-30,-70,O96gmU6zmue/CS3YiGOo1vwOcjg=,xpOe/VGF3twsTvO9KOPObCBYhiU=
-17,-76,O96gmU6zmue/CS3YiGOo1vwOcjg=,+MNVZgvI5TonqsCgcQ5pQ+rciO0=
-17,-75,O96gmU6zmue/CS3YiGOo1vwOcjg=,+MNVZgvI5TonqsCgcQ5pQ+rciO0=
-30,-73,O96gmU6zmue/CS3YiGOo1vwOcjg=,ocovC56eGwLgoPDKnnxql0da2uk=
-17,-79,O96gmU6zmue/CS3YiGOo1vwOcjg=,+MNVZgvI5TonqsCgcQ5pQ+rciO0=
-17,-72,O96gmU6zmue/CS3YiGOo1vwOcjg=,uAiFWKyy+BBHzc+mx1qv4/kRFCE=
-32,-80,O96gmU6zmue/CS3YiGOo1vwOcjg=,ocovC56eGwLgoPDKnnxql0da2uk=
-17,-78,O96gmU6zmue/CS3YiGOo1vwOcjg=,+MNVZgvI5TonqsCgcQ5pQ+rciO0=
-29,-65,O96gmU6zmue/CS3YiGOo1vwOcjg=,xpOe/VGF3twsTvO9KOPObCBYhiU=
-28,-65,O96gmU6zmue/CS3YiGOo1vwOcjg=,xpOe/VGF3twsTvO9KOPObCBYhiU=
-32,-70,O96gmU6zmue/CS3YiGOo1vwOcjg=,xpOe/VGF3twsTvO9KOPObCBYhiU=
-31,-65,O96gmU6zmue/CS3YiGOo1vwOcjg=,xpOe/VGF3twsTvO9KOPObCBYhiU=
-30,-65,O96gmU6zmue/CS3YiGOo1vwOcjg=,xpOe/VGF3twsTvO9KOPObCBYhiU=
-25,-69,O96gmU6zmue/CS3YiGOo1vwOcjg=,xpOe/VGF3twsTvO9KOPObCBYhiU=
-32,-74,O96gmU6zmue/CS3YiGOo1vwOcjg=,ocovC56eGwLgoPDKnnxql0da2uk=
-32,-75,O96gmU6zmue/CS3YiGOo1vwOcjg=,ocovC56eGwLgoPDKnnxql0da2uk=
-32,-76,O96gmU6zmue/CS3YiGOo1vwOcjg=,ocovC56eGwLgoPDKnnxql0da2uk=
-32,-77,O96gmU6zmue/CS3YiGOo1vwOcjg=,ocovC56eGwLgoPDKnnxql0da2uk=
-32,-72,O96gmU6zmue/CS3YiGOo1vwOcjg=,xpOe/VGF3twsTvO9KOPObCBYhiU=
-32,-79,O96gmU6zmue/CS3YiGOo1vwOcjg=,ocovC56eGwLgoPDKnnxql0da2uk=
-32,-78,O96gmU6zmue/CS3YiGOo1vwOcjg=,ocovC56eGwLgoPDKnnxql0da2uk=
-32,-73,O96gmU6zmue/CS3YiGOo1vwOcjg=,ocovC56eGwLgoPDKnnxql0da2uk=
-32,-65,O96gmU6zmue/CS3YiGOo1vwOcjg=,xpOe/VGF3twsTvO9KOPObCBYhiU=
-29,-73,O96gmU6zmue/CS3YiGOo1vwOcjg=,ocovC56eGwLgoPDKnnxql0da2uk=
-25,-66,O96gmU6zmue/CS3YiGOo1vwOcjg=,xpOe/VGF3twsTvO9KOPObCBYhiU=
-26,-66,O96gmU6zmue/CS3YiGOo1vwOcjg=,xpOe/VGF3twsTvO9KOPObCBYhiU=
-17,-65,O96gmU6zmue/CS3YiGOo1vwOcjg=,uAiFWKyy+BBHzc+mx1qv4/kRFCE=
-25,-71,O96gmU6zmue/CS3YiGOo1vwOcjg=,xpOe/VGF3twsTvO9KOPObCBYhiU=
-27,-66,O96gmU6zmue/CS3YiGOo1vwOcjg=,xpOe/VGF3twsTvO9KOPObCBYhiU=
-28,-66,O96gmU6zmue/CS3YiGOo1vwOcjg=,xpOe/VGF3twsTvO9KOPObCBYhiU=
-29,-66,O96gmU6zmue/CS3YiGOo1vwOcjg=,xpOe/VGF3twsTvO9KOPObCBYhiU=
-30,-66,O96gmU6zmue/CS3YiGOo1vwOcjg=,xpOe/VGF3twsTvO9KOPObCBYhiU=
-25,-67,O96gmU6zmue/CS3YiGOo1vwOcjg=,xpOe/VGF3twsTvO9KOPObCBYhiU=
-32,-66,O96gmU6zmue/CS3YiGOo1vwOcjg=,xpOe/VGF3twsTvO9KOPObCBYhiU=
-31,-66,O96gmU6zmue/CS3YiGOo1vwOcjg=,xpOe/VGF3twsTvO9KOPObCBYhiU=
-26,-67,O96gmU6zmue/CS3YiGOo1vwOcjg=,xpOe/VGF3twsTvO9KOPObCBYhiU=
-32,-68,O96gmU6zmue/CS3YiGOo1vwOcjg=,xpOe/VGF3twsTvO9KOPObCBYhiU=
-27,-67,O96gmU6zmue/CS3YiGOo1vwOcjg=,xpOe/VGF3twsTvO9KOPObCBYhiU=
-26,-71,O96gmU6zmue/CS3YiGOo1vwOcjg=,xpOe/VGF3twsTvO9KOPObCBYhiU=
-28,-67,O96gmU6zmue/CS3YiGOo1vwOcjg=,xpOe/VGF3twsTvO9KOPObCBYhiU=
-29,-67,O96gmU6zmue/CS3YiGOo1vwOcjg=,xpOe/VGF3twsTvO9KOPObCBYhiU=
-24,-70,O96gmU6zmue/CS3YiGOo1vwOcjg=,uAiFWKyy+BBHzc+mx1qv4/kRFCE=
-27,-71,O96gmU6zmue/CS3YiGOo1vwOcjg=,xpOe/VGF3twsTvO9KOPObCBYhiU=
-28,-71,O96gmU6zmue/CS3YiGOo1vwOcjg=,xpOe/VGF3twsTvO9KOPObCBYhiU=
-24,-72,O96gmU6zmue/CS3YiGOo1vwOcjg=,uAiFWKyy+BBHzc+mx1qv4/kRFCE=
-30,-67,O96gmU6zmue/CS3YiGOo1vwOcjg=,xpOe/VGF3twsTvO9KOPObCBYhiU=
-28,-73,O96gmU6zmue/CS3YiGOo1vwOcjg=,ocovC56eGwLgoPDKnnxql0da2uk=
-31,-67,O96gmU6zmue/CS3YiGOo1vwOcjg=,xpOe/VGF3twsTvO9KOPObCBYhiU=
-32,-67,O96gmU6zmue/CS3YiGOo1vwOcjg=,xpOe/VGF3twsTvO9KOPObCBYhiU=
-24,-68,O96gmU6zmue/CS3YiGOo1vwOcjg=,uAiFWKyy+BBHzc+mx1qv4/kRFCE=
-25,-68,O96gmU6zmue/CS3YiGOo1vwOcjg=,xpOe/VGF3twsTvO9KOPObCBYhiU=
-30,-71,O96gmU6zmue/CS3YiGOo1vwOcjg=,xpOe/VGF3twsTvO9KOPObCBYhiU=
-31,-71,O96gmU6zmue/CS3YiGOo1vwOcjg=,xpOe/VGF3twsTvO9KOPObCBYhiU=
-29,-71,O96gmU6zmue/CS3YiGOo1vwOcjg=,xpOe/VGF3twsTvO9KOPObCBYhiU=
-26,-68,O96gmU6zmue/CS3YiGOo1vwOcjg=,xpOe/VGF3twsTvO9KOPObCBYhiU=
-25,-72,O96gmU6zmue/CS3YiGOo1vwOcjg=,xpOe/VGF3twsTvO9KOPObCBYhiU=
-27,-73,O96gmU6zmue/CS3YiGOo1vwOcjg=,ocovC56eGwLgoPDKnnxql0da2uk=
-27,-68,O96gmU6zmue/CS3YiGOo1vwOcjg=,xpOe/VGF3twsTvO9KOPObCBYhiU=
-26,-72,O96gmU6zmue/CS3YiGOo1vwOcjg=,xpOe/VGF3twsTvO9KOPObCBYhiU=
-32,-71,O96gmU6zmue/CS3YiGOo1vwOcjg=,xpOe/VGF3twsTvO9KOPObCBYhiU=
-27,-72,O96gmU6zmue/CS3YiGOo1vwOcjg=,xpOe/VGF3twsTvO9KOPObCBYhiU=
-28,-72,O96gmU6zmue/CS3YiGOo1vwOcjg=,xpOe/VGF3twsTvO9KOPObCBYhiU=
-31,-70,O96gmU6zmue/CS3YiGOo1vwOcjg=,xpOe/VGF3twsTvO9KOPObCBYhiU=
-30,-72,O96gmU6zmue/CS3YiGOo1vwOcjg=,xpOe/VGF3twsTvO9KOPObCBYhiU=
-29,-72,O96gmU6zmue/CS3YiGOo1vwOcjg=,xpOe/VGF3twsTvO9KOPObCBYhiU=
-24,-80,O96gmU6zmue/CS3YiGOo1vwOcjg=,+MNVZgvI5TonqsCgcQ5pQ+rciO0=
-23,-80,O96gmU6zmue/CS3YiGOo1vwOcjg=,+MNVZgvI5TonqsCgcQ5pQ+rciO0=
-22,-80,O96gmU6zmue/CS3YiGOo1vwOcjg=,+MNVZgvI5TonqsCgcQ5pQ+rciO0=
-21,-80,O96gmU6zmue/CS3YiGOo1vwOcjg=,+MNVZgvI5TonqsCgcQ5pQ+rciO0=
-20,-80,O96gmU6zmue/CS3YiGOo1vwOcjg=,+MNVZgvI5TonqsCgcQ5pQ+rciO0=
-17,-80,O96gmU6zmue/CS3YiGOo1vwOcjg=,+MNVZgvI5TonqsCgcQ5pQ+rciO0=
-19,-80,O96gmU6zmue/CS3YiGOo1vwOcjg=,+MNVZgvI5TonqsCgcQ5pQ+rciO0=
-25,-80,O96gmU6zmue/CS3YiGOo1vwOcjg=,ocovC56eGwLgoPDKnnxql0da2uk=
-18,-80,O96gmU6zmue/CS3YiGOo1vwOcjg=,+MNVZgvI5TonqsCgcQ5pQ+rciO0=
-31,-72,O96gmU6zmue/CS3YiGOo1vwOcjg=,xpOe/VGF3twsTvO9KOPObCBYhiU=
-28,-68,O96gmU6zmue/CS3YiGOo1vwOcjg=,xpOe/VGF3twsTvO9KOPObCBYhiU=
-25,-73,O96gmU6zmue/CS3YiGOo1vwOcjg=,ocovC56eGwLgoPDKnnxql0da2uk=
-29,-68,O96gmU6zmue/CS3YiGOo1vwOcjg=,xpOe/VGF3twsTvO9KOPObCBYhiU=
-24,-71,O96gmU6zmue/CS3YiGOo1vwOcjg=,uAiFWKyy+BBHzc+mx1qv4/kRFCE=
-30,-68,O96gmU6zmue/CS3YiGOo1vwOcjg=,xpOe/VGF3twsTvO9KOPObCBYhiU=
-26,-73,O96gmU6zmue/CS3YiGOo1vwOcjg=,ocovC56eGwLgoPDKnnxql0da2uk=
-31,-68,O96gmU6zmue/CS3YiGOo1vwOcjg=,xpOe/VGF3twsTvO9KOPObCBYhiU=
