12,35,j85aNZSsnRmrYQkGPbJPRnZkHxY=,vuimpZfPHQoWxD6SmgD+NBhbe6A=
1,41,j85aNZSsnRmrYQkGPbJPRnZkHxY=,gaDOru7vznzhHFwx3HG8QP4JXGs=
2,41,j85aNZSsnRmrYQkGPbJPRnZkHxY=,gaDOru7vznzhHFwx3HG8QP4JXGs=
3,41,j85aNZSsnRmrYQkGPbJPRnZkHxY=,gaDOru7vznzhHFwx3HG8QP4JXGs=
6,46,j85aNZSsnRmrYQkGPbJPRnZkHxY=,gaDOru7vznzhHFwx3HG8QP4JXGs=
4,39,j85aNZSsnRmrYQkGPbJPRnZkHxY=,djUa77chKfmcsomKhv8pBXNmPME=
4,41,j85aNZSsnRmrYQkGPbJPRnZkHxY=,gaDOru7vznzhHFwx3HG8QP4JXGs=
5,46,j85aNZSsnRmrYQkGPbJPRnZkHxY=,gaDOru7vznzhHFwx3HG8QP4JXGs=
5,39,j85aNZSsnRmrYQkGPbJPRnZkHxY=,djUa77chKfmcsomKhv8pBXNmPME=
5,41,j85aNZSsnRmrYQkGPbJPRnZkHxY=,gaDOru7vznzhHFwx3HG8QP4JXGs=
6,39,j85aNZSsnRmrYQkGPbJPRnZkHxY=,djUa77chKfmcsomKhv8pBXNmPME=
6,41,j85aNZSsnRmrYQkGPbJPRnZkHxY=,gaDOru7vznzhHFwx3HG8QP4JXGs=
11,35,j85aNZSsnRmrYQkGPbJPRnZkHxY=,vuimpZfPHQoWxD6SmgD+NBhbe6A=
10,35,j85aNZSsnRmrYQkGPbJPRnZkHxY=,vuimpZfPHQoWxD6SmgD+NBhbe6A=
4,46,j85aNZSsnRmrYQkGPbJPRnZkHxY=,gaDOru7vznzhHFwx3HG8QP4JXGs=
3,39,j85aNZSsnRmrYQkGPbJPRnZkHxY=,djUa77chKfmcsomKhv8pBXNmPME=
1,42,j85aNZSsnRmrYQkGPbJPRnZkHxY=,gaDOru7vznzhHFwx3HG8QP4JXGs=
3,46,j85aNZSsnRmrYQkGPbJPRnZkHxY=,gaDOru7vznzhHFwx3HG8QP4JXGs=
6,38,j85aNZSsnRmrYQkGPbJPRnZkHxY=,djUa77chKfmcsomKhv8pBXNmPME=
2,42,j85aNZSsnRmrYQkGPbJPRnZkHxY=,gaDOru7vznzhHFwx3HG8QP4JXGs=
9,35,j85aNZSsnRmrYQkGPbJPRnZkHxY=,vuimpZfPHQoWxD6SmgD+NBhbe6A=
4,33,j85aNZSsnRmrYQkGPbJPRnZkHxY=,djUa77chKfmcsomKhv8pBXNmPME=
1,40,j85aNZSsnRmrYQkGPbJPRnZkHxY=,gaDOru7vznzhHFwx3HG8QP4JXGs=
7,38,j85aNZSsnRmrYQkGPbJPRnZkHxY=,djUa77chKfmcsomKhv8pBXNmPME=
2,46,j85aNZSsnRmrYQkGPbJPRnZkHxY=,gaDOru7vznzhHFwx3HG8QP4JXGs=
4,42,j85aNZSsnRmrYQkGPbJPRnZkHxY=,gaDOru7vznzhHFwx3HG8QP4JXGs=
3,42,j85aNZSsnRmrYQkGPbJPRnZkHxY=,gaDOru7vznzhHFwx3HG8QP4JXGs=
2,40,j85aNZSsnRmrYQkGPbJPRnZkHxY=,gaDOru7vznzhHFwx3HG8QP4JXGs=
14,34,j85aNZSsnRmrYQkGPbJPRnZkHxY=,vuimpZfPHQoWxD6SmgD+NBhbe6A=
1,46,j85aNZSsnRmrYQkGPbJPRnZkHxY=,gaDOru7vznzhHFwx3HG8QP4JXGs=
5,45,j85aNZSsnRmrYQkGPbJPRnZkHxY=,gaDOru7vznzhHFwx3HG8QP4JXGs=
6,45,j85aNZSsnRmrYQkGPbJPRnZkHxY=,gaDOru7vznzhHFwx3HG8QP4JXGs=
5,42,j85aNZSsnRmrYQkGPbJPRnZkHxY=,gaDOru7vznzhHFwx3HG8QP4JXGs=
12,34,j85aNZSsnRmrYQkGPbJPRnZkHxY=,vuimpZfPHQoWxD6SmgD+NBhbe6A=
13,34,j85aNZSsnRmrYQkGPbJPRnZkHxY=,vuimpZfPHQoWxD6SmgD+NBhbe6A=
4,45,j85aNZSsnRmrYQkGPbJPRnZkHxY=,gaDOru7vznzhHFwx3HG8QP4JXGs=
11,34,j85aNZSsnRmrYQkGPbJPRnZkHxY=,vuimpZfPHQoWxD6SmgD+NBhbe6A=
3,45,j85aNZSsnRmrYQkGPbJPRnZkHxY=,gaDOru7vznzhHFwx3HG8QP4JXGs=
3,40,j85aNZSsnRmrYQkGPbJPRnZkHxY=,gaDOru7vznzhHFwx3HG8QP4JXGs=
2,45,j85aNZSsnRmrYQkGPbJPRnZkHxY=,gaDOru7vznzhHFwx3HG8QP4JXGs=
1,45,j85aNZSsnRmrYQkGPbJPRnZkHxY=,gaDOru7vznzhHFwx3HG8QP4JXGs=
6,44,j85aNZSsnRmrYQkGPbJPRnZkHxY=,gaDOru7vznzhHFwx3HG8QP4JXGs=
3,44,j85aNZSsnRmrYQkGPbJPRnZkHxY=,gaDOru7vznzhHFwx3HG8QP4JXGs=
5,44,j85aNZSsnRmrYQkGPbJPRnZkHxY=,gaDOru7vznzhHFwx3HG8QP4JXGs=
10,34,j85aNZSsnRmrYQkGPbJPRnZkHxY=,vuimpZfPHQoWxD6SmgD+NBhbe6A=
1,44,j85aNZSsnRmrYQkGPbJPRnZkHxY=,gaDOru7vznzhHFwx3HG8QP4JXGs=
4,40,j85aNZSsnRmrYQkGPbJPRnZkHxY=,gaDOru7vznzhHFwx3HG8QP4JXGs=
2,44,j85aNZSsnRmrYQkGPbJPRnZkHxY=,gaDOru7vznzhHFwx3HG8QP4JXGs=
4,44,j85aNZSsnRmrYQkGPbJPRnZkHxY=,gaDOru7vznzhHFwx3HG8QP4JXGs=
6,42,j85aNZSsnRmrYQkGPbJPRnZkHxY=,gaDOru7vznzhHFwx3HG8QP4JXGs=
5,43,j85aNZSsnRmrYQkGPbJPRnZkHxY=,gaDOru7vznzhHFwx3HG8QP4JXGs=
6,43,j85aNZSsnRmrYQkGPbJPRnZkHxY=,gaDOru7vznzhHFwx3HG8QP4JXGs=
4,43,j85aNZSsnRmrYQkGPbJPRnZkHxY=,gaDOru7vznzhHFwx3HG8QP4JXGs=
9,34,j85aNZSsnRmrYQkGPbJPRnZkHxY=,vuimpZfPHQoWxD6SmgD+NBhbe6A=
2,43,j85aNZSsnRmrYQkGPbJPRnZkHxY=,gaDOru7vznzhHFwx3HG8QP4JXGs=
3,43,j85aNZSsnRmrYQkGPbJPRnZkHxY=,gaDOru7vznzhHFwx3HG8QP4JXGs=
5,40,j85aNZSsnRmrYQkGPbJPRnZkHxY=,gaDOru7vznzhHFwx3HG8QP4JXGs=
14,33,j85aNZSsnRmrYQkGPbJPRnZkHxY=,vuimpZfPHQoWxD6SmgD+NBhbe6A=
13,33,j85aNZSsnRmrYQkGPbJPRnZkHxY=,vuimpZfPHQoWxD6SmgD+NBhbe6A=
6,40,j85aNZSsnRmrYQkGPbJPRnZkHxY=,gaDOru7vznzhHFwx3HG8QP4JXGs=
1,43,j85aNZSsnRmrYQkGPbJPRnZkHxY=,gaDOru7vznzhHFwx3HG8QP4JXGs=
5,37,j85aNZSsnRmrYQkGPbJPRnZkHxY=,djUa77chKfmcsomKhv8pBXNmPME=
8,35,j85aNZSsnRmrYQkGPbJPRnZkHxY=,vuimpZfPHQoWxD6SmgD+NBhbe6A=
7,36,j85aNZSsnRmrYQkGPbJPRnZkHxY=,djUa77chKfmcsomKhv8pBXNmPME=
1,39,j85aNZSsnRmrYQkGPbJPRnZkHxY=,djUa77chKfmcsomKhv8pBXNmPME=
1,34,j85aNZSsnRmrYQkGPbJPRnZkHxY=,djUa77chKfmcsomKhv8pBXNmPME=
2,39,j85aNZSsnRmrYQkGPbJPRnZkHxY=,djUa77chKfmcsomKhv8pBXNmPME=
8,34,j85aNZSsnRmrYQkGPbJPRnZkHxY=,vuimpZfPHQoWxD6SmgD+NBhbe6A=
15,35,j85aNZSsnRmrYQkGPbJPRnZkHxY=,vuimpZfPHQoWxD6SmgD+NBhbe6A=
6,37,j85aNZSsnRmrYQkGPbJPRnZkHxY=,djUa77chKfmcsomKhv8pBXNmPME=
15,34,j85aNZSsnRmrYQkGPbJPRnZkHxY=,vuimpZfPHQoWxD6SmgD+NBhbe6A=
12,33,j85aNZSsnRmrYQkGPbJPRnZkHxY=,vuimpZfPHQoWxD6SmgD+NBhbe6A=
6,36,j85aNZSsnRmrYQkGPbJPRnZkHxY=,djUa77chKfmcsomKhv8pBXNmPME=
15,33,j85aNZSsnRmrYQkGPbJPRnZkHxY=,vuimpZfPHQoWxD6SmgD+NBhbe6A=
10,33,j85aNZSsnRmrYQkGPbJPRnZkHxY=,vuimpZfPHQoWxD6SmgD+NBhbe6A=
11,33,j85aNZSsnRmrYQkGPbJPRnZkHxY=,vuimpZfPHQoWxD6SmgD+NBhbe6A=
15,38,j85aNZSsnRmrYQkGPbJPRnZkHxY=,vuimpZfPHQoWxD6SmgD+NBhbe6A=
9,33,j85aNZSsnRmrYQkGPbJPRnZkHxY=,vuimpZfPHQoWxD6SmgD+NBhbe6A=
14,38,j85aNZSsnRmrYQkGPbJPRnZkHxY=,vuimpZfPHQoWxD6SmgD+NBhbe6A=
4,37,j85aNZSsnRmrYQkGPbJPRnZkHxY=,djUa77chKfmcsomKhv8pBXNmPME=
13,38,j85aNZSsnRmrYQkGPbJPRnZkHxY=,vuimpZfPHQoWxD6SmgD+NBhbe6A=
15,36,j85aNZSsnRmrYQkGPbJPRnZkHxY=,vuimpZfPHQoWxD6SmgD+NBhbe6A=
5,33,j85aNZSsnRmrYQkGPbJPRnZkHxY=,djUa77chKfmcsomKhv8pBXNmPME=
15,37,j85aNZSsnRmrYQkGPbJPRnZkHxY=,vuimpZfPHQoWxD6SmgD+NBhbe6A=
3,33,j85aNZSsnRmrYQkGPbJPRnZkHxY=,djUa77chKfmcsomKhv8pBXNmPME=
5,36,j85aNZSsnRmrYQkGPbJPRnZkHxY=,djUa77chKfmcsomKhv8pBXNmPME=
8,33,j85aNZSsnRmrYQkGPbJPRnZkHxY=,vuimpZfPHQoWxD6SmgD+NBhbe6A=
4,36,j85aNZSsnRmrYQkGPbJPRnZkHxY=,djUa77chKfmcsomKhv8pBXNmPME=
12,38,j85aNZSsnRmrYQkGPbJPRnZkHxY=,vuimpZfPHQoWxD6SmgD+NBhbe6A=
6,33,j85aNZSsnRmrYQkGPbJPRnZkHxY=,djUa77chKfmcsomKhv8pBXNmPME=
3,37,j85aNZSsnRmrYQkGPbJPRnZkHxY=,djUa77chKfmcsomKhv8pBXNmPME=
8,38,j85aNZSsnRmrYQkGPbJPRnZkHxY=,vuimpZfPHQoWxD6SmgD+NBhbe6A=
11,38,j85aNZSsnRmrYQkGPbJPRnZkHxY=,vuimpZfPHQoWxD6SmgD+NBhbe6A=
1,35,j85aNZSsnRmrYQkGPbJPRnZkHxY=,djUa77chKfmcsomKhv8pBXNmPME=
10,38,j85aNZSsnRmrYQkGPbJPRnZkHxY=,vuimpZfPHQoWxD6SmgD+NBhbe6A=
2,33,j85aNZSsnRmrYQkGPbJPRnZkHxY=,djUa77chKfmcsomKhv8pBXNmPME=
7,33,j85aNZSsnRmrYQkGPbJPRnZkHxY=,djUa77chKfmcsomKhv8pBXNmPME=
14,37,j85aNZSsnRmrYQkGPbJPRnZkHxY=,vuimpZfPHQoWxD6SmgD+NBhbe6A=
3,36,j85aNZSsnRmrYQkGPbJPRnZkHxY=,djUa77chKfmcsomKhv8pBXNmPME=
1,36,j85aNZSsnRmrYQkGPbJPRnZkHxY=,djUa77chKfmcsomKhv8pBXNmPME=
2,34,j85aNZSsnRmrYQkGPbJPRnZkHxY=,djUa77chKfmcsomKhv8pBXNmPME=
8,37,j85aNZSsnRmrYQkGPbJPRnZkHxY=,vuimpZfPHQoWxD6SmgD+NBhbe6A=
13,37,j85aNZSsnRmrYQkGPbJPRnZkHxY=,vuimpZfPHQoWxD6SmgD+NBhbe6A=
9,38,j85aNZSsnRmrYQkGPbJPRnZkHxY=,vuimpZfPHQoWxD6SmgD+NBhbe6A=
10,37,j85aNZSsnRmrYQkGPbJPRnZkHxY=,vuimpZfPHQoWxD6SmgD+NBhbe6A=
7,34,j85aNZSsnRmrYQkGPbJPRnZkHxY=,djUa77chKfmcsomKhv8pBXNmPME=
7,35,j85aNZSsnRmrYQkGPbJPRnZkHxY=,djUa77chKfmcsomKhv8pBXNmPME=
12,37,j85aNZSsnRmrYQkGPbJPRnZkHxY=,vuimpZfPHQoWxD6SmgD+NBhbe6A=
1,33,j85aNZSsnRmrYQkGPbJPRnZkHxY=,djUa77chKfmcsomKhv8pBXNmPME=
6,35,j85aNZSsnRmrYQkGPbJPRnZkHxY=,djUa77chKfmcsomKhv8pBXNmPME=
11,37,j85aNZSsnRmrYQkGPbJPRnZkHxY=,vuimpZfPHQoWxD6SmgD+NBhbe6A=
5,35,j85aNZSsnRmrYQkGPbJPRnZkHxY=,djUa77chKfmcsomKhv8pBXNmPME=
3,34,j85aNZSsnRmrYQkGPbJPRnZkHxY=,djUa77chKfmcsomKhv8pBXNmPME=
9,37,j85aNZSsnRmrYQkGPbJPRnZkHxY=,vuimpZfPHQoWxD6SmgD+NBhbe6A=
2,36,j85aNZSsnRmrYQkGPbJPRnZkHxY=,djUa77chKfmcsomKhv8pBXNmPME=
3,35,j85aNZSsnRmrYQkGPbJPRnZkHxY=,djUa77chKfmcsomKhv8pBXNmPME=
4,35,j85aNZSsnRmrYQkGPbJPRnZkHxY=,djUa77chKfmcsomKhv8pBXNmPME=
2,35,j85aNZSsnRmrYQkGPbJPRnZkHxY=,djUa77chKfmcsomKhv8pBXNmPME=
14,36,j85aNZSsnRmrYQkGPbJPRnZkHxY=,vuimpZfPHQoWxD6SmgD+NBhbe6A=
13,36,j85aNZSsnRmrYQkGPbJPRnZkHxY=,vuimpZfPHQoWxD6SmgD+NBhbe6A=
6,34,j85aNZSsnRmrYQkGPbJPRnZkHxY=,djUa77chKfmcsomKhv8pBXNmPME=
2,37,j85aNZSsnRmrYQkGPbJPRnZkHxY=,djUa77chKfmcsomKhv8pBXNmPME=
4,38,j85aNZSsnRmrYQkGPbJPRnZkHxY=,djUa77chKfmcsomKhv8pBXNmPME=
1,38,j85aNZSsnRmrYQkGPbJPRnZkHxY=,djUa77chKfmcsomKhv8pBXNmPME=
5,38,j85aNZSsnRmrYQkGPbJPRnZkHxY=,djUa77chKfmcsomKhv8pBXNmPME=
11,36,j85aNZSsnRmrYQkGPbJPRnZkHxY=,vuimpZfPHQoWxD6SmgD+NBhbe6A=
12,36,j85aNZSsnRmrYQkGPbJPRnZkHxY=,vuimpZfPHQoWxD6SmgD+NBhbe6A=
7,37,j85aNZSsnRmrYQkGPbJPRnZkHxY=,djUa77chKfmcsomKhv8pBXNmPME=
4,34,j85aNZSsnRmrYQkGPbJPRnZkHxY=,djUa77chKfmcsomKhv8pBXNmPME=
2,38,j85aNZSsnRmrYQkGPbJPRnZkHxY=,djUa77chKfmcsomKhv8pBXNmPME=
10,36,j85aNZSsnRmrYQkGPbJPRnZkHxY=,vuimpZfPHQoWxD6SmgD+NBhbe6A=
3,38,j85aNZSsnRmrYQkGPbJPRnZkHxY=,djUa77chKfmcsomKhv8pBXNmPME=
5,34,j85aNZSsnRmrYQkGPbJPRnZkHxY=,djUa77chKfmcsomKhv8pBXNmPME=
8,36,j85aNZSsnRmrYQkGPbJPRnZkHxY=,vuimpZfPHQoWxD6SmgD+NBhbe6A=
14,35,j85aNZSsnRmrYQkGPbJPRnZkHxY=,vuimpZfPHQoWxD6SmgD+NBhbe6A=
13,35,j85aNZSsnRmrYQkGPbJPRnZkHxY=,vuimpZfPHQoWxD6SmgD+NBhbe6A=
9,36,j85aNZSsnRmrYQkGPbJPRnZkHxY=,vuimpZfPHQoWxD6SmgD+NBhbe6A=
1,37,j85aNZSsnRmrYQkGPbJPRnZkHxY=,djUa77chKfmcsomKhv8pBXNmPME=
4,47,j85aNZSsnRmrYQkGPbJPRnZkHxY=,gaDOru7vznzhHFwx3HG8QP4JXGs=
0,45,j85aNZSsnRmrYQkGPbJPRnZkHxY=,gaDOru7vznzhHFwx3HG8QP4JXGs=
0,46,j85aNZSsnRmrYQkGPbJPRnZkHxY=,gaDOru7vznzhHFwx3HG8QP4JXGs=
0,44,j85aNZSsnRmrYQkGPbJPRnZkHxY=,gaDOru7vznzhHFwx3HG8QP4JXGs=
3,47,j85aNZSsnRmrYQkGPbJPRnZkHxY=,gaDOru7vznzhHFwx3HG8QP4JXGs=
0,42,j85aNZSsnRmrYQkGPbJPRnZkHxY=,gaDOru7vznzhHFwx3HG8QP4JXGs=
12,45,j85aNZSsnRmrYQkGPbJPRnZkHxY=,Y0eOAsdfonUf+9lU+X9J0PtedEc=
0,43,j85aNZSsnRmrYQkGPbJPRnZkHxY=,gaDOru7vznzhHFwx3HG8QP4JXGs=
2,47,j85aNZSsnRmrYQkGPbJPRnZkHxY=,gaDOru7vznzhHFwx3HG8QP4JXGs=
0,37,j85aNZSsnRmrYQkGPbJPRnZkHxY=,djUa77chKfmcsomKhv8pBXNmPME=
5,47,j85aNZSsnRmrYQkGPbJPRnZkHxY=,gaDOru7vznzhHFwx3HG8QP4JXGs=
13,45,j85aNZSsnRmrYQkGPbJPRnZkHxY=,Y0eOAsdfonUf+9lU+X9J0PtedEc=
0,47,j85aNZSsnRmrYQkGPbJPRnZkHxY=,gaDOru7vznzhHFwx3HG8QP4JXGs=
1,47,j85aNZSsnRmrYQkGPbJPRnZkHxY=,gaDOru7vznzhHFwx3HG8QP4JXGs=
0,40,j85aNZSsnRmrYQkGPbJPRnZkHxY=,gaDOru7vznzhHFwx3HG8QP4JXGs=
6,47,j85aNZSsnRmrYQkGPbJPRnZkHxY=,gaDOru7vznzhHFwx3HG8QP4JXGs=
14,45,j85aNZSsnRmrYQkGPbJPRnZkHxY=,Y0eOAsdfonUf+9lU+X9J0PtedEc=
4,32,j85aNZSsnRmrYQkGPbJPRnZkHxY=,djUa77chKfmcsomKhv8pBXNmPME=
7,39,j85aNZSsnRmrYQkGPbJPRnZkHxY=,djUa77chKfmcsomKhv8pBXNmPME=
15,39,j85aNZSsnRmrYQkGPbJPRnZkHxY=,vuimpZfPHQoWxD6SmgD+NBhbe6A=
0,39,j85aNZSsnRmrYQkGPbJPRnZkHxY=,djUa77chKfmcsomKhv8pBXNmPME=
13,39,j85aNZSsnRmrYQkGPbJPRnZkHxY=,vuimpZfPHQoWxD6SmgD+NBhbe6A=
14,39,j85aNZSsnRmrYQkGPbJPRnZkHxY=,vuimpZfPHQoWxD6SmgD+NBhbe6A=
7,46,j85aNZSsnRmrYQkGPbJPRnZkHxY=,gaDOru7vznzhHFwx3HG8QP4JXGs=
11,45,j85aNZSsnRmrYQkGPbJPRnZkHxY=,Y0eOAsdfonUf+9lU+X9J0PtedEc=
0,34,j85aNZSsnRmrYQkGPbJPRnZkHxY=,djUa77chKfmcsomKhv8pBXNmPME=
10,45,j85aNZSsnRmrYQkGPbJPRnZkHxY=,Y0eOAsdfonUf+9lU+X9J0PtedEc=
9,45,j85aNZSsnRmrYQkGPbJPRnZkHxY=,Y0eOAsdfonUf+9lU+X9J0PtedEc=
7,32,j85aNZSsnRmrYQkGPbJPRnZkHxY=,djUa77chKfmcsomKhv8pBXNmPME=
0,36,j85aNZSsnRmrYQkGPbJPRnZkHxY=,djUa77chKfmcsomKhv8pBXNmPME=
2,32,j85aNZSsnRmrYQkGPbJPRnZkHxY=,djUa77chKfmcsomKhv8pBXNmPME=
7,40,j85aNZSsnRmrYQkGPbJPRnZkHxY=,gaDOru7vznzhHFwx3HG8QP4JXGs=
8,45,j85aNZSsnRmrYQkGPbJPRnZkHxY=,Y0eOAsdfonUf+9lU+X9J0PtedEc=
15,44,j85aNZSsnRmrYQkGPbJPRnZkHxY=,Y0eOAsdfonUf+9lU+X9J0PtedEc=
12,39,j85aNZSsnRmrYQkGPbJPRnZkHxY=,vuimpZfPHQoWxD6SmgD+NBhbe6A=
11,39,j85aNZSsnRmrYQkGPbJPRnZkHxY=,vuimpZfPHQoWxD6SmgD+NBhbe6A=
13,44,j85aNZSsnRmrYQkGPbJPRnZkHxY=,Y0eOAsdfonUf+9lU+X9J0PtedEc=
14,44,j85aNZSsnRmrYQkGPbJPRnZkHxY=,Y0eOAsdfonUf+9lU+X9J0PtedEc=
8,32,j85aNZSsnRmrYQkGPbJPRnZkHxY=,vuimpZfPHQoWxD6SmgD+NBhbe6A=
10,39,j85aNZSsnRmrYQkGPbJPRnZkHxY=,vuimpZfPHQoWxD6SmgD+NBhbe6A=
5,32,j85aNZSsnRmrYQkGPbJPRnZkHxY=,djUa77chKfmcsomKhv8pBXNmPME=
15,45,j85aNZSsnRmrYQkGPbJPRnZkHxY=,Y0eOAsdfonUf+9lU+X9J0PtedEc=
3,32,j85aNZSsnRmrYQkGPbJPRnZkHxY=,djUa77chKfmcsomKhv8pBXNmPME=
0,38,j85aNZSsnRmrYQkGPbJPRnZkHxY=,djUa77chKfmcsomKhv8pBXNmPME=
9,39,j85aNZSsnRmrYQkGPbJPRnZkHxY=,vuimpZfPHQoWxD6SmgD+NBhbe6A=
6,32,j85aNZSsnRmrYQkGPbJPRnZkHxY=,djUa77chKfmcsomKhv8pBXNmPME=
1,32,j85aNZSsnRmrYQkGPbJPRnZkHxY=,djUa77chKfmcsomKhv8pBXNmPME=
12,44,j85aNZSsnRmrYQkGPbJPRnZkHxY=,Y0eOAsdfonUf+9lU+X9J0PtedEc=
14,32,j85aNZSsnRmrYQkGPbJPRnZkHxY=,vuimpZfPHQoWxD6SmgD+NBhbe6A=
9,32,j85aNZSsnRmrYQkGPbJPRnZkHxY=,vuimpZfPHQoWxD6SmgD+NBhbe6A=
0,33,j85aNZSsnRmrYQkGPbJPRnZkHxY=,djUa77chKfmcsomKhv8pBXNmPME=
8,46,j85aNZSsnRmrYQkGPbJPRnZkHxY=,Y0eOAsdfonUf+9lU+X9J0PtedEc=
15,32,j85aNZSsnRmrYQkGPbJPRnZkHxY=,vuimpZfPHQoWxD6SmgD+NBhbe6A=
12,32,j85aNZSsnRmrYQkGPbJPRnZkHxY=,vuimpZfPHQoWxD6SmgD+NBhbe6A=
11,44,j85aNZSsnRmrYQkGPbJPRnZkHxY=,Y0eOAsdfonUf+9lU+X9J0PtedEc=
8,39,j85aNZSsnRmrYQkGPbJPRnZkHxY=,vuimpZfPHQoWxD6SmgD+NBhbe6A=
0,32,j85aNZSsnRmrYQkGPbJPRnZkHxY=,djUa77chKfmcsomKhv8pBXNmPME=
10,32,j85aNZSsnRmrYQkGPbJPRnZkHxY=,vuimpZfPHQoWxD6SmgD+NBhbe6A=
11,32,j85aNZSsnRmrYQkGPbJPRnZkHxY=,vuimpZfPHQoWxD6SmgD+NBhbe6A=
13,32,j85aNZSsnRmrYQkGPbJPRnZkHxY=,vuimpZfPHQoWxD6SmgD+NBhbe6A=
0,35,j85aNZSsnRmrYQkGPbJPRnZkHxY=,djUa77chKfmcsomKhv8pBXNmPME=
15,47,j85aNZSsnRmrYQkGPbJPRnZkHxY=,Y0eOAsdfonUf+9lU+X9J0PtedEc=
7,45,j85aNZSsnRmrYQkGPbJPRnZkHxY=,gaDOru7vznzhHFwx3HG8QP4JXGs=
9,46,j85aNZSsnRmrYQkGPbJPRnZkHxY=,Y0eOAsdfonUf+9lU+X9J0PtedEc=
9,44,j85aNZSsnRmrYQkGPbJPRnZkHxY=,Y0eOAsdfonUf+9lU+X9J0PtedEc=
8,44,j85aNZSsnRmrYQkGPbJPRnZkHxY=,Y0eOAsdfonUf+9lU+X9J0PtedEc=
15,43,j85aNZSsnRmrYQkGPbJPRnZkHxY=,Y0eOAsdfonUf+9lU+X9J0PtedEc=
10,44,j85aNZSsnRmrYQkGPbJPRnZkHxY=,Y0eOAsdfonUf+9lU+X9J0PtedEc=
14,43,j85aNZSsnRmrYQkGPbJPRnZkHxY=,Y0eOAsdfonUf+9lU+X9J0PtedEc=
13,43,j85aNZSsnRmrYQkGPbJPRnZkHxY=,Y0eOAsdfonUf+9lU+X9J0PtedEc=
11,43,j85aNZSsnRmrYQkGPbJPRnZkHxY=,Y0eOAsdfonUf+9lU+X9J0PtedEc=
10,43,j85aNZSsnRmrYQkGPbJPRnZkHxY=,Y0eOAsdfonUf+9lU+X9J0PtedEc=
12,43,j85aNZSsnRmrYQkGPbJPRnZkHxY=,Y0eOAsdfonUf+9lU+X9J0PtedEc=
9,43,j85aNZSsnRmrYQkGPbJPRnZkHxY=,Y0eOAsdfonUf+9lU+X9J0PtedEc=
10,46,j85aNZSsnRmrYQkGPbJPRnZkHxY=,Y0eOAsdfonUf+9lU+X9J0PtedEc=
7,44,j85aNZSsnRmrYQkGPbJPRnZkHxY=,gaDOru7vznzhHFwx3HG8QP4JXGs=
8,43,j85aNZSsnRmrYQkGPbJPRnZkHxY=,Y0eOAsdfonUf+9lU+X9J0PtedEc=
15,42,j85aNZSsnRmrYQkGPbJPRnZkHxY=,Y0eOAsdfonUf+9lU+X9J0PtedEc=
7,43,j85aNZSsnRmrYQkGPbJPRnZkHxY=,gaDOru7vznzhHFwx3HG8QP4JXGs=
12,42,j85aNZSsnRmrYQkGPbJPRnZkHxY=,Y0eOAsdfonUf+9lU+X9J0PtedEc=
14,42,j85aNZSsnRmrYQkGPbJPRnZkHxY=,Y0eOAsdfonUf+9lU+X9J0PtedEc=
11,42,j85aNZSsnRmrYQkGPbJPRnZkHxY=,Y0eOAsdfonUf+9lU+X9J0PtedEc=
9,42,j85aNZSsnRmrYQkGPbJPRnZkHxY=,Y0eOAsdfonUf+9lU+X9J0PtedEc=
10,42,j85aNZSsnRmrYQkGPbJPRnZkHxY=,Y0eOAsdfonUf+9lU+X9J0PtedEc=
13,42,j85aNZSsnRmrYQkGPbJPRnZkHxY=,Y0eOAsdfonUf+9lU+X9J0PtedEc=
11,46,j85aNZSsnRmrYQkGPbJPRnZkHxY=,Y0eOAsdfonUf+9lU+X9J0PtedEc=
8,42,j85aNZSsnRmrYQkGPbJPRnZkHxY=,Y0eOAsdfonUf+9lU+X9J0PtedEc=
7,42,j85aNZSsnRmrYQkGPbJPRnZkHxY=,gaDOru7vznzhHFwx3HG8QP4JXGs=
15,41,j85aNZSsnRmrYQkGPbJPRnZkHxY=,Y0eOAsdfonUf+9lU+X9J0PtedEc=
13,41,j85aNZSsnRmrYQkGPbJPRnZkHxY=,Y0eOAsdfonUf+9lU+X9J0PtedEc=
14,41,j85aNZSsnRmrYQkGPbJPRnZkHxY=,Y0eOAsdfonUf+9lU+X9J0PtedEc=
12,41,j85aNZSsnRmrYQkGPbJPRnZkHxY=,Y0eOAsdfonUf+9lU+X9J0PtedEc=
14,47,j85aNZSsnRmrYQkGPbJPRnZkHxY=,Y0eOAsdfonUf+9lU+X9J0PtedEc=
10,41,j85aNZSsnRmrYQkGPbJPRnZkHxY=,Y0eOAsdfonUf+9lU+X9J0PtedEc=
13,47,j85aNZSsnRmrYQkGPbJPRnZkHxY=,Y0eOAsdfonUf+9lU+X9J0PtedEc=
12,46,j85aNZSsnRmrYQkGPbJPRnZkHxY=,Y0eOAsdfonUf+9lU+X9J0PtedEc=
11,41,j85aNZSsnRmrYQkGPbJPRnZkHxY=,Y0eOAsdfonUf+9lU+X9J0PtedEc=
12,47,j85aNZSsnRmrYQkGPbJPRnZkHxY=,Y0eOAsdfonUf+9lU+X9J0PtedEc=
9,41,j85aNZSsnRmrYQkGPbJPRnZkHxY=,Y0eOAsdfonUf+9lU+X9J0PtedEc=
8,41,j85aNZSsnRmrYQkGPbJPRnZkHxY=,Y0eOAsdfonUf+9lU+X9J0PtedEc=
15,40,j85aNZSsnRmrYQkGPbJPRnZkHxY=,Y0eOAsdfonUf+9lU+X9J0PtedEc=
11,47,j85aNZSsnRmrYQkGPbJPRnZkHxY=,Y0eOAsdfonUf+9lU+X9J0PtedEc=
10,47,j85aNZSsnRmrYQkGPbJPRnZkHxY=,Y0eOAsdfonUf+9lU+X9J0PtedEc=
12,40,j85aNZSsnRmrYQkGPbJPRnZkHxY=,Y0eOAsdfonUf+9lU+X9J0PtedEc=
11,40,j85aNZSsnRmrYQkGPbJPRnZkHxY=,Y0eOAsdfonUf+9lU+X9J0PtedEc=
13,40,j85aNZSsnRmrYQkGPbJPRnZkHxY=,Y0eOAsdfonUf+9lU+X9J0PtedEc=
13,46,j85aNZSsnRmrYQkGPbJPRnZkHxY=,Y0eOAsdfonUf+9lU+X9J0PtedEc=
14,40,j85aNZSsnRmrYQkGPbJPRnZkHxY=,Y0eOAsdfonUf+9lU+X9J0PtedEc=
7,41,j85aNZSsnRmrYQkGPbJPRnZkHxY=,gaDOru7vznzhHFwx3HG8QP4JXGs=
9,47,j85aNZSsnRmrYQkGPbJPRnZkHxY=,Y0eOAsdfonUf+9lU+X9J0PtedEc=
8,40,j85aNZSsnRmrYQkGPbJPRnZkHxY=,Y0eOAsdfonUf+9lU+X9J0PtedEc=
9,40,j85aNZSsnRmrYQkGPbJPRnZkHxY=,Y0eOAsdfonUf+9lU+X9J0PtedEc=
10,40,j85aNZSsnRmrYQkGPbJPRnZkHxY=,Y0eOAsdfonUf+9lU+X9J0PtedEc=
8,47,j85aNZSsnRmrYQkGPbJPRnZkHxY=,Y0eOAsdfonUf+9lU+X9J0PtedEc=
14,46,j85aNZSsnRmrYQkGPbJPRnZkHxY=,Y0eOAsdfonUf+9lU+X9J0PtedEc=
7,47,j85aNZSsnRmrYQkGPbJPRnZkHxY=,gaDOru7vznzhHFwx3HG8QP4JXGs=
0,41,j85aNZSsnRmrYQkGPbJPRnZkHxY=,gaDOru7vznzhHFwx3HG8QP4JXGs=
15,46,j85aNZSsnRmrYQkGPbJPRnZkHxY=,Y0eOAsdfonUf+9lU+X9J0PtedEc=
11,51,vxIhL44JDItnfFWELYmMd6b5jgQ=,lu2FT1ypzSVOMliXBdUIhDe4MDg=
14,50,vxIhL44JDItnfFWELYmMd6b5jgQ=,lu2FT1ypzSVOMliXBdUIhDe4MDg=
10,51,vxIhL44JDItnfFWELYmMd6b5jgQ=,lu2FT1ypzSVOMliXBdUIhDe4MDg=
14,54,vxIhL44JDItnfFWELYmMd6b5jgQ=,lu2FT1ypzSVOMliXBdUIhDe4MDg=
9,51,vxIhL44JDItnfFWELYmMd6b5jgQ=,lu2FT1ypzSVOMliXBdUIhDe4MDg=
2,50,vxIhL44JDItnfFWELYmMd6b5jgQ=,rdxXcxABVgpFPQX3CSsYD2RwDbE=
13,50,vxIhL44JDItnfFWELYmMd6b5jgQ=,lu2FT1ypzSVOMliXBdUIhDe4MDg=
5,54,vxIhL44JDItnfFWELYmMd6b5jgQ=,rdxXcxABVgpFPQX3CSsYD2RwDbE=
7,52,vxIhL44JDItnfFWELYmMd6b5jgQ=,rdxXcxABVgpFPQX3CSsYD2RwDbE=
6,52,vxIhL44JDItnfFWELYmMd6b5jgQ=,rdxXcxABVgpFPQX3CSsYD2RwDbE=
5,52,vxIhL44JDItnfFWELYmMd6b5jgQ=,rdxXcxABVgpFPQX3CSsYD2RwDbE=
1,50,vxIhL44JDItnfFWELYmMd6b5jgQ=,rdxXcxABVgpFPQX3CSsYD2RwDbE=
4,54,vxIhL44JDItnfFWELYmMd6b5jgQ=,rdxXcxABVgpFPQX3CSsYD2RwDbE=
8,51,vxIhL44JDItnfFWELYmMd6b5jgQ=,lu2FT1ypzSVOMliXBdUIhDe4MDg=
8,50,vxIhL44JDItnfFWELYmMd6b5jgQ=,lu2FT1ypzSVOMliXBdUIhDe4MDg=
7,51,vxIhL44JDItnfFWELYmMd6b5jgQ=,rdxXcxABVgpFPQX3CSsYD2RwDbE=
3,49,vxIhL44JDItnfFWELYmMd6b5jgQ=,rdxXcxABVgpFPQX3CSsYD2RwDbE=
8,54,vxIhL44JDItnfFWELYmMd6b5jgQ=,lu2FT1ypzSVOMliXBdUIhDe4MDg=
1,51,vxIhL44JDItnfFWELYmMd6b5jgQ=,rdxXcxABVgpFPQX3CSsYD2RwDbE=
12,50,vxIhL44JDItnfFWELYmMd6b5jgQ=,lu2FT1ypzSVOMliXBdUIhDe4MDg=
3,54,vxIhL44JDItnfFWELYmMd6b5jgQ=,rdxXcxABVgpFPQX3CSsYD2RwDbE=
6,51,vxIhL44JDItnfFWELYmMd6b5jgQ=,rdxXcxABVgpFPQX3CSsYD2RwDbE=
2,49,vxIhL44JDItnfFWELYmMd6b5jgQ=,rdxXcxABVgpFPQX3CSsYD2RwDbE=
8,49,vxIhL44JDItnfFWELYmMd6b5jgQ=,lu2FT1ypzSVOMliXBdUIhDe4MDg=
1,49,vxIhL44JDItnfFWELYmMd6b5jgQ=,rdxXcxABVgpFPQX3CSsYD2RwDbE=
7,54,vxIhL44JDItnfFWELYmMd6b5jgQ=,rdxXcxABVgpFPQX3CSsYD2RwDbE=
8,53,vxIhL44JDItnfFWELYmMd6b5jgQ=,lu2FT1ypzSVOMliXBdUIhDe4MDg=
3,50,vxIhL44JDItnfFWELYmMd6b5jgQ=,rdxXcxABVgpFPQX3CSsYD2RwDbE=
5,51,vxIhL44JDItnfFWELYmMd6b5jgQ=,rdxXcxABVgpFPQX3CSsYD2RwDbE=
2,54,vxIhL44JDItnfFWELYmMd6b5jgQ=,rdxXcxABVgpFPQX3CSsYD2RwDbE=
7,49,vxIhL44JDItnfFWELYmMd6b5jgQ=,rdxXcxABVgpFPQX3CSsYD2RwDbE=
4,51,vxIhL44JDItnfFWELYmMd6b5jgQ=,rdxXcxABVgpFPQX3CSsYD2RwDbE=
1,54,vxIhL44JDItnfFWELYmMd6b5jgQ=,rdxXcxABVgpFPQX3CSsYD2RwDbE=
5,53,vxIhL44JDItnfFWELYmMd6b5jgQ=,rdxXcxABVgpFPQX3CSsYD2RwDbE=
7,50,vxIhL44JDItnfFWELYmMd6b5jgQ=,rdxXcxABVgpFPQX3CSsYD2RwDbE=
8,52,vxIhL44JDItnfFWELYmMd6b5jgQ=,lu2FT1ypzSVOMliXBdUIhDe4MDg=
4,53,vxIhL44JDItnfFWELYmMd6b5jgQ=,rdxXcxABVgpFPQX3CSsYD2RwDbE=
6,50,vxIhL44JDItnfFWELYmMd6b5jgQ=,rdxXcxABVgpFPQX3CSsYD2RwDbE=
4,50,vxIhL44JDItnfFWELYmMd6b5jgQ=,rdxXcxABVgpFPQX3CSsYD2RwDbE=
3,53,vxIhL44JDItnfFWELYmMd6b5jgQ=,rdxXcxABVgpFPQX3CSsYD2RwDbE=
3,51,vxIhL44JDItnfFWELYmMd6b5jgQ=,rdxXcxABVgpFPQX3CSsYD2RwDbE=
2,53,vxIhL44JDItnfFWELYmMd6b5jgQ=,rdxXcxABVgpFPQX3CSsYD2RwDbE=
1,53,vxIhL44JDItnfFWELYmMd6b5jgQ=,rdxXcxABVgpFPQX3CSsYD2RwDbE=
6,54,vxIhL44JDItnfFWELYmMd6b5jgQ=,rdxXcxABVgpFPQX3CSsYD2RwDbE=
4,52,vxIhL44JDItnfFWELYmMd6b5jgQ=,rdxXcxABVgpFPQX3CSsYD2RwDbE=
3,52,vxIhL44JDItnfFWELYmMd6b5jgQ=,rdxXcxABVgpFPQX3CSsYD2RwDbE=
6,49,vxIhL44JDItnfFWELYmMd6b5jgQ=,rdxXcxABVgpFPQX3CSsYD2RwDbE=
7,53,vxIhL44JDItnfFWELYmMd6b5jgQ=,rdxXcxABVgpFPQX3CSsYD2RwDbE=
5,50,vxIhL44JDItnfFWELYmMd6b5jgQ=,rdxXcxABVgpFPQX3CSsYD2RwDbE=
2,51,vxIhL44JDItnfFWELYmMd6b5jgQ=,rdxXcxABVgpFPQX3CSsYD2RwDbE=
2,52,vxIhL44JDItnfFWELYmMd6b5jgQ=,rdxXcxABVgpFPQX3CSsYD2RwDbE=
1,52,vxIhL44JDItnfFWELYmMd6b5jgQ=,rdxXcxABVgpFPQX3CSsYD2RwDbE=
5,49,vxIhL44JDItnfFWELYmMd6b5jgQ=,rdxXcxABVgpFPQX3CSsYD2RwDbE=
6,53,vxIhL44JDItnfFWELYmMd6b5jgQ=,rdxXcxABVgpFPQX3CSsYD2RwDbE=
4,49,vxIhL44JDItnfFWELYmMd6b5jgQ=,rdxXcxABVgpFPQX3CSsYD2RwDbE=
12,54,vxIhL44JDItnfFWELYmMd6b5jgQ=,lu2FT1ypzSVOMliXBdUIhDe4MDg=
12,51,vxIhL44JDItnfFWELYmMd6b5jgQ=,lu2FT1ypzSVOMliXBdUIhDe4MDg=
10,50,vxIhL44JDItnfFWELYmMd6b5jgQ=,lu2FT1ypzSVOMliXBdUIhDe4MDg=
9,50,vxIhL44JDItnfFWELYmMd6b5jgQ=,lu2FT1ypzSVOMliXBdUIhDe4MDg=
11,50,vxIhL44JDItnfFWELYmMd6b5jgQ=,lu2FT1ypzSVOMliXBdUIhDe4MDg=
13,54,vxIhL44JDItnfFWELYmMd6b5jgQ=,lu2FT1ypzSVOMliXBdUIhDe4MDg=
13,51,vxIhL44JDItnfFWELYmMd6b5jgQ=,lu2FT1ypzSVOMliXBdUIhDe4MDg=
12,61,vxIhL44JDItnfFWELYmMd6b5jgQ=,FC01WfZ27xMLoUtnJry49ilb2NE=
14,51,vxIhL44JDItnfFWELYmMd6b5jgQ=,lu2FT1ypzSVOMliXBdUIhDe4MDg=
13,61,vxIhL44JDItnfFWELYmMd6b5jgQ=,FC01WfZ27xMLoUtnJry49ilb2NE=
9,52,vxIhL44JDItnfFWELYmMd6b5jgQ=,lu2FT1ypzSVOMliXBdUIhDe4MDg=
14,61,vxIhL44JDItnfFWELYmMd6b5jgQ=,FC01WfZ27xMLoUtnJry49ilb2NE=
11,61,vxIhL44JDItnfFWELYmMd6b5jgQ=,FC01WfZ27xMLoUtnJry49ilb2NE=
4,55,vxIhL44JDItnfFWELYmMd6b5jgQ=,rdxXcxABVgpFPQX3CSsYD2RwDbE=
10,61,vxIhL44JDItnfFWELYmMd6b5jgQ=,FC01WfZ27xMLoUtnJry49ilb2NE=
13,55,vxIhL44JDItnfFWELYmMd6b5jgQ=,lu2FT1ypzSVOMliXBdUIhDe4MDg=
9,61,vxIhL44JDItnfFWELYmMd6b5jgQ=,FC01WfZ27xMLoUtnJry49ilb2NE=
14,55,vxIhL44JDItnfFWELYmMd6b5jgQ=,lu2FT1ypzSVOMliXBdUIhDe4MDg=
10,52,vxIhL44JDItnfFWELYmMd6b5jgQ=,lu2FT1ypzSVOMliXBdUIhDe4MDg=
12,55,vxIhL44JDItnfFWELYmMd6b5jgQ=,lu2FT1ypzSVOMliXBdUIhDe4MDg=
11,55,vxIhL44JDItnfFWELYmMd6b5jgQ=,lu2FT1ypzSVOMliXBdUIhDe4MDg=
15,51,vxIhL44JDItnfFWELYmMd6b5jgQ=,lu2FT1ypzSVOMliXBdUIhDe4MDg=
9,62,vxIhL44JDItnfFWELYmMd6b5jgQ=,FC01WfZ27xMLoUtnJry49ilb2NE=
10,55,vxIhL44JDItnfFWELYmMd6b5jgQ=,lu2FT1ypzSVOMliXBdUIhDe4MDg=
5,55,vxIhL44JDItnfFWELYmMd6b5jgQ=,rdxXcxABVgpFPQX3CSsYD2RwDbE=
12,60,vxIhL44JDItnfFWELYmMd6b5jgQ=,FC01WfZ27xMLoUtnJry49ilb2NE=
11,54,vxIhL44JDItnfFWELYmMd6b5jgQ=,lu2FT1ypzSVOMliXBdUIhDe4MDg=
13,60,vxIhL44JDItnfFWELYmMd6b5jgQ=,FC01WfZ27xMLoUtnJry49ilb2NE=
14,60,vxIhL44JDItnfFWELYmMd6b5jgQ=,FC01WfZ27xMLoUtnJry49ilb2NE=
9,55,vxIhL44JDItnfFWELYmMd6b5jgQ=,lu2FT1ypzSVOMliXBdUIhDe4MDg=
11,52,vxIhL44JDItnfFWELYmMd6b5jgQ=,lu2FT1ypzSVOMliXBdUIhDe4MDg=
11,60,vxIhL44JDItnfFWELYmMd6b5jgQ=,FC01WfZ27xMLoUtnJry49ilb2NE=
15,52,vxIhL44JDItnfFWELYmMd6b5jgQ=,lu2FT1ypzSVOMliXBdUIhDe4MDg=
10,60,vxIhL44JDItnfFWELYmMd6b5jgQ=,FC01WfZ27xMLoUtnJry49ilb2NE=
10,62,vxIhL44JDItnfFWELYmMd6b5jgQ=,FC01WfZ27xMLoUtnJry49ilb2NE=
6,55,vxIhL44JDItnfFWELYmMd6b5jgQ=,rdxXcxABVgpFPQX3CSsYD2RwDbE=
14,59,vxIhL44JDItnfFWELYmMd6b5jgQ=,FC01WfZ27xMLoUtnJry49ilb2NE=
9,60,vxIhL44JDItnfFWELYmMd6b5jgQ=,FC01WfZ27xMLoUtnJry49ilb2NE=
12,59,vxIhL44JDItnfFWELYmMd6b5jgQ=,FC01WfZ27xMLoUtnJry49ilb2NE=
13,59,vxIhL44JDItnfFWELYmMd6b5jgQ=,FC01WfZ27xMLoUtnJry49ilb2NE=
15,53,vxIhL44JDItnfFWELYmMd6b5jgQ=,lu2FT1ypzSVOMliXBdUIhDe4MDg=
10,59,vxIhL44JDItnfFWELYmMd6b5jgQ=,FC01WfZ27xMLoUtnJry49ilb2NE=
12,52,vxIhL44JDItnfFWELYmMd6b5jgQ=,lu2FT1ypzSVOMliXBdUIhDe4MDg=
11,62,vxIhL44JDItnfFWELYmMd6b5jgQ=,FC01WfZ27xMLoUtnJry49ilb2NE=
9,59,vxIhL44JDItnfFWELYmMd6b5jgQ=,FC01WfZ27xMLoUtnJry49ilb2NE=
7,55,vxIhL44JDItnfFWELYmMd6b5jgQ=,rdxXcxABVgpFPQX3CSsYD2RwDbE=
12,58,vxIhL44JDItnfFWELYmMd6b5jgQ=,FC01WfZ27xMLoUtnJry49ilb2NE=
13,58,vxIhL44JDItnfFWELYmMd6b5jgQ=,FC01WfZ27xMLoUtnJry49ilb2NE=
11,59,vxIhL44JDItnfFWELYmMd6b5jgQ=,FC01WfZ27xMLoUtnJry49ilb2NE=
14,58,vxIhL44JDItnfFWELYmMd6b5jgQ=,FC01WfZ27xMLoUtnJry49ilb2NE=
11,58,vxIhL44JDItnfFWELYmMd6b5jgQ=,FC01WfZ27xMLoUtnJry49ilb2NE=
10,58,vxIhL44JDItnfFWELYmMd6b5jgQ=,FC01WfZ27xMLoUtnJry49ilb2NE=
13,52,vxIhL44JDItnfFWELYmMd6b5jgQ=,lu2FT1ypzSVOMliXBdUIhDe4MDg=
9,58,vxIhL44JDItnfFWELYmMd6b5jgQ=,FC01WfZ27xMLoUtnJry49ilb2NE=
9,56,vxIhL44JDItnfFWELYmMd6b5jgQ=,FC01WfZ27xMLoUtnJry49ilb2NE=
10,54,vxIhL44JDItnfFWELYmMd6b5jgQ=,lu2FT1ypzSVOMliXBdUIhDe4MDg=
15,49,vxIhL44JDItnfFWELYmMd6b5jgQ=,lu2FT1ypzSVOMliXBdUIhDe4MDg=
1,56,vxIhL44JDItnfFWELYmMd6b5jgQ=,iBkIM8wfjuIEnnMhjd+OO7QRgM0=
14,57,vxIhL44JDItnfFWELYmMd6b5jgQ=,FC01WfZ27xMLoUtnJry49ilb2NE=
13,57,vxIhL44JDItnfFWELYmMd6b5jgQ=,FC01WfZ27xMLoUtnJry49ilb2NE=
12,57,vxIhL44JDItnfFWELYmMd6b5jgQ=,FC01WfZ27xMLoUtnJry49ilb2NE=
15,50,vxIhL44JDItnfFWELYmMd6b5jgQ=,lu2FT1ypzSVOMliXBdUIhDe4MDg=
15,54,vxIhL44JDItnfFWELYmMd6b5jgQ=,lu2FT1ypzSVOMliXBdUIhDe4MDg=
11,57,vxIhL44JDItnfFWELYmMd6b5jgQ=,FC01WfZ27xMLoUtnJry49ilb2NE=
14,52,vxIhL44JDItnfFWELYmMd6b5jgQ=,lu2FT1ypzSVOMliXBdUIhDe4MDg=
9,57,vxIhL44JDItnfFWELYmMd6b5jgQ=,FC01WfZ27xMLoUtnJry49ilb2NE=
10,56,vxIhL44JDItnfFWELYmMd6b5jgQ=,FC01WfZ27xMLoUtnJry49ilb2NE=
9,53,vxIhL44JDItnfFWELYmMd6b5jgQ=,lu2FT1ypzSVOMliXBdUIhDe4MDg=
12,62,vxIhL44JDItnfFWELYmMd6b5jgQ=,FC01WfZ27xMLoUtnJry49ilb2NE=
10,57,vxIhL44JDItnfFWELYmMd6b5jgQ=,FC01WfZ27xMLoUtnJry49ilb2NE=
2,56,vxIhL44JDItnfFWELYmMd6b5jgQ=,iBkIM8wfjuIEnnMhjd+OO7QRgM0=
13,62,vxIhL44JDItnfFWELYmMd6b5jgQ=,FC01WfZ27xMLoUtnJry49ilb2NE=
14,56,vxIhL44JDItnfFWELYmMd6b5jgQ=,FC01WfZ27xMLoUtnJry49ilb2NE=
14,62,vxIhL44JDItnfFWELYmMd6b5jgQ=,FC01WfZ27xMLoUtnJry49ilb2NE=
13,56,vxIhL44JDItnfFWELYmMd6b5jgQ=,FC01WfZ27xMLoUtnJry49ilb2NE=
12,56,vxIhL44JDItnfFWELYmMd6b5jgQ=,FC01WfZ27xMLoUtnJry49ilb2NE=
15,61,vxIhL44JDItnfFWELYmMd6b5jgQ=,FC01WfZ27xMLoUtnJry49ilb2NE=
3,56,vxIhL44JDItnfFWELYmMd6b5jgQ=,iBkIM8wfjuIEnnMhjd+OO7QRgM0=
11,56,vxIhL44JDItnfFWELYmMd6b5jgQ=,FC01WfZ27xMLoUtnJry49ilb2NE=
10,53,vxIhL44JDItnfFWELYmMd6b5jgQ=,lu2FT1ypzSVOMliXBdUIhDe4MDg=
15,55,vxIhL44JDItnfFWELYmMd6b5jgQ=,lu2FT1ypzSVOMliXBdUIhDe4MDg=
15,60,vxIhL44JDItnfFWELYmMd6b5jgQ=,FC01WfZ27xMLoUtnJry49ilb2NE=
15,62,vxIhL44JDItnfFWELYmMd6b5jgQ=,FC01WfZ27xMLoUtnJry49ilb2NE=
4,56,vxIhL44JDItnfFWELYmMd6b5jgQ=,iBkIM8wfjuIEnnMhjd+OO7QRgM0=
15,59,vxIhL44JDItnfFWELYmMd6b5jgQ=,FC01WfZ27xMLoUtnJry49ilb2NE=
9,49,vxIhL44JDItnfFWELYmMd6b5jgQ=,lu2FT1ypzSVOMliXBdUIhDe4MDg=
15,58,vxIhL44JDItnfFWELYmMd6b5jgQ=,FC01WfZ27xMLoUtnJry49ilb2NE=
15,56,vxIhL44JDItnfFWELYmMd6b5jgQ=,FC01WfZ27xMLoUtnJry49ilb2NE=
8,61,vxIhL44JDItnfFWELYmMd6b5jgQ=,FC01WfZ27xMLoUtnJry49ilb2NE=
7,62,vxIhL44JDItnfFWELYmMd6b5jgQ=,iBkIM8wfjuIEnnMhjd+OO7QRgM0=
3,55,vxIhL44JDItnfFWELYmMd6b5jgQ=,rdxXcxABVgpFPQX3CSsYD2RwDbE=
9,63,vxIhL44JDItnfFWELYmMd6b5jgQ=,FC01WfZ27xMLoUtnJry49ilb2NE=
5,56,vxIhL44JDItnfFWELYmMd6b5jgQ=,iBkIM8wfjuIEnnMhjd+OO7QRgM0=
15,57,vxIhL44JDItnfFWELYmMd6b5jgQ=,FC01WfZ27xMLoUtnJry49ilb2NE=
10,49,vxIhL44JDItnfFWELYmMd6b5jgQ=,lu2FT1ypzSVOMliXBdUIhDe4MDg=
10,63,vxIhL44JDItnfFWELYmMd6b5jgQ=,FC01WfZ27xMLoUtnJry49ilb2NE=
8,55,vxIhL44JDItnfFWELYmMd6b5jgQ=,lu2FT1ypzSVOMliXBdUIhDe4MDg=
6,56,vxIhL44JDItnfFWELYmMd6b5jgQ=,iBkIM8wfjuIEnnMhjd+OO7QRgM0=
14,63,vxIhL44JDItnfFWELYmMd6b5jgQ=,FC01WfZ27xMLoUtnJry49ilb2NE=
6,62,vxIhL44JDItnfFWELYmMd6b5jgQ=,iBkIM8wfjuIEnnMhjd+OO7QRgM0=
13,63,vxIhL44JDItnfFWELYmMd6b5jgQ=,FC01WfZ27xMLoUtnJry49ilb2NE=
12,63,vxIhL44JDItnfFWELYmMd6b5jgQ=,FC01WfZ27xMLoUtnJry49ilb2NE=
11,63,vxIhL44JDItnfFWELYmMd6b5jgQ=,FC01WfZ27xMLoUtnJry49ilb2NE=
11,49,vxIhL44JDItnfFWELYmMd6b5jgQ=,lu2FT1ypzSVOMliXBdUIhDe4MDg=
4,63,vxIhL44JDItnfFWELYmMd6b5jgQ=,iBkIM8wfjuIEnnMhjd+OO7QRgM0=
3,63,vxIhL44JDItnfFWELYmMd6b5jgQ=,iBkIM8wfjuIEnnMhjd+OO7QRgM0=
7,56,vxIhL44JDItnfFWELYmMd6b5jgQ=,iBkIM8wfjuIEnnMhjd+OO7QRgM0=
9,54,vxIhL44JDItnfFWELYmMd6b5jgQ=,lu2FT1ypzSVOMliXBdUIhDe4MDg=
12,49,vxIhL44JDItnfFWELYmMd6b5jgQ=,lu2FT1ypzSVOMliXBdUIhDe4MDg=
5,63,vxIhL44JDItnfFWELYmMd6b5jgQ=,iBkIM8wfjuIEnnMhjd+OO7QRgM0=
5,62,vxIhL44JDItnfFWELYmMd6b5jgQ=,iBkIM8wfjuIEnnMhjd+OO7QRgM0=
2,63,vxIhL44JDItnfFWELYmMd6b5jgQ=,iBkIM8wfjuIEnnMhjd+OO7QRgM0=
1,57,vxIhL44JDItnfFWELYmMd6b5jgQ=,iBkIM8wfjuIEnnMhjd+OO7QRgM0=
8,63,vxIhL44JDItnfFWELYmMd6b5jgQ=,FC01WfZ27xMLoUtnJry49ilb2NE=
1,63,vxIhL44JDItnfFWELYmMd6b5jgQ=,iBkIM8wfjuIEnnMhjd+OO7QRgM0=
6,63,vxIhL44JDItnfFWELYmMd6b5jgQ=,iBkIM8wfjuIEnnMhjd+OO7QRgM0=
7,63,vxIhL44JDItnfFWELYmMd6b5jgQ=,iBkIM8wfjuIEnnMhjd+OO7QRgM0=
2,55,vxIhL44JDItnfFWELYmMd6b5jgQ=,rdxXcxABVgpFPQX3CSsYD2RwDbE=
11,53,vxIhL44JDItnfFWELYmMd6b5jgQ=,lu2FT1ypzSVOMliXBdUIhDe4MDg=
3,62,vxIhL44JDItnfFWELYmMd6b5jgQ=,iBkIM8wfjuIEnnMhjd+OO7QRgM0=
0,57,vxIhL44JDItnfFWELYmMd6b5jgQ=,iBkIM8wfjuIEnnMhjd+OO7QRgM0=
4,62,vxIhL44JDItnfFWELYmMd6b5jgQ=,iBkIM8wfjuIEnnMhjd+OO7QRgM0=
8,62,vxIhL44JDItnfFWELYmMd6b5jgQ=,FC01WfZ27xMLoUtnJry49ilb2NE=
0,58,vxIhL44JDItnfFWELYmMd6b5jgQ=,iBkIM8wfjuIEnnMhjd+OO7QRgM0=
2,57,vxIhL44JDItnfFWELYmMd6b5jgQ=,iBkIM8wfjuIEnnMhjd+OO7QRgM0=
12,53,vxIhL44JDItnfFWELYmMd6b5jgQ=,lu2FT1ypzSVOMliXBdUIhDe4MDg=
0,62,vxIhL44JDItnfFWELYmMd6b5jgQ=,iBkIM8wfjuIEnnMhjd+OO7QRgM0=
14,53,vxIhL44JDItnfFWELYmMd6b5jgQ=,lu2FT1ypzSVOMliXBdUIhDe4MDg=
0,61,vxIhL44JDItnfFWELYmMd6b5jgQ=,iBkIM8wfjuIEnnMhjd+OO7QRgM0=
14,49,vxIhL44JDItnfFWELYmMd6b5jgQ=,lu2FT1ypzSVOMliXBdUIhDe4MDg=
0,60,vxIhL44JDItnfFWELYmMd6b5jgQ=,iBkIM8wfjuIEnnMhjd+OO7QRgM0=
0,59,vxIhL44JDItnfFWELYmMd6b5jgQ=,iBkIM8wfjuIEnnMhjd+OO7QRgM0=
8,56,vxIhL44JDItnfFWELYmMd6b5jgQ=,FC01WfZ27xMLoUtnJry49ilb2NE=
13,53,vxIhL44JDItnfFWELYmMd6b5jgQ=,lu2FT1ypzSVOMliXBdUIhDe4MDg=
13,49,vxIhL44JDItnfFWELYmMd6b5jgQ=,lu2FT1ypzSVOMliXBdUIhDe4MDg=
0,56,vxIhL44JDItnfFWELYmMd6b5jgQ=,iBkIM8wfjuIEnnMhjd+OO7QRgM0=
0,63,vxIhL44JDItnfFWELYmMd6b5jgQ=,iBkIM8wfjuIEnnMhjd+OO7QRgM0=
3,57,vxIhL44JDItnfFWELYmMd6b5jgQ=,iBkIM8wfjuIEnnMhjd+OO7QRgM0=
0,52,vxIhL44JDItnfFWELYmMd6b5jgQ=,rdxXcxABVgpFPQX3CSsYD2RwDbE=
4,57,vxIhL44JDItnfFWELYmMd6b5jgQ=,iBkIM8wfjuIEnnMhjd+OO7QRgM0=
3,48,vxIhL44JDItnfFWELYmMd6b5jgQ=,rdxXcxABVgpFPQX3CSsYD2RwDbE=
2,48,vxIhL44JDItnfFWELYmMd6b5jgQ=,rdxXcxABVgpFPQX3CSsYD2RwDbE=
6,48,vxIhL44JDItnfFWELYmMd6b5jgQ=,rdxXcxABVgpFPQX3CSsYD2RwDbE=
5,48,vxIhL44JDItnfFWELYmMd6b5jgQ=,rdxXcxABVgpFPQX3CSsYD2RwDbE=
4,48,vxIhL44JDItnfFWELYmMd6b5jgQ=,rdxXcxABVgpFPQX3CSsYD2RwDbE=
1,48,vxIhL44JDItnfFWELYmMd6b5jgQ=,rdxXcxABVgpFPQX3CSsYD2RwDbE=
2,62,vxIhL44JDItnfFWELYmMd6b5jgQ=,iBkIM8wfjuIEnnMhjd+OO7QRgM0=
8,48,vxIhL44JDItnfFWELYmMd6b5jgQ=,lu2FT1ypzSVOMliXBdUIhDe4MDg=
0,53,vxIhL44JDItnfFWELYmMd6b5jgQ=,rdxXcxABVgpFPQX3CSsYD2RwDbE=
15,48,vxIhL44JDItnfFWELYmMd6b5jgQ=,lu2FT1ypzSVOMliXBdUIhDe4MDg=
5,57,vxIhL44JDItnfFWELYmMd6b5jgQ=,iBkIM8wfjuIEnnMhjd+OO7QRgM0=
1,62,vxIhL44JDItnfFWELYmMd6b5jgQ=,iBkIM8wfjuIEnnMhjd+OO7QRgM0=
7,61,vxIhL44JDItnfFWELYmMd6b5jgQ=,iBkIM8wfjuIEnnMhjd+OO7QRgM0=
1,55,vxIhL44JDItnfFWELYmMd6b5jgQ=,rdxXcxABVgpFPQX3CSsYD2RwDbE=
5,61,vxIhL44JDItnfFWELYmMd6b5jgQ=,iBkIM8wfjuIEnnMhjd+OO7QRgM0=
15,63,vxIhL44JDItnfFWELYmMd6b5jgQ=,FC01WfZ27xMLoUtnJry49ilb2NE=
6,61,vxIhL44JDItnfFWELYmMd6b5jgQ=,iBkIM8wfjuIEnnMhjd+OO7QRgM0=
9,48,vxIhL44JDItnfFWELYmMd6b5jgQ=,lu2FT1ypzSVOMliXBdUIhDe4MDg=
0,54,vxIhL44JDItnfFWELYmMd6b5jgQ=,rdxXcxABVgpFPQX3CSsYD2RwDbE=
4,61,vxIhL44JDItnfFWELYmMd6b5jgQ=,iBkIM8wfjuIEnnMhjd+OO7QRgM0=
0,48,vxIhL44JDItnfFWELYmMd6b5jgQ=,rdxXcxABVgpFPQX3CSsYD2RwDbE=
6,57,vxIhL44JDItnfFWELYmMd6b5jgQ=,iBkIM8wfjuIEnnMhjd+OO7QRgM0=
2,61,vxIhL44JDItnfFWELYmMd6b5jgQ=,iBkIM8wfjuIEnnMhjd+OO7QRgM0=
3,61,vxIhL44JDItnfFWELYmMd6b5jgQ=,iBkIM8wfjuIEnnMhjd+OO7QRgM0=
1,61,vxIhL44JDItnfFWELYmMd6b5jgQ=,iBkIM8wfjuIEnnMhjd+OO7QRgM0=
8,60,vxIhL44JDItnfFWELYmMd6b5jgQ=,FC01WfZ27xMLoUtnJry49ilb2NE=
7,60,vxIhL44JDItnfFWELYmMd6b5jgQ=,iBkIM8wfjuIEnnMhjd+OO7QRgM0=
6,60,vxIhL44JDItnfFWELYmMd6b5jgQ=,iBkIM8wfjuIEnnMhjd+OO7QRgM0=
10,48,vxIhL44JDItnfFWELYmMd6b5jgQ=,lu2FT1ypzSVOMliXBdUIhDe4MDg=
5,60,vxIhL44JDItnfFWELYmMd6b5jgQ=,iBkIM8wfjuIEnnMhjd+OO7QRgM0=
4,60,vxIhL44JDItnfFWELYmMd6b5jgQ=,iBkIM8wfjuIEnnMhjd+OO7QRgM0=
7,57,vxIhL44JDItnfFWELYmMd6b5jgQ=,iBkIM8wfjuIEnnMhjd+OO7QRgM0=
0,51,vxIhL44JDItnfFWELYmMd6b5jgQ=,rdxXcxABVgpFPQX3CSsYD2RwDbE=
3,60,vxIhL44JDItnfFWELYmMd6b5jgQ=,iBkIM8wfjuIEnnMhjd+OO7QRgM0=
2,60,vxIhL44JDItnfFWELYmMd6b5jgQ=,iBkIM8wfjuIEnnMhjd+OO7QRgM0=
1,60,vxIhL44JDItnfFWELYmMd6b5jgQ=,iBkIM8wfjuIEnnMhjd+OO7QRgM0=
7,59,vxIhL44JDItnfFWELYmMd6b5jgQ=,iBkIM8wfjuIEnnMhjd+OO7QRgM0=
6,59,vxIhL44JDItnfFWELYmMd6b5jgQ=,iBkIM8wfjuIEnnMhjd+OO7QRgM0=
11,48,vxIhL44JDItnfFWELYmMd6b5jgQ=,lu2FT1ypzSVOMliXBdUIhDe4MDg=
5,59,vxIhL44JDItnfFWELYmMd6b5jgQ=,iBkIM8wfjuIEnnMhjd+OO7QRgM0=
4,59,vxIhL44JDItnfFWELYmMd6b5jgQ=,iBkIM8wfjuIEnnMhjd+OO7QRgM0=
3,59,vxIhL44JDItnfFWELYmMd6b5jgQ=,iBkIM8wfjuIEnnMhjd+OO7QRgM0=
8,57,vxIhL44JDItnfFWELYmMd6b5jgQ=,FC01WfZ27xMLoUtnJry49ilb2NE=
0,49,vxIhL44JDItnfFWELYmMd6b5jgQ=,rdxXcxABVgpFPQX3CSsYD2RwDbE=
8,59,vxIhL44JDItnfFWELYmMd6b5jgQ=,FC01WfZ27xMLoUtnJry49ilb2NE=
1,59,vxIhL44JDItnfFWELYmMd6b5jgQ=,iBkIM8wfjuIEnnMhjd+OO7QRgM0=
2,59,vxIhL44JDItnfFWELYmMd6b5jgQ=,iBkIM8wfjuIEnnMhjd+OO7QRgM0=
8,58,vxIhL44JDItnfFWELYmMd6b5jgQ=,FC01WfZ27xMLoUtnJry49ilb2NE=
0,50,vxIhL44JDItnfFWELYmMd6b5jgQ=,rdxXcxABVgpFPQX3CSsYD2RwDbE=
12,48,vxIhL44JDItnfFWELYmMd6b5jgQ=,lu2FT1ypzSVOMliXBdUIhDe4MDg=
7,58,vxIhL44JDItnfFWELYmMd6b5jgQ=,iBkIM8wfjuIEnnMhjd+OO7QRgM0=
6,58,vxIhL44JDItnfFWELYmMd6b5jgQ=,iBkIM8wfjuIEnnMhjd+OO7QRgM0=
5,58,vxIhL44JDItnfFWELYmMd6b5jgQ=,iBkIM8wfjuIEnnMhjd+OO7QRgM0=
1,58,vxIhL44JDItnfFWELYmMd6b5jgQ=,iBkIM8wfjuIEnnMhjd+OO7QRgM0=
0,55,vxIhL44JDItnfFWELYmMd6b5jgQ=,rdxXcxABVgpFPQX3CSsYD2RwDbE=
14,48,vxIhL44JDItnfFWELYmMd6b5jgQ=,lu2FT1ypzSVOMliXBdUIhDe4MDg=
7,48,vxIhL44JDItnfFWELYmMd6b5jgQ=,rdxXcxABVgpFPQX3CSsYD2RwDbE=
2,58,vxIhL44JDItnfFWELYmMd6b5jgQ=,iBkIM8wfjuIEnnMhjd+OO7QRgM0=
4,58,vxIhL44JDItnfFWELYmMd6b5jgQ=,iBkIM8wfjuIEnnMhjd+OO7QRgM0=
3,58,vxIhL44JDItnfFWELYmMd6b5jgQ=,iBkIM8wfjuIEnnMhjd+OO7QRgM0=
13,48,vxIhL44JDItnfFWELYmMd6b5jgQ=,lu2FT1ypzSVOMliXBdUIhDe4MDg=
28,51,TALcBVxEkv3lgzoxvg5WVYSn1iM=,DLGKnwzG/DvHjtJJWSjJs4NVlOs=
22,54,TALcBVxEkv3lgzoxvg5WVYSn1iM=,f2pR0KGCqoC3zS4MRzUhEu3WRIw=
23,54,+iPW97TTFar8SLZ5Yku7T+DO7P8=,f2pR0KGCqoC3zS4MRzUhEu3WRIw=
23,52,+iPW97TTFar8SLZ5Yku7T+DO7P8=,f2pR0KGCqoC3zS4MRzUhEu3WRIw=
24,51,+iPW97TTFar8SLZ5Yku7T+DO7P8=,DLGKnwzG/DvHjtJJWSjJs4NVlOs=
20,49,+iPW97TTFar8SLZ5Yku7T+DO7P8=,f2pR0KGCqoC3zS4MRzUhEu3WRIw=
22,52,+iPW97TTFar8SLZ5Yku7T+DO7P8=,f2pR0KGCqoC3zS4MRzUhEu3WRIw=
21,52,+iPW97TTFar8SLZ5Yku7T+DO7P8=,f2pR0KGCqoC3zS4MRzUhEu3WRIw=
17,50,+iPW97TTFar8SLZ5Yku7T+DO7P8=,f2pR0KGCqoC3zS4MRzUhEu3WRIw=
21,53,+iPW97TTFar8SLZ5Yku7T+DO7P8=,f2pR0KGCqoC3zS4MRzUhEu3WRIw=
19,49,+iPW97TTFar8SLZ5Yku7T+DO7P8=,f2pR0KGCqoC3zS4MRzUhEu3WRIw=
18,49,+iPW97TTFar8SLZ5Yku7T+DO7P8=,f2pR0KGCqoC3zS4MRzUhEu3WRIw=
24,50,+iPW97TTFar8SLZ5Yku7T+DO7P8=,DLGKnwzG/DvHjtJJWSjJs4NVlOs=
17,49,+iPW97TTFar8SLZ5Yku7T+DO7P8=,f2pR0KGCqoC3zS4MRzUhEu3WRIw=
22,53,+iPW97TTFar8SLZ5Yku7T+DO7P8=,f2pR0KGCqoC3zS4MRzUhEu3WRIw=
17,51,+iPW97TTFar8SLZ5Yku7T+DO7P8=,f2pR0KGCqoC3zS4MRzUhEu3WRIw=
20,53,+iPW97TTFar8SLZ5Yku7T+DO7P8=,f2pR0KGCqoC3zS4MRzUhEu3WRIw=
28,61,+iPW97TTFar8SLZ5Yku7T+DO7P8=,Fl7sGn3X1doO0fs1syXfLi+hQJo=
24,49,+iPW97TTFar8SLZ5Yku7T+DO7P8=,DLGKnwzG/DvHjtJJWSjJs4NVlOs=
20,52,+iPW97TTFar8SLZ5Yku7T+DO7P8=,f2pR0KGCqoC3zS4MRzUhEu3WRIw=
27,51,+iPW97TTFar8SLZ5Yku7T+DO7P8=,DLGKnwzG/DvHjtJJWSjJs4NVlOs=
30,55,+iPW97TTFar8SLZ5Yku7T+DO7P8=,DLGKnwzG/DvHjtJJWSjJs4NVlOs=
26,51,+iPW97TTFar8SLZ5Yku7T+DO7P8=,DLGKnwzG/DvHjtJJWSjJs4NVlOs=
19,52,+iPW97TTFar8SLZ5Yku7T+DO7P8=,f2pR0KGCqoC3zS4MRzUhEu3WRIw=
19,53,+iPW97TTFar8SLZ5Yku7T+DO7P8=,f2pR0KGCqoC3zS4MRzUhEu3WRIw=
21,49,+iPW97TTFar8SLZ5Yku7T+DO7P8=,f2pR0KGCqoC3zS4MRzUhEu3WRIw=
23,51,+iPW97TTFar8SLZ5Yku7T+DO7P8=,f2pR0KGCqoC3zS4MRzUhEu3WRIw=
25,51,+iPW97TTFar8SLZ5Yku7T+DO7P8=,DLGKnwzG/DvHjtJJWSjJs4NVlOs=
29,61,+iPW97TTFar8SLZ5Yku7T+DO7P8=,Fl7sGn3X1doO0fs1syXfLi+hQJo=
22,51,+iPW97TTFar8SLZ5Yku7T+DO7P8=,f2pR0KGCqoC3zS4MRzUhEu3WRIw=
21,51,+iPW97TTFar8SLZ5Yku7T+DO7P8=,f2pR0KGCqoC3zS4MRzUhEu3WRIw=
30,50,+iPW97TTFar8SLZ5Yku7T+DO7P8=,DLGKnwzG/DvHjtJJWSjJs4NVlOs=
19,51,+iPW97TTFar8SLZ5Yku7T+DO7P8=,f2pR0KGCqoC3zS4MRzUhEu3WRIw=
20,51,+iPW97TTFar8SLZ5Yku7T+DO7P8=,f2pR0KGCqoC3zS4MRzUhEu3WRIw=
18,51,+iPW97TTFar8SLZ5Yku7T+DO7P8=,f2pR0KGCqoC3zS4MRzUhEu3WRIw=
27,61,+iPW97TTFar8SLZ5Yku7T+DO7P8=,Fl7sGn3X1doO0fs1syXfLi+hQJo=
17,52,+iPW97TTFar8SLZ5Yku7T+DO7P8=,f2pR0KGCqoC3zS4MRzUhEu3WRIw=
21,54,+iPW97TTFar8SLZ5Yku7T+DO7P8=,f2pR0KGCqoC3zS4MRzUhEu3WRIw=
20,54,+iPW97TTFar8SLZ5Yku7T+DO7P8=,f2pR0KGCqoC3zS4MRzUhEu3WRIw=
30,61,+iPW97TTFar8SLZ5Yku7T+DO7P8=,Fl7sGn3X1doO0fs1syXfLi+hQJo=
19,54,+iPW97TTFar8SLZ5Yku7T+DO7P8=,f2pR0KGCqoC3zS4MRzUhEu3WRIw=
29,50,+iPW97TTFar8SLZ5Yku7T+DO7P8=,DLGKnwzG/DvHjtJJWSjJs4NVlOs=
29,55,+iPW97TTFar8SLZ5Yku7T+DO7P8=,DLGKnwzG/DvHjtJJWSjJs4NVlOs=
18,54,+iPW97TTFar8SLZ5Yku7T+DO7P8=,f2pR0KGCqoC3zS4MRzUhEu3WRIw=
24,54,+iPW97TTFar8SLZ5Yku7T+DO7P8=,DLGKnwzG/DvHjtJJWSjJs4NVlOs=
17,54,+iPW97TTFar8SLZ5Yku7T+DO7P8=,f2pR0KGCqoC3zS4MRzUhEu3WRIw=
18,53,+iPW97TTFar8SLZ5Yku7T+DO7P8=,f2pR0KGCqoC3zS4MRzUhEu3WRIw=
17,53,+iPW97TTFar8SLZ5Yku7T+DO7P8=,f2pR0KGCqoC3zS4MRzUhEu3WRIw=
23,50,+iPW97TTFar8SLZ5Yku7T+DO7P8=,f2pR0KGCqoC3zS4MRzUhEu3WRIw=
23,53,+iPW97TTFar8SLZ5Yku7T+DO7P8=,f2pR0KGCqoC3zS4MRzUhEu3WRIw=
25,62,+iPW97TTFar8SLZ5Yku7T+DO7P8=,Fl7sGn3X1doO0fs1syXfLi+hQJo=
24,53,+iPW97TTFar8SLZ5Yku7T+DO7P8=,DLGKnwzG/DvHjtJJWSjJs4NVlOs=
23,49,+iPW97TTFar8SLZ5Yku7T+DO7P8=,f2pR0KGCqoC3zS4MRzUhEu3WRIw=
20,50,+iPW97TTFar8SLZ5Yku7T+DO7P8=,f2pR0KGCqoC3zS4MRzUhEu3WRIw=
19,50,+iPW97TTFar8SLZ5Yku7T+DO7P8=,f2pR0KGCqoC3zS4MRzUhEu3WRIw=
18,50,+iPW97TTFar8SLZ5Yku7T+DO7P8=,f2pR0KGCqoC3zS4MRzUhEu3WRIw=
24,52,+iPW97TTFar8SLZ5Yku7T+DO7P8=,DLGKnwzG/DvHjtJJWSjJs4NVlOs=
21,50,+iPW97TTFar8SLZ5Yku7T+DO7P8=,f2pR0KGCqoC3zS4MRzUhEu3WRIw=
22,50,+iPW97TTFar8SLZ5Yku7T+DO7P8=,f2pR0KGCqoC3zS4MRzUhEu3WRIw=
26,61,+iPW97TTFar8SLZ5Yku7T+DO7P8=,Fl7sGn3X1doO0fs1syXfLi+hQJo=
25,61,+iPW97TTFar8SLZ5Yku7T+DO7P8=,Fl7sGn3X1doO0fs1syXfLi+hQJo=
25,56,+iPW97TTFar8SLZ5Yku7T+DO7P8=,Fl7sGn3X1doO0fs1syXfLi+hQJo=
22,49,+iPW97TTFar8SLZ5Yku7T+DO7P8=,f2pR0KGCqoC3zS4MRzUhEu3WRIw=
28,55,+iPW97TTFar8SLZ5Yku7T+DO7P8=,DLGKnwzG/DvHjtJJWSjJs4NVlOs=
27,55,+iPW97TTFar8SLZ5Yku7T+DO7P8=,DLGKnwzG/DvHjtJJWSjJs4NVlOs=
30,60,+iPW97TTFar8SLZ5Yku7T+DO7P8=,Fl7sGn3X1doO0fs1syXfLi+hQJo=
18,52,+iPW97TTFar8SLZ5Yku7T+DO7P8=,f2pR0KGCqoC3zS4MRzUhEu3WRIw=
29,60,+iPW97TTFar8SLZ5Yku7T+DO7P8=,Fl7sGn3X1doO0fs1syXfLi+hQJo=
26,62,+iPW97TTFar8SLZ5Yku7T+DO7P8=,Fl7sGn3X1doO0fs1syXfLi+hQJo=
27,60,+iPW97TTFar8SLZ5Yku7T+DO7P8=,Fl7sGn3X1doO0fs1syXfLi+hQJo=
28,60,+iPW97TTFar8SLZ5Yku7T+DO7P8=,Fl7sGn3X1doO0fs1syXfLi+hQJo=
27,50,+iPW97TTFar8SLZ5Yku7T+DO7P8=,DLGKnwzG/DvHjtJJWSjJs4NVlOs=
26,50,+iPW97TTFar8SLZ5Yku7T+DO7P8=,DLGKnwzG/DvHjtJJWSjJs4NVlOs=
25,50,+iPW97TTFar8SLZ5Yku7T+DO7P8=,DLGKnwzG/DvHjtJJWSjJs4NVlOs=
29,49,+iPW97TTFar8SLZ5Yku7T+DO7P8=,DLGKnwzG/DvHjtJJWSjJs4NVlOs=
30,49,+iPW97TTFar8SLZ5Yku7T+DO7P8=,DLGKnwzG/DvHjtJJWSjJs4NVlOs=
31,51,+iPW97TTFar8SLZ5Yku7T+DO7P8=,DLGKnwzG/DvHjtJJWSjJs4NVlOs=
26,60,+iPW97TTFar8SLZ5Yku7T+DO7P8=,Fl7sGn3X1doO0fs1syXfLi+hQJo=
31,50,+iPW97TTFar8SLZ5Yku7T+DO7P8=,DLGKnwzG/DvHjtJJWSjJs4NVlOs=
26,56,+iPW97TTFar8SLZ5Yku7T+DO7P8=,Fl7sGn3X1doO0fs1syXfLi+hQJo=
31,49,+iPW97TTFar8SLZ5Yku7T+DO7P8=,DLGKnwzG/DvHjtJJWSjJs4NVlOs=
28,49,+iPW97TTFar8SLZ5Yku7T+DO7P8=,DLGKnwzG/DvHjtJJWSjJs4NVlOs=
27,49,+iPW97TTFar8SLZ5Yku7T+DO7P8=,DLGKnwzG/DvHjtJJWSjJs4NVlOs=
26,49,+iPW97TTFar8SLZ5Yku7T+DO7P8=,DLGKnwzG/DvHjtJJWSjJs4NVlOs=
31,54,+iPW97TTFar8SLZ5Yku7T+DO7P8=,DLGKnwzG/DvHjtJJWSjJs4NVlOs=
25,60,+iPW97TTFar8SLZ5Yku7T+DO7P8=,Fl7sGn3X1doO0fs1syXfLi+hQJo=
25,49,+iPW97TTFar8SLZ5Yku7T+DO7P8=,DLGKnwzG/DvHjtJJWSjJs4NVlOs=
30,54,+iPW97TTFar8SLZ5Yku7T+DO7P8=,DLGKnwzG/DvHjtJJWSjJs4NVlOs=
27,56,+iPW97TTFar8SLZ5Yku7T+DO7P8=,Fl7sGn3X1doO0fs1syXfLi+hQJo=
29,54,+iPW97TTFar8SLZ5Yku7T+DO7P8=,DLGKnwzG/DvHjtJJWSjJs4NVlOs=
28,54,+iPW97TTFar8SLZ5Yku7T+DO7P8=,DLGKnwzG/DvHjtJJWSjJs4NVlOs=
31,53,+iPW97TTFar8SLZ5Yku7T+DO7P8=,DLGKnwzG/DvHjtJJWSjJs4NVlOs=
31,52,+iPW97TTFar8SLZ5Yku7T+DO7P8=,DLGKnwzG/DvHjtJJWSjJs4NVlOs=
26,55,+iPW97TTFar8SLZ5Yku7T+DO7P8=,DLGKnwzG/DvHjtJJWSjJs4NVlOs=
27,62,+iPW97TTFar8SLZ5Yku7T+DO7P8=,Fl7sGn3X1doO0fs1syXfLi+hQJo=
30,59,+iPW97TTFar8SLZ5Yku7T+DO7P8=,Fl7sGn3X1doO0fs1syXfLi+hQJo=
27,54,+iPW97TTFar8SLZ5Yku7T+DO7P8=,DLGKnwzG/DvHjtJJWSjJs4NVlOs=
29,59,+iPW97TTFar8SLZ5Yku7T+DO7P8=,Fl7sGn3X1doO0fs1syXfLi+hQJo=
26,54,+iPW97TTFar8SLZ5Yku7T+DO7P8=,DLGKnwzG/DvHjtJJWSjJs4NVlOs=
25,54,+iPW97TTFar8SLZ5Yku7T+DO7P8=,DLGKnwzG/DvHjtJJWSjJs4NVlOs=
29,53,+iPW97TTFar8SLZ5Yku7T+DO7P8=,DLGKnwzG/DvHjtJJWSjJs4NVlOs=
28,53,+iPW97TTFar8SLZ5Yku7T+DO7P8=,DLGKnwzG/DvHjtJJWSjJs4NVlOs=
30,53,+iPW97TTFar8SLZ5Yku7T+DO7P8=,DLGKnwzG/DvHjtJJWSjJs4NVlOs=
28,56,+iPW97TTFar8SLZ5Yku7T+DO7P8=,Fl7sGn3X1doO0fs1syXfLi+hQJo=
28,50,+iPW97TTFar8SLZ5Yku7T+DO7P8=,DLGKnwzG/DvHjtJJWSjJs4NVlOs=
28,62,+iPW97TTFar8SLZ5Yku7T+DO7P8=,Fl7sGn3X1doO0fs1syXfLi+hQJo=
27,53,+iPW97TTFar8SLZ5Yku7T+DO7P8=,DLGKnwzG/DvHjtJJWSjJs4NVlOs=
28,59,+iPW97TTFar8SLZ5Yku7T+DO7P8=,Fl7sGn3X1doO0fs1syXfLi+hQJo=
26,53,+iPW97TTFar8SLZ5Yku7T+DO7P8=,DLGKnwzG/DvHjtJJWSjJs4NVlOs=
25,53,+iPW97TTFar8SLZ5Yku7T+DO7P8=,DLGKnwzG/DvHjtJJWSjJs4NVlOs=
30,52,+iPW97TTFar8SLZ5Yku7T+DO7P8=,DLGKnwzG/DvHjtJJWSjJs4NVlOs=
29,52,+iPW97TTFar8SLZ5Yku7T+DO7P8=,DLGKnwzG/DvHjtJJWSjJs4NVlOs=
27,59,+iPW97TTFar8SLZ5Yku7T+DO7P8=,Fl7sGn3X1doO0fs1syXfLi+hQJo=
26,59,+iPW97TTFar8SLZ5Yku7T+DO7P8=,Fl7sGn3X1doO0fs1syXfLi+hQJo=
28,52,+iPW97TTFar8SLZ5Yku7T+DO7P8=,DLGKnwzG/DvHjtJJWSjJs4NVlOs=
25,59,+iPW97TTFar8SLZ5Yku7T+DO7P8=,Fl7sGn3X1doO0fs1syXfLi+hQJo=
27,52,+iPW97TTFar8SLZ5Yku7T+DO7P8=,DLGKnwzG/DvHjtJJWSjJs4NVlOs=
29,62,+iPW97TTFar8SLZ5Yku7T+DO7P8=,Fl7sGn3X1doO0fs1syXfLi+hQJo=
25,55,+iPW97TTFar8SLZ5Yku7T+DO7P8=,DLGKnwzG/DvHjtJJWSjJs4NVlOs=
25,52,+iPW97TTFar8SLZ5Yku7T+DO7P8=,DLGKnwzG/DvHjtJJWSjJs4NVlOs=
26,52,+iPW97TTFar8SLZ5Yku7T+DO7P8=,DLGKnwzG/DvHjtJJWSjJs4NVlOs=
29,58,+iPW97TTFar8SLZ5Yku7T+DO7P8=,Fl7sGn3X1doO0fs1syXfLi+hQJo=
30,58,+iPW97TTFar8SLZ5Yku7T+DO7P8=,Fl7sGn3X1doO0fs1syXfLi+hQJo=
30,51,+iPW97TTFar8SLZ5Yku7T+DO7P8=,DLGKnwzG/DvHjtJJWSjJs4NVlOs=
29,51,+iPW97TTFar8SLZ5Yku7T+DO7P8=,DLGKnwzG/DvHjtJJWSjJs4NVlOs=
28,58,+iPW97TTFar8SLZ5Yku7T+DO7P8=,Fl7sGn3X1doO0fs1syXfLi+hQJo=
16,53,+iPW97TTFar8SLZ5Yku7T+DO7P8=,f2pR0KGCqoC3zS4MRzUhEu3WRIw=
30,62,+iPW97TTFar8SLZ5Yku7T+DO7P8=,Fl7sGn3X1doO0fs1syXfLi+hQJo=
27,58,+iPW97TTFar8SLZ5Yku7T+DO7P8=,Fl7sGn3X1doO0fs1syXfLi+hQJo=
16,49,+iPW97TTFar8SLZ5Yku7T+DO7P8=,f2pR0KGCqoC3zS4MRzUhEu3WRIw=
16,52,+iPW97TTFar8SLZ5Yku7T+DO7P8=,f2pR0KGCqoC3zS4MRzUhEu3WRIw=
29,56,+iPW97TTFar8SLZ5Yku7T+DO7P8=,Fl7sGn3X1doO0fs1syXfLi+hQJo=
16,51,+iPW97TTFar8SLZ5Yku7T+DO7P8=,f2pR0KGCqoC3zS4MRzUhEu3WRIw=
16,54,+iPW97TTFar8SLZ5Yku7T+DO7P8=,f2pR0KGCqoC3zS4MRzUhEu3WRIw=
25,58,+iPW97TTFar8SLZ5Yku7T+DO7P8=,Fl7sGn3X1doO0fs1syXfLi+hQJo=
30,57,+iPW97TTFar8SLZ5Yku7T+DO7P8=,Fl7sGn3X1doO0fs1syXfLi+hQJo=
16,50,+iPW97TTFar8SLZ5Yku7T+DO7P8=,f2pR0KGCqoC3zS4MRzUhEu3WRIw=
26,58,+iPW97TTFar8SLZ5Yku7T+DO7P8=,Fl7sGn3X1doO0fs1syXfLi+hQJo=
28,57,+iPW97TTFar8SLZ5Yku7T+DO7P8=,Fl7sGn3X1doO0fs1syXfLi+hQJo=
29,57,+iPW97TTFar8SLZ5Yku7T+DO7P8=,Fl7sGn3X1doO0fs1syXfLi+hQJo=
25,63,+iPW97TTFar8SLZ5Yku7T+DO7P8=,Fl7sGn3X1doO0fs1syXfLi+hQJo=
27,57,+iPW97TTFar8SLZ5Yku7T+DO7P8=,Fl7sGn3X1doO0fs1syXfLi+hQJo=
26,63,+iPW97TTFar8SLZ5Yku7T+DO7P8=,Fl7sGn3X1doO0fs1syXfLi+hQJo=
26,57,+iPW97TTFar8SLZ5Yku7T+DO7P8=,Fl7sGn3X1doO0fs1syXfLi+hQJo=
20,55,+iPW97TTFar8SLZ5Yku7T+DO7P8=,f2pR0KGCqoC3zS4MRzUhEu3WRIw=
19,55,+iPW97TTFar8SLZ5Yku7T+DO7P8=,f2pR0KGCqoC3zS4MRzUhEu3WRIw=
19,63,+iPW97TTFar8SLZ5Yku7T+DO7P8=,sIr0YMnd71rJXQWlYVUDm11S4rM=
25,57,+iPW97TTFar8SLZ5Yku7T+DO7P8=,Fl7sGn3X1doO0fs1syXfLi+hQJo=
18,63,+iPW97TTFar8SLZ5Yku7T+DO7P8=,sIr0YMnd71rJXQWlYVUDm11S4rM=
28,63,+iPW97TTFar8SLZ5Yku7T+DO7P8=,Fl7sGn3X1doO0fs1syXfLi+hQJo=
29,63,+iPW97TTFar8SLZ5Yku7T+DO7P8=,Fl7sGn3X1doO0fs1syXfLi+hQJo=
31,61,+iPW97TTFar8SLZ5Yku7T+DO7P8=,Fl7sGn3X1doO0fs1syXfLi+hQJo=
30,63,+iPW97TTFar8SLZ5Yku7T+DO7P8=,Fl7sGn3X1doO0fs1syXfLi+hQJo=
16,63,+iPW97TTFar8SLZ5Yku7T+DO7P8=,sIr0YMnd71rJXQWlYVUDm11S4rM=
27,63,+iPW97TTFar8SLZ5Yku7T+DO7P8=,Fl7sGn3X1doO0fs1syXfLi+hQJo=
21,55,+iPW97TTFar8SLZ5Yku7T+DO7P8=,f2pR0KGCqoC3zS4MRzUhEu3WRIw=
18,55,+iPW97TTFar8SLZ5Yku7T+DO7P8=,f2pR0KGCqoC3zS4MRzUhEu3WRIw=
31,63,+iPW97TTFar8SLZ5Yku7T+DO7P8=,Fl7sGn3X1doO0fs1syXfLi+hQJo=
31,56,+iPW97TTFar8SLZ5Yku7T+DO7P8=,Fl7sGn3X1doO0fs1syXfLi+hQJo=
20,63,+iPW97TTFar8SLZ5Yku7T+DO7P8=,sIr0YMnd71rJXQWlYVUDm11S4rM=
31,62,+iPW97TTFar8SLZ5Yku7T+DO7P8=,Fl7sGn3X1doO0fs1syXfLi+hQJo=
31,55,+iPW97TTFar8SLZ5Yku7T+DO7P8=,DLGKnwzG/DvHjtJJWSjJs4NVlOs=
17,63,+iPW97TTFar8SLZ5Yku7T+DO7P8=,sIr0YMnd71rJXQWlYVUDm11S4rM=
22,55,+iPW97TTFar8SLZ5Yku7T+DO7P8=,f2pR0KGCqoC3zS4MRzUhEu3WRIw=
31,57,+iPW97TTFar8SLZ5Yku7T+DO7P8=,Fl7sGn3X1doO0fs1syXfLi+hQJo=
31,60,+iPW97TTFar8SLZ5Yku7T+DO7P8=,Fl7sGn3X1doO0fs1syXfLi+hQJo=
31,58,+iPW97TTFar8SLZ5Yku7T+DO7P8=,Fl7sGn3X1doO0fs1syXfLi+hQJo=
31,59,+iPW97TTFar8SLZ5Yku7T+DO7P8=,Fl7sGn3X1doO0fs1syXfLi+hQJo=
23,62,+iPW97TTFar8SLZ5Yku7T+DO7P8=,sIr0YMnd71rJXQWlYVUDm11S4rM=
17,55,+iPW97TTFar8SLZ5Yku7T+DO7P8=,f2pR0KGCqoC3zS4MRzUhEu3WRIw=
22,62,+iPW97TTFar8SLZ5Yku7T+DO7P8=,sIr0YMnd71rJXQWlYVUDm11S4rM=
21,62,+iPW97TTFar8SLZ5Yku7T+DO7P8=,sIr0YMnd71rJXQWlYVUDm11S4rM=
20,62,+iPW97TTFar8SLZ5Yku7T+DO7P8=,sIr0YMnd71rJXQWlYVUDm11S4rM=
24,61,+iPW97TTFar8SLZ5Yku7T+DO7P8=,Fl7sGn3X1doO0fs1syXfLi+hQJo=
19,62,+iPW97TTFar8SLZ5Yku7T+DO7P8=,sIr0YMnd71rJXQWlYVUDm11S4rM=
16,55,+iPW97TTFar8SLZ5Yku7T+DO7P8=,f2pR0KGCqoC3zS4MRzUhEu3WRIw=
17,62,+iPW97TTFar8SLZ5Yku7T+DO7P8=,sIr0YMnd71rJXQWlYVUDm11S4rM=
18,62,+iPW97TTFar8SLZ5Yku7T+DO7P8=,sIr0YMnd71rJXQWlYVUDm11S4rM=
16,62,+iPW97TTFar8SLZ5Yku7T+DO7P8=,sIr0YMnd71rJXQWlYVUDm11S4rM=
23,61,+iPW97TTFar8SLZ5Yku7T+DO7P8=,sIr0YMnd71rJXQWlYVUDm11S4rM=
22,61,+iPW97TTFar8SLZ5Yku7T+DO7P8=,sIr0YMnd71rJXQWlYVUDm11S4rM=
21,61,+iPW97TTFar8SLZ5Yku7T+DO7P8=,sIr0YMnd71rJXQWlYVUDm11S4rM=
24,60,+iPW97TTFar8SLZ5Yku7T+DO7P8=,Fl7sGn3X1doO0fs1syXfLi+hQJo=
20,61,+iPW97TTFar8SLZ5Yku7T+DO7P8=,sIr0YMnd71rJXQWlYVUDm11S4rM=
19,61,+iPW97TTFar8SLZ5Yku7T+DO7P8=,sIr0YMnd71rJXQWlYVUDm11S4rM=
23,55,+iPW97TTFar8SLZ5Yku7T+DO7P8=,f2pR0KGCqoC3zS4MRzUhEu3WRIw=
16,61,+iPW97TTFar8SLZ5Yku7T+DO7P8=,sIr0YMnd71rJXQWlYVUDm11S4rM=
18,61,+iPW97TTFar8SLZ5Yku7T+DO7P8=,sIr0YMnd71rJXQWlYVUDm11S4rM=
17,61,+iPW97TTFar8SLZ5Yku7T+DO7P8=,sIr0YMnd71rJXQWlYVUDm11S4rM=
23,60,+iPW97TTFar8SLZ5Yku7T+DO7P8=,sIr0YMnd71rJXQWlYVUDm11S4rM=
24,59,+iPW97TTFar8SLZ5Yku7T+DO7P8=,Fl7sGn3X1doO0fs1syXfLi+hQJo=
24,55,+iPW97TTFar8SLZ5Yku7T+DO7P8=,DLGKnwzG/DvHjtJJWSjJs4NVlOs=
21,60,+iPW97TTFar8SLZ5Yku7T+DO7P8=,sIr0YMnd71rJXQWlYVUDm11S4rM=
22,60,+iPW97TTFar8SLZ5Yku7T+DO7P8=,sIr0YMnd71rJXQWlYVUDm11S4rM=
20,60,+iPW97TTFar8SLZ5Yku7T+DO7P8=,sIr0YMnd71rJXQWlYVUDm11S4rM=
16,56,+iPW97TTFar8SLZ5Yku7T+DO7P8=,sIr0YMnd71rJXQWlYVUDm11S4rM=
19,60,+iPW97TTFar8SLZ5Yku7T+DO7P8=,sIr0YMnd71rJXQWlYVUDm11S4rM=
18,60,+iPW97TTFar8SLZ5Yku7T+DO7P8=,sIr0YMnd71rJXQWlYVUDm11S4rM=
17,60,+iPW97TTFar8SLZ5Yku7T+DO7P8=,sIr0YMnd71rJXQWlYVUDm11S4rM=
16,60,+iPW97TTFar8SLZ5Yku7T+DO7P8=,sIr0YMnd71rJXQWlYVUDm11S4rM=
23,59,+iPW97TTFar8SLZ5Yku7T+DO7P8=,sIr0YMnd71rJXQWlYVUDm11S4rM=
22,59,+iPW97TTFar8SLZ5Yku7T+DO7P8=,sIr0YMnd71rJXQWlYVUDm11S4rM=
21,59,+iPW97TTFar8SLZ5Yku7T+DO7P8=,sIr0YMnd71rJXQWlYVUDm11S4rM=
19,59,+iPW97TTFar8SLZ5Yku7T+DO7P8=,sIr0YMnd71rJXQWlYVUDm11S4rM=
17,56,+iPW97TTFar8SLZ5Yku7T+DO7P8=,sIr0YMnd71rJXQWlYVUDm11S4rM=
18,59,+iPW97TTFar8SLZ5Yku7T+DO7P8=,sIr0YMnd71rJXQWlYVUDm11S4rM=
24,58,+iPW97TTFar8SLZ5Yku7T+DO7P8=,Fl7sGn3X1doO0fs1syXfLi+hQJo=
17,59,+iPW97TTFar8SLZ5Yku7T+DO7P8=,sIr0YMnd71rJXQWlYVUDm11S4rM=
16,59,+iPW97TTFar8SLZ5Yku7T+DO7P8=,sIr0YMnd71rJXQWlYVUDm11S4rM=
22,58,+iPW97TTFar8SLZ5Yku7T+DO7P8=,sIr0YMnd71rJXQWlYVUDm11S4rM=
21,58,+iPW97TTFar8SLZ5Yku7T+DO7P8=,sIr0YMnd71rJXQWlYVUDm11S4rM=
20,58,+iPW97TTFar8SLZ5Yku7T+DO7P8=,sIr0YMnd71rJXQWlYVUDm11S4rM=
23,58,+iPW97TTFar8SLZ5Yku7T+DO7P8=,sIr0YMnd71rJXQWlYVUDm11S4rM=
20,59,+iPW97TTFar8SLZ5Yku7T+DO7P8=,sIr0YMnd71rJXQWlYVUDm11S4rM=
19,58,+iPW97TTFar8SLZ5Yku7T+DO7P8=,sIr0YMnd71rJXQWlYVUDm11S4rM=
17,58,+iPW97TTFar8SLZ5Yku7T+DO7P8=,sIr0YMnd71rJXQWlYVUDm11S4rM=
18,56,+iPW97TTFar8SLZ5Yku7T+DO7P8=,sIr0YMnd71rJXQWlYVUDm11S4rM=
24,63,+iPW97TTFar8SLZ5Yku7T+DO7P8=,Fl7sGn3X1doO0fs1syXfLi+hQJo=
18,58,+iPW97TTFar8SLZ5Yku7T+DO7P8=,sIr0YMnd71rJXQWlYVUDm11S4rM=
24,57,+iPW97TTFar8SLZ5Yku7T+DO7P8=,Fl7sGn3X1doO0fs1syXfLi+hQJo=
23,57,+iPW97TTFar8SLZ5Yku7T+DO7P8=,sIr0YMnd71rJXQWlYVUDm11S4rM=
24,62,+iPW97TTFar8SLZ5Yku7T+DO7P8=,Fl7sGn3X1doO0fs1syXfLi+hQJo=
21,57,+iPW97TTFar8SLZ5Yku7T+DO7P8=,sIr0YMnd71rJXQWlYVUDm11S4rM=
22,57,+iPW97TTFar8SLZ5Yku7T+DO7P8=,sIr0YMnd71rJXQWlYVUDm11S4rM=
25,48,+iPW97TTFar8SLZ5Yku7T+DO7P8=,DLGKnwzG/DvHjtJJWSjJs4NVlOs=
21,63,+iPW97TTFar8SLZ5Yku7T+DO7P8=,sIr0YMnd71rJXQWlYVUDm11S4rM=
24,56,+iPW97TTFar8SLZ5Yku7T+DO7P8=,Fl7sGn3X1doO0fs1syXfLi+hQJo=
20,57,+iPW97TTFar8SLZ5Yku7T+DO7P8=,sIr0YMnd71rJXQWlYVUDm11S4rM=
19,57,+iPW97TTFar8SLZ5Yku7T+DO7P8=,sIr0YMnd71rJXQWlYVUDm11S4rM=
17,57,+iPW97TTFar8SLZ5Yku7T+DO7P8=,sIr0YMnd71rJXQWlYVUDm11S4rM=
18,57,+iPW97TTFar8SLZ5Yku7T+DO7P8=,sIr0YMnd71rJXQWlYVUDm11S4rM=
16,57,+iPW97TTFar8SLZ5Yku7T+DO7P8=,sIr0YMnd71rJXQWlYVUDm11S4rM=
23,56,+iPW97TTFar8SLZ5Yku7T+DO7P8=,sIr0YMnd71rJXQWlYVUDm11S4rM=
22,56,+iPW97TTFar8SLZ5Yku7T+DO7P8=,sIr0YMnd71rJXQWlYVUDm11S4rM=
21,56,+iPW97TTFar8SLZ5Yku7T+DO7P8=,sIr0YMnd71rJXQWlYVUDm11S4rM=
26,48,+iPW97TTFar8SLZ5Yku7T+DO7P8=,DLGKnwzG/DvHjtJJWSjJs4NVlOs=
19,56,+iPW97TTFar8SLZ5Yku7T+DO7P8=,sIr0YMnd71rJXQWlYVUDm11S4rM=
31,48,+iPW97TTFar8SLZ5Yku7T+DO7P8=,DLGKnwzG/DvHjtJJWSjJs4NVlOs=
30,56,+iPW97TTFar8SLZ5Yku7T+DO7P8=,Fl7sGn3X1doO0fs1syXfLi+hQJo=
20,56,+iPW97TTFar8SLZ5Yku7T+DO7P8=,sIr0YMnd71rJXQWlYVUDm11S4rM=
22,63,+iPW97TTFar8SLZ5Yku7T+DO7P8=,sIr0YMnd71rJXQWlYVUDm11S4rM=
30,48,+iPW97TTFar8SLZ5Yku7T+DO7P8=,DLGKnwzG/DvHjtJJWSjJs4NVlOs=
29,48,+iPW97TTFar8SLZ5Yku7T+DO7P8=,DLGKnwzG/DvHjtJJWSjJs4NVlOs=
23,63,+iPW97TTFar8SLZ5Yku7T+DO7P8=,sIr0YMnd71rJXQWlYVUDm11S4rM=
28,48,+iPW97TTFar8SLZ5Yku7T+DO7P8=,DLGKnwzG/DvHjtJJWSjJs4NVlOs=
27,48,+iPW97TTFar8SLZ5Yku7T+DO7P8=,DLGKnwzG/DvHjtJJWSjJs4NVlOs=
16,58,+iPW97TTFar8SLZ5Yku7T+DO7P8=,sIr0YMnd71rJXQWlYVUDm11S4rM=
19,48,+iPW97TTFar8SLZ5Yku7T+DO7P8=,f2pR0KGCqoC3zS4MRzUhEu3WRIw=
20,48,+iPW97TTFar8SLZ5Yku7T+DO7P8=,f2pR0KGCqoC3zS4MRzUhEu3WRIw=
24,48,+iPW97TTFar8SLZ5Yku7T+DO7P8=,DLGKnwzG/DvHjtJJWSjJs4NVlOs=
22,48,+iPW97TTFar8SLZ5Yku7T+DO7P8=,f2pR0KGCqoC3zS4MRzUhEu3WRIw=
23,48,+iPW97TTFar8SLZ5Yku7T+DO7P8=,f2pR0KGCqoC3zS4MRzUhEu3WRIw=
18,48,+iPW97TTFar8SLZ5Yku7T+DO7P8=,f2pR0KGCqoC3zS4MRzUhEu3WRIw=
17,48,+iPW97TTFar8SLZ5Yku7T+DO7P8=,f2pR0KGCqoC3zS4MRzUhEu3WRIw=
16,48,+iPW97TTFar8SLZ5Yku7T+DO7P8=,f2pR0KGCqoC3zS4MRzUhEu3WRIw=
21,48,+iPW97TTFar8SLZ5Yku7T+DO7P8=,f2pR0KGCqoC3zS4MRzUhEu3WRIw=
17,41,+iPW97TTFar8SLZ5Yku7T+DO7P8=,uwjOqNtiFmczO+BCJNU622wB+VQ=
18,41,+iPW97TTFar8SLZ5Yku7T+DO7P8=,uwjOqNtiFmczO+BCJNU622wB+VQ=
28,35,+iPW97TTFar8SLZ5Yku7T+DO7P8=,nDnXH9pLfKCS7zTeXyjKbUejoi4=
27,35,U5xUCOfke37wWslWQtqZC6ZkdU4=,nDnXH9pLfKCS7zTeXyjKbUejoi4=
26,35,U5xUCOfke37wWslWQtqZC6ZkdU4=,nDnXH9pLfKCS7zTeXyjKbUejoi4=
22,46,U5xUCOfke37wWslWQtqZC6ZkdU4=,uwjOqNtiFmczO+BCJNU622wB+VQ=
21,46,U5xUCOfke37wWslWQtqZC6ZkdU4=,uwjOqNtiFmczO+BCJNU622wB+VQ=
25,35,U5xUCOfke37wWslWQtqZC6ZkdU4=,nDnXH9pLfKCS7zTeXyjKbUejoi4=
30,34,U5xUCOfke37wWslWQtqZC6ZkdU4=,nDnXH9pLfKCS7zTeXyjKbUejoi4=
19,41,U5xUCOfke37wWslWQtqZC6ZkdU4=,uwjOqNtiFmczO+BCJNU622wB+VQ=
29,34,U5xUCOfke37wWslWQtqZC6ZkdU4=,nDnXH9pLfKCS7zTeXyjKbUejoi4=
20,46,U5xUCOfke37wWslWQtqZC6ZkdU4=,uwjOqNtiFmczO+BCJNU622wB+VQ=
20,39,U5xUCOfke37wWslWQtqZC6ZkdU4=,dfCBwwO/HtGh8mYD4TIMJAmJweM=
28,34,U5xUCOfke37wWslWQtqZC6ZkdU4=,nDnXH9pLfKCS7zTeXyjKbUejoi4=
17,35,U5xUCOfke37wWslWQtqZC6ZkdU4=,dfCBwwO/HtGh8mYD4TIMJAmJweM=
28,45,U5xUCOfke37wWslWQtqZC6ZkdU4=,zXFUM+1t/7bhd5CYzhopIraZn8A=
21,38,U5xUCOfke37wWslWQtqZC6ZkdU4=,dfCBwwO/HtGh8mYD4TIMJAmJweM=
20,38,U5xUCOfke37wWslWQtqZC6ZkdU4=,dfCBwwO/HtGh8mYD4TIMJAmJweM=
19,46,U5xUCOfke37wWslWQtqZC6ZkdU4=,uwjOqNtiFmczO+BCJNU622wB+VQ=
27,34,U5xUCOfke37wWslWQtqZC6ZkdU4=,nDnXH9pLfKCS7zTeXyjKbUejoi4=
26,34,U5xUCOfke37wWslWQtqZC6ZkdU4=,nDnXH9pLfKCS7zTeXyjKbUejoi4=
20,41,U5xUCOfke37wWslWQtqZC6ZkdU4=,uwjOqNtiFmczO+BCJNU622wB+VQ=
25,34,U5xUCOfke37wWslWQtqZC6ZkdU4=,nDnXH9pLfKCS7zTeXyjKbUejoi4=
21,39,U5xUCOfke37wWslWQtqZC6ZkdU4=,dfCBwwO/HtGh8mYD4TIMJAmJweM=
29,45,U5xUCOfke37wWslWQtqZC6ZkdU4=,zXFUM+1t/7bhd5CYzhopIraZn8A=
29,33,U5xUCOfke37wWslWQtqZC6ZkdU4=,nDnXH9pLfKCS7zTeXyjKbUejoi4=
30,33,U5xUCOfke37wWslWQtqZC6ZkdU4=,nDnXH9pLfKCS7zTeXyjKbUejoi4=
28,33,U5xUCOfke37wWslWQtqZC6ZkdU4=,nDnXH9pLfKCS7zTeXyjKbUejoi4=
19,38,U5xUCOfke37wWslWQtqZC6ZkdU4=,dfCBwwO/HtGh8mYD4TIMJAmJweM=
27,33,U5xUCOfke37wWslWQtqZC6ZkdU4=,nDnXH9pLfKCS7zTeXyjKbUejoi4=
30,38,U5xUCOfke37wWslWQtqZC6ZkdU4=,nDnXH9pLfKCS7zTeXyjKbUejoi4=
21,41,U5xUCOfke37wWslWQtqZC6ZkdU4=,uwjOqNtiFmczO+BCJNU622wB+VQ=
18,46,U5xUCOfke37wWslWQtqZC6ZkdU4=,uwjOqNtiFmczO+BCJNU622wB+VQ=
30,45,U5xUCOfke37wWslWQtqZC6ZkdU4=,zXFUM+1t/7bhd5CYzhopIraZn8A=
26,33,U5xUCOfke37wWslWQtqZC6ZkdU4=,nDnXH9pLfKCS7zTeXyjKbUejoi4=
17,46,U5xUCOfke37wWslWQtqZC6ZkdU4=,uwjOqNtiFmczO+BCJNU622wB+VQ=
22,39,U5xUCOfke37wWslWQtqZC6ZkdU4=,dfCBwwO/HtGh8mYD4TIMJAmJweM=
25,33,U5xUCOfke37wWslWQtqZC6ZkdU4=,nDnXH9pLfKCS7zTeXyjKbUejoi4=
28,38,U5xUCOfke37wWslWQtqZC6ZkdU4=,nDnXH9pLfKCS7zTeXyjKbUejoi4=
27,38,U5xUCOfke37wWslWQtqZC6ZkdU4=,nDnXH9pLfKCS7zTeXyjKbUejoi4=
17,34,U5xUCOfke37wWslWQtqZC6ZkdU4=,dfCBwwO/HtGh8mYD4TIMJAmJweM=
22,41,U5xUCOfke37wWslWQtqZC6ZkdU4=,uwjOqNtiFmczO+BCJNU622wB+VQ=
22,45,U5xUCOfke37wWslWQtqZC6ZkdU4=,uwjOqNtiFmczO+BCJNU622wB+VQ=
29,38,U5xUCOfke37wWslWQtqZC6ZkdU4=,nDnXH9pLfKCS7zTeXyjKbUejoi4=
26,38,U5xUCOfke37wWslWQtqZC6ZkdU4=,nDnXH9pLfKCS7zTeXyjKbUejoi4=
24,46,U5xUCOfke37wWslWQtqZC6ZkdU4=,zXFUM+1t/7bhd5CYzhopIraZn8A=
25,38,U5xUCOfke37wWslWQtqZC6ZkdU4=,nDnXH9pLfKCS7zTeXyjKbUejoi4=
30,37,U5xUCOfke37wWslWQtqZC6ZkdU4=,nDnXH9pLfKCS7zTeXyjKbUejoi4=
18,36,U5xUCOfke37wWslWQtqZC6ZkdU4=,dfCBwwO/HtGh8mYD4TIMJAmJweM=
21,45,U5xUCOfke37wWslWQtqZC6ZkdU4=,uwjOqNtiFmczO+BCJNU622wB+VQ=
29,37,U5xUCOfke37wWslWQtqZC6ZkdU4=,nDnXH9pLfKCS7zTeXyjKbUejoi4=
28,37,U5xUCOfke37wWslWQtqZC6ZkdU4=,nDnXH9pLfKCS7zTeXyjKbUejoi4=
17,42,U5xUCOfke37wWslWQtqZC6ZkdU4=,uwjOqNtiFmczO+BCJNU622wB+VQ=
20,45,U5xUCOfke37wWslWQtqZC6ZkdU4=,uwjOqNtiFmczO+BCJNU622wB+VQ=
27,37,U5xUCOfke37wWslWQtqZC6ZkdU4=,nDnXH9pLfKCS7zTeXyjKbUejoi4=
24,35,U5xUCOfke37wWslWQtqZC6ZkdU4=,nDnXH9pLfKCS7zTeXyjKbUejoi4=
25,40,U5xUCOfke37wWslWQtqZC6ZkdU4=,zXFUM+1t/7bhd5CYzhopIraZn8A=
19,45,U5xUCOfke37wWslWQtqZC6ZkdU4=,uwjOqNtiFmczO+BCJNU622wB+VQ=
23,33,U5xUCOfke37wWslWQtqZC6ZkdU4=,dfCBwwO/HtGh8mYD4TIMJAmJweM=
19,36,U5xUCOfke37wWslWQtqZC6ZkdU4=,dfCBwwO/HtGh8mYD4TIMJAmJweM=
26,37,U5xUCOfke37wWslWQtqZC6ZkdU4=,nDnXH9pLfKCS7zTeXyjKbUejoi4=
19,39,U5xUCOfke37wWslWQtqZC6ZkdU4=,dfCBwwO/HtGh8mYD4TIMJAmJweM=
18,42,U5xUCOfke37wWslWQtqZC6ZkdU4=,uwjOqNtiFmczO+BCJNU622wB+VQ=
25,37,U5xUCOfke37wWslWQtqZC6ZkdU4=,nDnXH9pLfKCS7zTeXyjKbUejoi4=
23,37,U5xUCOfke37wWslWQtqZC6ZkdU4=,dfCBwwO/HtGh8mYD4TIMJAmJweM=
25,46,U5xUCOfke37wWslWQtqZC6ZkdU4=,zXFUM+1t/7bhd5CYzhopIraZn8A=
18,45,U5xUCOfke37wWslWQtqZC6ZkdU4=,uwjOqNtiFmczO+BCJNU622wB+VQ=
30,36,U5xUCOfke37wWslWQtqZC6ZkdU4=,nDnXH9pLfKCS7zTeXyjKbUejoi4=
29,36,U5xUCOfke37wWslWQtqZC6ZkdU4=,nDnXH9pLfKCS7zTeXyjKbUejoi4=
27,36,U5xUCOfke37wWslWQtqZC6ZkdU4=,nDnXH9pLfKCS7zTeXyjKbUejoi4=
26,36,U5xUCOfke37wWslWQtqZC6ZkdU4=,nDnXH9pLfKCS7zTeXyjKbUejoi4=
19,42,U5xUCOfke37wWslWQtqZC6ZkdU4=,uwjOqNtiFmczO+BCJNU622wB+VQ=
25,36,U5xUCOfke37wWslWQtqZC6ZkdU4=,nDnXH9pLfKCS7zTeXyjKbUejoi4=
28,36,U5xUCOfke37wWslWQtqZC6ZkdU4=,nDnXH9pLfKCS7zTeXyjKbUejoi4=
30,35,U5xUCOfke37wWslWQtqZC6ZkdU4=,nDnXH9pLfKCS7zTeXyjKbUejoi4=
26,46,U5xUCOfke37wWslWQtqZC6ZkdU4=,zXFUM+1t/7bhd5CYzhopIraZn8A=
29,35,U5xUCOfke37wWslWQtqZC6ZkdU4=,nDnXH9pLfKCS7zTeXyjKbUejoi4=
23,39,U5xUCOfke37wWslWQtqZC6ZkdU4=,dfCBwwO/HtGh8mYD4TIMJAmJweM=
20,42,U5xUCOfke37wWslWQtqZC6ZkdU4=,uwjOqNtiFmczO+BCJNU622wB+VQ=
27,46,U5xUCOfke37wWslWQtqZC6ZkdU4=,zXFUM+1t/7bhd5CYzhopIraZn8A=
21,42,U5xUCOfke37wWslWQtqZC6ZkdU4=,uwjOqNtiFmczO+BCJNU622wB+VQ=
20,36,U5xUCOfke37wWslWQtqZC6ZkdU4=,dfCBwwO/HtGh8mYD4TIMJAmJweM=
30,39,U5xUCOfke37wWslWQtqZC6ZkdU4=,nDnXH9pLfKCS7zTeXyjKbUejoi4=
27,45,U5xUCOfke37wWslWQtqZC6ZkdU4=,zXFUM+1t/7bhd5CYzhopIraZn8A=
26,45,U5xUCOfke37wWslWQtqZC6ZkdU4=,zXFUM+1t/7bhd5CYzhopIraZn8A=
29,39,U5xUCOfke37wWslWQtqZC6ZkdU4=,nDnXH9pLfKCS7zTeXyjKbUejoi4=
24,34,U5xUCOfke37wWslWQtqZC6ZkdU4=,nDnXH9pLfKCS7zTeXyjKbUejoi4=
17,40,U5xUCOfke37wWslWQtqZC6ZkdU4=,uwjOqNtiFmczO+BCJNU622wB+VQ=
23,46,U5xUCOfke37wWslWQtqZC6ZkdU4=,uwjOqNtiFmczO+BCJNU622wB+VQ=
24,39,U5xUCOfke37wWslWQtqZC6ZkdU4=,nDnXH9pLfKCS7zTeXyjKbUejoi4=
28,46,U5xUCOfke37wWslWQtqZC6ZkdU4=,zXFUM+1t/7bhd5CYzhopIraZn8A=
31,35,U5xUCOfke37wWslWQtqZC6ZkdU4=,nDnXH9pLfKCS7zTeXyjKbUejoi4=
18,39,U5xUCOfke37wWslWQtqZC6ZkdU4=,dfCBwwO/HtGh8mYD4TIMJAmJweM=
22,42,U5xUCOfke37wWslWQtqZC6ZkdU4=,uwjOqNtiFmczO+BCJNU622wB+VQ=
24,45,U5xUCOfke37wWslWQtqZC6ZkdU4=,zXFUM+1t/7bhd5CYzhopIraZn8A=
31,34,U5xUCOfke37wWslWQtqZC6ZkdU4=,nDnXH9pLfKCS7zTeXyjKbUejoi4=
30,44,U5xUCOfke37wWslWQtqZC6ZkdU4=,zXFUM+1t/7bhd5CYzhopIraZn8A=
31,38,U5xUCOfke37wWslWQtqZC6ZkdU4=,nDnXH9pLfKCS7zTeXyjKbUejoi4=
28,39,U5xUCOfke37wWslWQtqZC6ZkdU4=,nDnXH9pLfKCS7zTeXyjKbUejoi4=
17,38,U5xUCOfke37wWslWQtqZC6ZkdU4=,dfCBwwO/HtGh8mYD4TIMJAmJweM=
26,40,U5xUCOfke37wWslWQtqZC6ZkdU4=,zXFUM+1t/7bhd5CYzhopIraZn8A=
31,36,U5xUCOfke37wWslWQtqZC6ZkdU4=,nDnXH9pLfKCS7zTeXyjKbUejoi4=
17,43,U5xUCOfke37wWslWQtqZC6ZkdU4=,uwjOqNtiFmczO+BCJNU622wB+VQ=
23,45,U5xUCOfke37wWslWQtqZC6ZkdU4=,uwjOqNtiFmczO+BCJNU622wB+VQ=
31,33,U5xUCOfke37wWslWQtqZC6ZkdU4=,nDnXH9pLfKCS7zTeXyjKbUejoi4=
17,45,U5xUCOfke37wWslWQtqZC6ZkdU4=,uwjOqNtiFmczO+BCJNU622wB+VQ=
24,33,U5xUCOfke37wWslWQtqZC6ZkdU4=,nDnXH9pLfKCS7zTeXyjKbUejoi4=
23,34,U5xUCOfke37wWslWQtqZC6ZkdU4=,dfCBwwO/HtGh8mYD4TIMJAmJweM=
22,37,U5xUCOfke37wWslWQtqZC6ZkdU4=,dfCBwwO/HtGh8mYD4TIMJAmJweM=
27,39,U5xUCOfke37wWslWQtqZC6ZkdU4=,nDnXH9pLfKCS7zTeXyjKbUejoi4=
18,40,U5xUCOfke37wWslWQtqZC6ZkdU4=,uwjOqNtiFmczO+BCJNU622wB+VQ=
27,40,U5xUCOfke37wWslWQtqZC6ZkdU4=,zXFUM+1t/7bhd5CYzhopIraZn8A=
18,43,U5xUCOfke37wWslWQtqZC6ZkdU4=,uwjOqNtiFmczO+BCJNU622wB+VQ=
31,37,U5xUCOfke37wWslWQtqZC6ZkdU4=,nDnXH9pLfKCS7zTeXyjKbUejoi4=
29,44,U5xUCOfke37wWslWQtqZC6ZkdU4=,zXFUM+1t/7bhd5CYzhopIraZn8A=
22,34,U5xUCOfke37wWslWQtqZC6ZkdU4=,dfCBwwO/HtGh8mYD4TIMJAmJweM=
26,39,U5xUCOfke37wWslWQtqZC6ZkdU4=,nDnXH9pLfKCS7zTeXyjKbUejoi4=
25,39,U5xUCOfke37wWslWQtqZC6ZkdU4=,nDnXH9pLfKCS7zTeXyjKbUejoi4=
22,44,U5xUCOfke37wWslWQtqZC6ZkdU4=,uwjOqNtiFmczO+BCJNU622wB+VQ=
19,40,U5xUCOfke37wWslWQtqZC6ZkdU4=,uwjOqNtiFmczO+BCJNU622wB+VQ=
29,46,U5xUCOfke37wWslWQtqZC6ZkdU4=,zXFUM+1t/7bhd5CYzhopIraZn8A=
17,37,U5xUCOfke37wWslWQtqZC6ZkdU4=,dfCBwwO/HtGh8mYD4TIMJAmJweM=
19,43,U5xUCOfke37wWslWQtqZC6ZkdU4=,uwjOqNtiFmczO+BCJNU622wB+VQ=
18,38,U5xUCOfke37wWslWQtqZC6ZkdU4=,dfCBwwO/HtGh8mYD4TIMJAmJweM=
30,46,U5xUCOfke37wWslWQtqZC6ZkdU4=,zXFUM+1t/7bhd5CYzhopIraZn8A=
17,39,U5xUCOfke37wWslWQtqZC6ZkdU4=,dfCBwwO/HtGh8mYD4TIMJAmJweM=
26,44,U5xUCOfke37wWslWQtqZC6ZkdU4=,zXFUM+1t/7bhd5CYzhopIraZn8A=
28,44,U5xUCOfke37wWslWQtqZC6ZkdU4=,zXFUM+1t/7bhd5CYzhopIraZn8A=
27,44,U5xUCOfke37wWslWQtqZC6ZkdU4=,zXFUM+1t/7bhd5CYzhopIraZn8A=
25,44,U5xUCOfke37wWslWQtqZC6ZkdU4=,zXFUM+1t/7bhd5CYzhopIraZn8A=
24,44,U5xUCOfke37wWslWQtqZC6ZkdU4=,zXFUM+1t/7bhd5CYzhopIraZn8A=
23,44,U5xUCOfke37wWslWQtqZC6ZkdU4=,uwjOqNtiFmczO+BCJNU622wB+VQ=
20,43,U5xUCOfke37wWslWQtqZC6ZkdU4=,uwjOqNtiFmczO+BCJNU622wB+VQ=
30,43,U5xUCOfke37wWslWQtqZC6ZkdU4=,zXFUM+1t/7bhd5CYzhopIraZn8A=
20,40,U5xUCOfke37wWslWQtqZC6ZkdU4=,uwjOqNtiFmczO+BCJNU622wB+VQ=
23,41,U5xUCOfke37wWslWQtqZC6ZkdU4=,uwjOqNtiFmczO+BCJNU622wB+VQ=
23,43,U5xUCOfke37wWslWQtqZC6ZkdU4=,uwjOqNtiFmczO+BCJNU622wB+VQ=
21,44,U5xUCOfke37wWslWQtqZC6ZkdU4=,uwjOqNtiFmczO+BCJNU622wB+VQ=
29,43,U5xUCOfke37wWslWQtqZC6ZkdU4=,zXFUM+1t/7bhd5CYzhopIraZn8A=
20,44,U5xUCOfke37wWslWQtqZC6ZkdU4=,uwjOqNtiFmczO+BCJNU622wB+VQ=
24,38,U5xUCOfke37wWslWQtqZC6ZkdU4=,nDnXH9pLfKCS7zTeXyjKbUejoi4=
28,43,U5xUCOfke37wWslWQtqZC6ZkdU4=,zXFUM+1t/7bhd5CYzhopIraZn8A=
27,43,U5xUCOfke37wWslWQtqZC6ZkdU4=,zXFUM+1t/7bhd5CYzhopIraZn8A=
21,43,U5xUCOfke37wWslWQtqZC6ZkdU4=,uwjOqNtiFmczO+BCJNU622wB+VQ=
26,43,U5xUCOfke37wWslWQtqZC6ZkdU4=,zXFUM+1t/7bhd5CYzhopIraZn8A=
21,40,U5xUCOfke37wWslWQtqZC6ZkdU4=,uwjOqNtiFmczO+BCJNU622wB+VQ=
28,40,U5xUCOfke37wWslWQtqZC6ZkdU4=,zXFUM+1t/7bhd5CYzhopIraZn8A=
25,43,U5xUCOfke37wWslWQtqZC6ZkdU4=,zXFUM+1t/7bhd5CYzhopIraZn8A=
19,44,U5xUCOfke37wWslWQtqZC6ZkdU4=,uwjOqNtiFmczO+BCJNU622wB+VQ=
17,33,U5xUCOfke37wWslWQtqZC6ZkdU4=,dfCBwwO/HtGh8mYD4TIMJAmJweM=
30,42,U5xUCOfke37wWslWQtqZC6ZkdU4=,zXFUM+1t/7bhd5CYzhopIraZn8A=
24,43,U5xUCOfke37wWslWQtqZC6ZkdU4=,zXFUM+1t/7bhd5CYzhopIraZn8A=
29,42,U5xUCOfke37wWslWQtqZC6ZkdU4=,zXFUM+1t/7bhd5CYzhopIraZn8A=
28,42,U5xUCOfke37wWslWQtqZC6ZkdU4=,zXFUM+1t/7bhd5CYzhopIraZn8A=
22,43,U5xUCOfke37wWslWQtqZC6ZkdU4=,uwjOqNtiFmczO+BCJNU622wB+VQ=
27,42,U5xUCOfke37wWslWQtqZC6ZkdU4=,zXFUM+1t/7bhd5CYzhopIraZn8A=
22,40,U5xUCOfke37wWslWQtqZC6ZkdU4=,uwjOqNtiFmczO+BCJNU622wB+VQ=
29,40,U5xUCOfke37wWslWQtqZC6ZkdU4=,zXFUM+1t/7bhd5CYzhopIraZn8A=
18,44,U5xUCOfke37wWslWQtqZC6ZkdU4=,uwjOqNtiFmczO+BCJNU622wB+VQ=
26,42,U5xUCOfke37wWslWQtqZC6ZkdU4=,zXFUM+1t/7bhd5CYzhopIraZn8A=
23,42,U5xUCOfke37wWslWQtqZC6ZkdU4=,uwjOqNtiFmczO+BCJNU622wB+VQ=
25,42,U5xUCOfke37wWslWQtqZC6ZkdU4=,zXFUM+1t/7bhd5CYzhopIraZn8A=
24,42,U5xUCOfke37wWslWQtqZC6ZkdU4=,zXFUM+1t/7bhd5CYzhopIraZn8A=
30,41,U5xUCOfke37wWslWQtqZC6ZkdU4=,zXFUM+1t/7bhd5CYzhopIraZn8A=
17,44,U5xUCOfke37wWslWQtqZC6ZkdU4=,uwjOqNtiFmczO+BCJNU622wB+VQ=
29,41,U5xUCOfke37wWslWQtqZC6ZkdU4=,zXFUM+1t/7bhd5CYzhopIraZn8A=
30,40,U5xUCOfke37wWslWQtqZC6ZkdU4=,zXFUM+1t/7bhd5CYzhopIraZn8A=
17,36,U5xUCOfke37wWslWQtqZC6ZkdU4=,dfCBwwO/HtGh8mYD4TIMJAmJweM=
27,41,U5xUCOfke37wWslWQtqZC6ZkdU4=,zXFUM+1t/7bhd5CYzhopIraZn8A=
28,41,U5xUCOfke37wWslWQtqZC6ZkdU4=,zXFUM+1t/7bhd5CYzhopIraZn8A=
21,37,U5xUCOfke37wWslWQtqZC6ZkdU4=,dfCBwwO/HtGh8mYD4TIMJAmJweM=
22,35,U5xUCOfke37wWslWQtqZC6ZkdU4=,dfCBwwO/HtGh8mYD4TIMJAmJweM=
23,35,U5xUCOfke37wWslWQtqZC6ZkdU4=,dfCBwwO/HtGh8mYD4TIMJAmJweM=
24,41,U5xUCOfke37wWslWQtqZC6ZkdU4=,zXFUM+1t/7bhd5CYzhopIraZn8A=
18,37,U5xUCOfke37wWslWQtqZC6ZkdU4=,dfCBwwO/HtGh8mYD4TIMJAmJweM=
26,41,U5xUCOfke37wWslWQtqZC6ZkdU4=,zXFUM+1t/7bhd5CYzhopIraZn8A=
25,41,U5xUCOfke37wWslWQtqZC6ZkdU4=,zXFUM+1t/7bhd5CYzhopIraZn8A=
23,40,U5xUCOfke37wWslWQtqZC6ZkdU4=,uwjOqNtiFmczO+BCJNU622wB+VQ=
21,34,U5xUCOfke37wWslWQtqZC6ZkdU4=,dfCBwwO/HtGh8mYD4TIMJAmJweM=
22,33,U5xUCOfke37wWslWQtqZC6ZkdU4=,dfCBwwO/HtGh8mYD4TIMJAmJweM=
21,35,U5xUCOfke37wWslWQtqZC6ZkdU4=,dfCBwwO/HtGh8mYD4TIMJAmJweM=
20,37,U5xUCOfke37wWslWQtqZC6ZkdU4=,dfCBwwO/HtGh8mYD4TIMJAmJweM=
20,35,U5xUCOfke37wWslWQtqZC6ZkdU4=,dfCBwwO/HtGh8mYD4TIMJAmJweM=
23,36,U5xUCOfke37wWslWQtqZC6ZkdU4=,dfCBwwO/HtGh8mYD4TIMJAmJweM=
19,35,U5xUCOfke37wWslWQtqZC6ZkdU4=,dfCBwwO/HtGh8mYD4TIMJAmJweM=
22,36,U5xUCOfke37wWslWQtqZC6ZkdU4=,dfCBwwO/HtGh8mYD4TIMJAmJweM=
24,37,U5xUCOfke37wWslWQtqZC6ZkdU4=,nDnXH9pLfKCS7zTeXyjKbUejoi4=
20,47,U5xUCOfke37wWslWQtqZC6ZkdU4=,uwjOqNtiFmczO+BCJNU622wB+VQ=
18,33,U5xUCOfke37wWslWQtqZC6ZkdU4=,dfCBwwO/HtGh8mYD4TIMJAmJweM=
19,47,U5xUCOfke37wWslWQtqZC6ZkdU4=,uwjOqNtiFmczO+BCJNU622wB+VQ=
18,47,U5xUCOfke37wWslWQtqZC6ZkdU4=,uwjOqNtiFmczO+BCJNU622wB+VQ=
17,47,U5xUCOfke37wWslWQtqZC6ZkdU4=,uwjOqNtiFmczO+BCJNU622wB+VQ=
20,34,U5xUCOfke37wWslWQtqZC6ZkdU4=,dfCBwwO/HtGh8mYD4TIMJAmJweM=
21,47,U5xUCOfke37wWslWQtqZC6ZkdU4=,uwjOqNtiFmczO+BCJNU622wB+VQ=
22,47,U5xUCOfke37wWslWQtqZC6ZkdU4=,uwjOqNtiFmczO+BCJNU622wB+VQ=
21,33,U5xUCOfke37wWslWQtqZC6ZkdU4=,dfCBwwO/HtGh8mYD4TIMJAmJweM=
19,37,U5xUCOfke37wWslWQtqZC6ZkdU4=,dfCBwwO/HtGh8mYD4TIMJAmJweM=
20,33,U5xUCOfke37wWslWQtqZC6ZkdU4=,dfCBwwO/HtGh8mYD4TIMJAmJweM=
24,40,U5xUCOfke37wWslWQtqZC6ZkdU4=,zXFUM+1t/7bhd5CYzhopIraZn8A=
23,38,U5xUCOfke37wWslWQtqZC6ZkdU4=,dfCBwwO/HtGh8mYD4TIMJAmJweM=
19,34,U5xUCOfke37wWslWQtqZC6ZkdU4=,dfCBwwO/HtGh8mYD4TIMJAmJweM=
24,36,U5xUCOfke37wWslWQtqZC6ZkdU4=,nDnXH9pLfKCS7zTeXyjKbUejoi4=
19,33,U5xUCOfke37wWslWQtqZC6ZkdU4=,dfCBwwO/HtGh8mYD4TIMJAmJweM=
18,35,U5xUCOfke37wWslWQtqZC6ZkdU4=,dfCBwwO/HtGh8mYD4TIMJAmJweM=
22,38,U5xUCOfke37wWslWQtqZC6ZkdU4=,dfCBwwO/HtGh8mYD4TIMJAmJweM=
18,34,U5xUCOfke37wWslWQtqZC6ZkdU4=,dfCBwwO/HtGh8mYD4TIMJAmJweM=
16,41,U5xUCOfke37wWslWQtqZC6ZkdU4=,uwjOqNtiFmczO+BCJNU622wB+VQ=
21,36,U5xUCOfke37wWslWQtqZC6ZkdU4=,dfCBwwO/HtGh8mYD4TIMJAmJweM=
31,45,U5xUCOfke37wWslWQtqZC6ZkdU4=,zXFUM+1t/7bhd5CYzhopIraZn8A=
31,39,U5xUCOfke37wWslWQtqZC6ZkdU4=,nDnXH9pLfKCS7zTeXyjKbUejoi4=
16,42,U5xUCOfke37wWslWQtqZC6ZkdU4=,uwjOqNtiFmczO+BCJNU622wB+VQ=
16,46,U5xUCOfke37wWslWQtqZC6ZkdU4=,uwjOqNtiFmczO+BCJNU622wB+VQ=
31,44,U5xUCOfke37wWslWQtqZC6ZkdU4=,zXFUM+1t/7bhd5CYzhopIraZn8A=
31,43,U5xUCOfke37wWslWQtqZC6ZkdU4=,zXFUM+1t/7bhd5CYzhopIraZn8A=
16,45,U5xUCOfke37wWslWQtqZC6ZkdU4=,uwjOqNtiFmczO+BCJNU622wB+VQ=
16,44,U5xUCOfke37wWslWQtqZC6ZkdU4=,uwjOqNtiFmczO+BCJNU622wB+VQ=
31,41,U5xUCOfke37wWslWQtqZC6ZkdU4=,zXFUM+1t/7bhd5CYzhopIraZn8A=
31,42,U5xUCOfke37wWslWQtqZC6ZkdU4=,zXFUM+1t/7bhd5CYzhopIraZn8A=
31,46,U5xUCOfke37wWslWQtqZC6ZkdU4=,zXFUM+1t/7bhd5CYzhopIraZn8A=
16,38,U5xUCOfke37wWslWQtqZC6ZkdU4=,dfCBwwO/HtGh8mYD4TIMJAmJweM=
31,40,U5xUCOfke37wWslWQtqZC6ZkdU4=,zXFUM+1t/7bhd5CYzhopIraZn8A=
16,43,U5xUCOfke37wWslWQtqZC6ZkdU4=,uwjOqNtiFmczO+BCJNU622wB+VQ=
16,35,U5xUCOfke37wWslWQtqZC6ZkdU4=,dfCBwwO/HtGh8mYD4TIMJAmJweM=
16,33,U5xUCOfke37wWslWQtqZC6ZkdU4=,dfCBwwO/HtGh8mYD4TIMJAmJweM=
16,34,U5xUCOfke37wWslWQtqZC6ZkdU4=,dfCBwwO/HtGh8mYD4TIMJAmJweM=
16,37,U5xUCOfke37wWslWQtqZC6ZkdU4=,dfCBwwO/HtGh8mYD4TIMJAmJweM=
16,40,U5xUCOfke37wWslWQtqZC6ZkdU4=,uwjOqNtiFmczO+BCJNU622wB+VQ=
16,36,U5xUCOfke37wWslWQtqZC6ZkdU4=,dfCBwwO/HtGh8mYD4TIMJAmJweM=
16,39,U5xUCOfke37wWslWQtqZC6ZkdU4=,dfCBwwO/HtGh8mYD4TIMJAmJweM=
25,45,U5xUCOfke37wWslWQtqZC6ZkdU4=,zXFUM+1t/7bhd5CYzhopIraZn8A=
16,47,U5xUCOfke37wWslWQtqZC6ZkdU4=,uwjOqNtiFmczO+BCJNU622wB+VQ=
17,32,U5xUCOfke37wWslWQtqZC6ZkdU4=,dfCBwwO/HtGh8mYD4TIMJAmJweM=
18,32,U5xUCOfke37wWslWQtqZC6ZkdU4=,dfCBwwO/HtGh8mYD4TIMJAmJweM=
21,32,U5xUCOfke37wWslWQtqZC6ZkdU4=,dfCBwwO/HtGh8mYD4TIMJAmJweM=
22,32,U5xUCOfke37wWslWQtqZC6ZkdU4=,dfCBwwO/HtGh8mYD4TIMJAmJweM=
19,32,U5xUCOfke37wWslWQtqZC6ZkdU4=,dfCBwwO/HtGh8mYD4TIMJAmJweM=
20,32,U5xUCOfke37wWslWQtqZC6ZkdU4=,dfCBwwO/HtGh8mYD4TIMJAmJweM=
23,47,U5xUCOfke37wWslWQtqZC6ZkdU4=,uwjOqNtiFmczO+BCJNU622wB+VQ=
31,32,U5xUCOfke37wWslWQtqZC6ZkdU4=,nDnXH9pLfKCS7zTeXyjKbUejoi4=
24,32,U5xUCOfke37wWslWQtqZC6ZkdU4=,nDnXH9pLfKCS7zTeXyjKbUejoi4=
16,32,U5xUCOfke37wWslWQtqZC6ZkdU4=,dfCBwwO/HtGh8mYD4TIMJAmJweM=
24,47,U5xUCOfke37wWslWQtqZC6ZkdU4=,zXFUM+1t/7bhd5CYzhopIraZn8A=
30,32,U5xUCOfke37wWslWQtqZC6ZkdU4=,nDnXH9pLfKCS7zTeXyjKbUejoi4=
29,32,U5xUCOfke37wWslWQtqZC6ZkdU4=,nDnXH9pLfKCS7zTeXyjKbUejoi4=
23,32,U5xUCOfke37wWslWQtqZC6ZkdU4=,dfCBwwO/HtGh8mYD4TIMJAmJweM=
28,32,U5xUCOfke37wWslWQtqZC6ZkdU4=,nDnXH9pLfKCS7zTeXyjKbUejoi4=
27,32,U5xUCOfke37wWslWQtqZC6ZkdU4=,nDnXH9pLfKCS7zTeXyjKbUejoi4=
31,47,U5xUCOfke37wWslWQtqZC6ZkdU4=,zXFUM+1t/7bhd5CYzhopIraZn8A=
26,32,U5xUCOfke37wWslWQtqZC6ZkdU4=,nDnXH9pLfKCS7zTeXyjKbUejoi4=
30,47,U5xUCOfke37wWslWQtqZC6ZkdU4=,zXFUM+1t/7bhd5CYzhopIraZn8A=
25,32,U5xUCOfke37wWslWQtqZC6ZkdU4=,nDnXH9pLfKCS7zTeXyjKbUejoi4=
27,47,U5xUCOfke37wWslWQtqZC6ZkdU4=,zXFUM+1t/7bhd5CYzhopIraZn8A=
25,47,U5xUCOfke37wWslWQtqZC6ZkdU4=,zXFUM+1t/7bhd5CYzhopIraZn8A=
26,47,U5xUCOfke37wWslWQtqZC6ZkdU4=,zXFUM+1t/7bhd5CYzhopIraZn8A=
28,47,U5xUCOfke37wWslWQtqZC6ZkdU4=,zXFUM+1t/7bhd5CYzhopIraZn8A=
29,47,U5xUCOfke37wWslWQtqZC6ZkdU4=,zXFUM+1t/7bhd5CYzhopIraZn8A=
