60,-13,kQ4BEgl331W6LIrNEdmmVgbkgog=,dP+c8+HLcTr924NFDlvPUuTfL7c=
61,-13,kQ4BEgl331W6LIrNEdmmVgbkgog=,dP+c8+HLcTr924NFDlvPUuTfL7c=
59,-13,kQ4BEgl331W6LIrNEdmmVgbkgog=,dP+c8+HLcTr924NFDlvPUuTfL7c=
58,-13,kQ4BEgl331W6LIrNEdmmVgbkgog=,dP+c8+HLcTr924NFDlvPUuTfL7c=
57,-13,kQ4BEgl331W6LIrNEdmmVgbkgog=,dP+c8+HLcTr924NFDlvPUuTfL7c=
62,-10,Ogn1gwgruVdQbiRaQIdecsXdNlE=,dP+c8+HLcTr924NFDlvPUuTfL7c=
61,-14,Ogn1gwgruVdQbiRaQIdecsXdNlE=,dP+c8+HLcTr924NFDlvPUuTfL7c=
61,-10,Ogn1gwgruVdQbiRaQIdecsXdNlE=,dP+c8+HLcTr924NFDlvPUuTfL7c=
62,-14,Ogn1gwgruVdQbiRaQIdecsXdNlE=,dP+c8+HLcTr924NFDlvPUuTfL7c=
59,-14,Ogn1gwgruVdQbiRaQIdecsXdNlE=,dP+c8+HLcTr924NFDlvPUuTfL7c=
60,-14,Ogn1gwgruVdQbiRaQIdecsXdNlE=,dP+c8+HLcTr924NFDlvPUuTfL7c=
57,-14,Ogn1gwgruVdQbiRaQIdecsXdNlE=,dP+c8+HLcTr924NFDlvPUuTfL7c=
58,-14,Ogn1gwgruVdQbiRaQIdecsXdNlE=,dP+c8+HLcTr924NFDlvPUuTfL7c=
60,-10,Ogn1gwgruVdQbiRaQIdecsXdNlE=,dP+c8+HLcTr924NFDlvPUuTfL7c=
62,-15,Ogn1gwgruVdQbiRaQIdecsXdNlE=,dP+c8+HLcTr924NFDlvPUuTfL7c=
61,-15,Ogn1gwgruVdQbiRaQIdecsXdNlE=,dP+c8+HLcTr924NFDlvPUuTfL7c=
60,-15,Ogn1gwgruVdQbiRaQIdecsXdNlE=,dP+c8+HLcTr924NFDlvPUuTfL7c=
59,-10,Ogn1gwgruVdQbiRaQIdecsXdNlE=,dP+c8+HLcTr924NFDlvPUuTfL7c=
58,-10,Ogn1gwgruVdQbiRaQIdecsXdNlE=,dP+c8+HLcTr924NFDlvPUuTfL7c=
59,-15,Ogn1gwgruVdQbiRaQIdecsXdNlE=,dP+c8+HLcTr924NFDlvPUuTfL7c=
57,-10,Ogn1gwgruVdQbiRaQIdecsXdNlE=,dP+c8+HLcTr924NFDlvPUuTfL7c=
58,-15,Ogn1gwgruVdQbiRaQIdecsXdNlE=,dP+c8+HLcTr924NFDlvPUuTfL7c=
57,-15,Ogn1gwgruVdQbiRaQIdecsXdNlE=,dP+c8+HLcTr924NFDlvPUuTfL7c=
62,-11,Ogn1gwgruVdQbiRaQIdecsXdNlE=,dP+c8+HLcTr924NFDlvPUuTfL7c=
60,-11,Ogn1gwgruVdQbiRaQIdecsXdNlE=,dP+c8+HLcTr924NFDlvPUuTfL7c=
61,-11,Ogn1gwgruVdQbiRaQIdecsXdNlE=,dP+c8+HLcTr924NFDlvPUuTfL7c=
59,-11,Ogn1gwgruVdQbiRaQIdecsXdNlE=,dP+c8+HLcTr924NFDlvPUuTfL7c=
62,-12,Ogn1gwgruVdQbiRaQIdecsXdNlE=,dP+c8+HLcTr924NFDlvPUuTfL7c=
57,-11,Ogn1gwgruVdQbiRaQIdecsXdNlE=,dP+c8+HLcTr924NFDlvPUuTfL7c=
58,-11,Ogn1gwgruVdQbiRaQIdecsXdNlE=,dP+c8+HLcTr924NFDlvPUuTfL7c=
58,-12,Ogn1gwgruVdQbiRaQIdecsXdNlE=,dP+c8+HLcTr924NFDlvPUuTfL7c=
61,-12,Ogn1gwgruVdQbiRaQIdecsXdNlE=,dP+c8+HLcTr924NFDlvPUuTfL7c=
60,-12,Ogn1gwgruVdQbiRaQIdecsXdNlE=,dP+c8+HLcTr924NFDlvPUuTfL7c=
62,-13,Ogn1gwgruVdQbiRaQIdecsXdNlE=,dP+c8+HLcTr924NFDlvPUuTfL7c=
59,-12,Ogn1gwgruVdQbiRaQIdecsXdNlE=,dP+c8+HLcTr924NFDlvPUuTfL7c=
57,-12,Ogn1gwgruVdQbiRaQIdecsXdNlE=,dP+c8+HLcTr924NFDlvPUuTfL7c=
62,-4,Ogn1gwgruVdQbiRaQIdecsXdNlE=,b4Y3klWaspzYlIHEVupxC51Gn8I=
59,-3,Ogn1gwgruVdQbiRaQIdecsXdNlE=,b4Y3klWaspzYlIHEVupxC51Gn8I=
63,-13,Ogn1gwgruVdQbiRaQIdecsXdNlE=,dP+c8+HLcTr924NFDlvPUuTfL7c=
58,-3,Ogn1gwgruVdQbiRaQIdecsXdNlE=,b4Y3klWaspzYlIHEVupxC51Gn8I=
62,-9,Ogn1gwgruVdQbiRaQIdecsXdNlE=,dP+c8+HLcTr924NFDlvPUuTfL7c=
57,-3,Ogn1gwgruVdQbiRaQIdecsXdNlE=,b4Y3klWaspzYlIHEVupxC51Gn8I=
61,-9,Ogn1gwgruVdQbiRaQIdecsXdNlE=,dP+c8+HLcTr924NFDlvPUuTfL7c=
52,-5,Ogn1gwgruVdQbiRaQIdecsXdNlE=,915OPxmqTFe+p1Cpqb2WMOKfDlE=
52,-11,Ogn1gwgruVdQbiRaQIdecsXdNlE=,11ZPDkSeIcemHGVZvolwV4YPh8M=
62,-5,Ogn1gwgruVdQbiRaQIdecsXdNlE=,b4Y3klWaspzYlIHEVupxC51Gn8I=
51,-5,Ogn1gwgruVdQbiRaQIdecsXdNlE=,915OPxmqTFe+p1Cpqb2WMOKfDlE=
63,-12,Ogn1gwgruVdQbiRaQIdecsXdNlE=,dP+c8+HLcTr924NFDlvPUuTfL7c=
63,-10,Ogn1gwgruVdQbiRaQIdecsXdNlE=,dP+c8+HLcTr924NFDlvPUuTfL7c=
53,-11,Ogn1gwgruVdQbiRaQIdecsXdNlE=,11ZPDkSeIcemHGVZvolwV4YPh8M=
51,-11,Ogn1gwgruVdQbiRaQIdecsXdNlE=,11ZPDkSeIcemHGVZvolwV4YPh8M=
63,-14,Ogn1gwgruVdQbiRaQIdecsXdNlE=,dP+c8+HLcTr924NFDlvPUuTfL7c=
63,-11,Ogn1gwgruVdQbiRaQIdecsXdNlE=,dP+c8+HLcTr924NFDlvPUuTfL7c=
49,-5,Ogn1gwgruVdQbiRaQIdecsXdNlE=,915OPxmqTFe+p1Cpqb2WMOKfDlE=
57,-4,Ogn1gwgruVdQbiRaQIdecsXdNlE=,b4Y3klWaspzYlIHEVupxC51Gn8I=
63,-15,Ogn1gwgruVdQbiRaQIdecsXdNlE=,dP+c8+HLcTr924NFDlvPUuTfL7c=
54,-11,Ogn1gwgruVdQbiRaQIdecsXdNlE=,11ZPDkSeIcemHGVZvolwV4YPh8M=
50,-5,Ogn1gwgruVdQbiRaQIdecsXdNlE=,915OPxmqTFe+p1Cpqb2WMOKfDlE=
56,-3,Ogn1gwgruVdQbiRaQIdecsXdNlE=,b4Y3klWaspzYlIHEVupxC51Gn8I=
55,-6,Ogn1gwgruVdQbiRaQIdecsXdNlE=,915OPxmqTFe+p1Cpqb2WMOKfDlE=
55,-11,Ogn1gwgruVdQbiRaQIdecsXdNlE=,11ZPDkSeIcemHGVZvolwV4YPh8M=
50,-6,Ogn1gwgruVdQbiRaQIdecsXdNlE=,915OPxmqTFe+p1Cpqb2WMOKfDlE=
52,-6,Ogn1gwgruVdQbiRaQIdecsXdNlE=,915OPxmqTFe+p1Cpqb2WMOKfDlE=
53,-6,Ogn1gwgruVdQbiRaQIdecsXdNlE=,915OPxmqTFe+p1Cpqb2WMOKfDlE=
56,-4,Ogn1gwgruVdQbiRaQIdecsXdNlE=,b4Y3klWaspzYlIHEVupxC51Gn8I=
49,-6,Ogn1gwgruVdQbiRaQIdecsXdNlE=,915OPxmqTFe+p1Cpqb2WMOKfDlE=
54,-6,Ogn1gwgruVdQbiRaQIdecsXdNlE=,915OPxmqTFe+p1Cpqb2WMOKfDlE=
63,-4,Ogn1gwgruVdQbiRaQIdecsXdNlE=,b4Y3klWaspzYlIHEVupxC51Gn8I=
49,-10,Ogn1gwgruVdQbiRaQIdecsXdNlE=,11ZPDkSeIcemHGVZvolwV4YPh8M=
51,-6,Ogn1gwgruVdQbiRaQIdecsXdNlE=,915OPxmqTFe+p1Cpqb2WMOKfDlE=
57,-8,Ogn1gwgruVdQbiRaQIdecsXdNlE=,b4Y3klWaspzYlIHEVupxC51Gn8I=
55,-7,Ogn1gwgruVdQbiRaQIdecsXdNlE=,915OPxmqTFe+p1Cpqb2WMOKfDlE=
54,-7,Ogn1gwgruVdQbiRaQIdecsXdNlE=,915OPxmqTFe+p1Cpqb2WMOKfDlE=
50,-11,Ogn1gwgruVdQbiRaQIdecsXdNlE=,11ZPDkSeIcemHGVZvolwV4YPh8M=
63,-9,Ogn1gwgruVdQbiRaQIdecsXdNlE=,dP+c8+HLcTr924NFDlvPUuTfL7c=
53,-7,Ogn1gwgruVdQbiRaQIdecsXdNlE=,915OPxmqTFe+p1Cpqb2WMOKfDlE=
53,-5,Ogn1gwgruVdQbiRaQIdecsXdNlE=,915OPxmqTFe+p1Cpqb2WMOKfDlE=
63,-7,Ogn1gwgruVdQbiRaQIdecsXdNlE=,b4Y3klWaspzYlIHEVupxC51Gn8I=
50,-10,Ogn1gwgruVdQbiRaQIdecsXdNlE=,11ZPDkSeIcemHGVZvolwV4YPh8M=
63,-5,Ogn1gwgruVdQbiRaQIdecsXdNlE=,b4Y3klWaspzYlIHEVupxC51Gn8I=
49,-11,Ogn1gwgruVdQbiRaQIdecsXdNlE=,11ZPDkSeIcemHGVZvolwV4YPh8M=
57,-6,Ogn1gwgruVdQbiRaQIdecsXdNlE=,b4Y3klWaspzYlIHEVupxC51Gn8I=
55,-12,Ogn1gwgruVdQbiRaQIdecsXdNlE=,11ZPDkSeIcemHGVZvolwV4YPh8M=
63,-8,Ogn1gwgruVdQbiRaQIdecsXdNlE=,b4Y3klWaspzYlIHEVupxC51Gn8I=
63,-2,Ogn1gwgruVdQbiRaQIdecsXdNlE=,b4Y3klWaspzYlIHEVupxC51Gn8I=
52,-7,Ogn1gwgruVdQbiRaQIdecsXdNlE=,915OPxmqTFe+p1Cpqb2WMOKfDlE=
54,-12,Ogn1gwgruVdQbiRaQIdecsXdNlE=,11ZPDkSeIcemHGVZvolwV4YPh8M=
63,-3,Ogn1gwgruVdQbiRaQIdecsXdNlE=,b4Y3klWaspzYlIHEVupxC51Gn8I=
63,-6,Ogn1gwgruVdQbiRaQIdecsXdNlE=,b4Y3klWaspzYlIHEVupxC51Gn8I=
58,-6,Ogn1gwgruVdQbiRaQIdecsXdNlE=,b4Y3klWaspzYlIHEVupxC51Gn8I=
54,-2,Ogn1gwgruVdQbiRaQIdecsXdNlE=,915OPxmqTFe+p1Cpqb2WMOKfDlE=
56,-9,Ogn1gwgruVdQbiRaQIdecsXdNlE=,dP+c8+HLcTr924NFDlvPUuTfL7c=
51,-7,Ogn1gwgruVdQbiRaQIdecsXdNlE=,915OPxmqTFe+p1Cpqb2WMOKfDlE=
52,-2,Ogn1gwgruVdQbiRaQIdecsXdNlE=,915OPxmqTFe+p1Cpqb2WMOKfDlE=
51,-10,Ogn1gwgruVdQbiRaQIdecsXdNlE=,11ZPDkSeIcemHGVZvolwV4YPh8M=
55,-2,Ogn1gwgruVdQbiRaQIdecsXdNlE=,915OPxmqTFe+p1Cpqb2WMOKfDlE=
59,-6,Ogn1gwgruVdQbiRaQIdecsXdNlE=,b4Y3klWaspzYlIHEVupxC51Gn8I=
54,-5,Ogn1gwgruVdQbiRaQIdecsXdNlE=,915OPxmqTFe+p1Cpqb2WMOKfDlE=
53,-2,Ogn1gwgruVdQbiRaQIdecsXdNlE=,915OPxmqTFe+p1Cpqb2WMOKfDlE=
60,-6,Ogn1gwgruVdQbiRaQIdecsXdNlE=,b4Y3klWaspzYlIHEVupxC51Gn8I=
50,-2,Ogn1gwgruVdQbiRaQIdecsXdNlE=,915OPxmqTFe+p1Cpqb2WMOKfDlE=
51,-2,Ogn1gwgruVdQbiRaQIdecsXdNlE=,915OPxmqTFe+p1Cpqb2WMOKfDlE=
56,-8,Ogn1gwgruVdQbiRaQIdecsXdNlE=,b4Y3klWaspzYlIHEVupxC51Gn8I=
53,-12,Ogn1gwgruVdQbiRaQIdecsXdNlE=,11ZPDkSeIcemHGVZvolwV4YPh8M=
52,-10,Ogn1gwgruVdQbiRaQIdecsXdNlE=,11ZPDkSeIcemHGVZvolwV4YPh8M=
55,-3,Ogn1gwgruVdQbiRaQIdecsXdNlE=,915OPxmqTFe+p1Cpqb2WMOKfDlE=
57,-5,Ogn1gwgruVdQbiRaQIdecsXdNlE=,b4Y3klWaspzYlIHEVupxC51Gn8I=
52,-12,Ogn1gwgruVdQbiRaQIdecsXdNlE=,11ZPDkSeIcemHGVZvolwV4YPh8M=
54,-3,Ogn1gwgruVdQbiRaQIdecsXdNlE=,915OPxmqTFe+p1Cpqb2WMOKfDlE=
56,-12,Ogn1gwgruVdQbiRaQIdecsXdNlE=,dP+c8+HLcTr924NFDlvPUuTfL7c=
51,-12,Ogn1gwgruVdQbiRaQIdecsXdNlE=,11ZPDkSeIcemHGVZvolwV4YPh8M=
60,-9,Ogn1gwgruVdQbiRaQIdecsXdNlE=,dP+c8+HLcTr924NFDlvPUuTfL7c=
56,-6,Ogn1gwgruVdQbiRaQIdecsXdNlE=,b4Y3klWaspzYlIHEVupxC51Gn8I=
62,-1,Ogn1gwgruVdQbiRaQIdecsXdNlE=,b4Y3klWaspzYlIHEVupxC51Gn8I=
50,-12,Ogn1gwgruVdQbiRaQIdecsXdNlE=,11ZPDkSeIcemHGVZvolwV4YPh8M=
61,-1,Ogn1gwgruVdQbiRaQIdecsXdNlE=,b4Y3klWaspzYlIHEVupxC51Gn8I=
57,-1,Ogn1gwgruVdQbiRaQIdecsXdNlE=,b4Y3klWaspzYlIHEVupxC51Gn8I=
58,-5,Ogn1gwgruVdQbiRaQIdecsXdNlE=,b4Y3klWaspzYlIHEVupxC51Gn8I=
60,-1,Ogn1gwgruVdQbiRaQIdecsXdNlE=,b4Y3klWaspzYlIHEVupxC51Gn8I=
59,-1,Ogn1gwgruVdQbiRaQIdecsXdNlE=,b4Y3klWaspzYlIHEVupxC51Gn8I=
56,-5,Ogn1gwgruVdQbiRaQIdecsXdNlE=,b4Y3klWaspzYlIHEVupxC51Gn8I=
53,-10,Ogn1gwgruVdQbiRaQIdecsXdNlE=,11ZPDkSeIcemHGVZvolwV4YPh8M=
53,-3,Ogn1gwgruVdQbiRaQIdecsXdNlE=,915OPxmqTFe+p1Cpqb2WMOKfDlE=
58,-1,Ogn1gwgruVdQbiRaQIdecsXdNlE=,b4Y3klWaspzYlIHEVupxC51Gn8I=
55,-5,Ogn1gwgruVdQbiRaQIdecsXdNlE=,915OPxmqTFe+p1Cpqb2WMOKfDlE=
54,-10,Ogn1gwgruVdQbiRaQIdecsXdNlE=,11ZPDkSeIcemHGVZvolwV4YPh8M=
52,-3,Ogn1gwgruVdQbiRaQIdecsXdNlE=,915OPxmqTFe+p1Cpqb2WMOKfDlE=
59,-5,Ogn1gwgruVdQbiRaQIdecsXdNlE=,b4Y3klWaspzYlIHEVupxC51Gn8I=
49,-4,Ogn1gwgruVdQbiRaQIdecsXdNlE=,915OPxmqTFe+p1Cpqb2WMOKfDlE=
50,-4,Ogn1gwgruVdQbiRaQIdecsXdNlE=,915OPxmqTFe+p1Cpqb2WMOKfDlE=
55,-13,Ogn1gwgruVdQbiRaQIdecsXdNlE=,11ZPDkSeIcemHGVZvolwV4YPh8M=
51,-3,Ogn1gwgruVdQbiRaQIdecsXdNlE=,915OPxmqTFe+p1Cpqb2WMOKfDlE=
49,-12,Ogn1gwgruVdQbiRaQIdecsXdNlE=,11ZPDkSeIcemHGVZvolwV4YPh8M=
50,-7,Ogn1gwgruVdQbiRaQIdecsXdNlE=,915OPxmqTFe+p1Cpqb2WMOKfDlE=
55,-10,Ogn1gwgruVdQbiRaQIdecsXdNlE=,11ZPDkSeIcemHGVZvolwV4YPh8M=
56,-7,Ogn1gwgruVdQbiRaQIdecsXdNlE=,b4Y3klWaspzYlIHEVupxC51Gn8I=
56,-1,Ogn1gwgruVdQbiRaQIdecsXdNlE=,b4Y3klWaspzYlIHEVupxC51Gn8I=
49,-7,Ogn1gwgruVdQbiRaQIdecsXdNlE=,915OPxmqTFe+p1Cpqb2WMOKfDlE=
61,-6,Ogn1gwgruVdQbiRaQIdecsXdNlE=,b4Y3klWaspzYlIHEVupxC51Gn8I=
51,-4,Ogn1gwgruVdQbiRaQIdecsXdNlE=,915OPxmqTFe+p1Cpqb2WMOKfDlE=
49,-9,Ogn1gwgruVdQbiRaQIdecsXdNlE=,11ZPDkSeIcemHGVZvolwV4YPh8M=
55,-1,Ogn1gwgruVdQbiRaQIdecsXdNlE=,915OPxmqTFe+p1Cpqb2WMOKfDlE=
54,-13,Ogn1gwgruVdQbiRaQIdecsXdNlE=,11ZPDkSeIcemHGVZvolwV4YPh8M=
50,-3,Ogn1gwgruVdQbiRaQIdecsXdNlE=,915OPxmqTFe+p1Cpqb2WMOKfDlE=
53,-13,Ogn1gwgruVdQbiRaQIdecsXdNlE=,11ZPDkSeIcemHGVZvolwV4YPh8M=
52,-13,Ogn1gwgruVdQbiRaQIdecsXdNlE=,11ZPDkSeIcemHGVZvolwV4YPh8M=
49,-15,Ogn1gwgruVdQbiRaQIdecsXdNlE=,11ZPDkSeIcemHGVZvolwV4YPh8M=
55,-8,Ogn1gwgruVdQbiRaQIdecsXdNlE=,915OPxmqTFe+p1Cpqb2WMOKfDlE=
50,-9,Ogn1gwgruVdQbiRaQIdecsXdNlE=,11ZPDkSeIcemHGVZvolwV4YPh8M=
62,-6,Ogn1gwgruVdQbiRaQIdecsXdNlE=,b4Y3klWaspzYlIHEVupxC51Gn8I=
54,-8,Ogn1gwgruVdQbiRaQIdecsXdNlE=,915OPxmqTFe+p1Cpqb2WMOKfDlE=
54,-1,Ogn1gwgruVdQbiRaQIdecsXdNlE=,915OPxmqTFe+p1Cpqb2WMOKfDlE=
51,-13,Ogn1gwgruVdQbiRaQIdecsXdNlE=,11ZPDkSeIcemHGVZvolwV4YPh8M=
51,-9,Ogn1gwgruVdQbiRaQIdecsXdNlE=,11ZPDkSeIcemHGVZvolwV4YPh8M=
53,-8,Ogn1gwgruVdQbiRaQIdecsXdNlE=,915OPxmqTFe+p1Cpqb2WMOKfDlE=
49,-1,Ogn1gwgruVdQbiRaQIdecsXdNlE=,915OPxmqTFe+p1Cpqb2WMOKfDlE=
50,-15,Ogn1gwgruVdQbiRaQIdecsXdNlE=,11ZPDkSeIcemHGVZvolwV4YPh8M=
49,-3,Ogn1gwgruVdQbiRaQIdecsXdNlE=,915OPxmqTFe+p1Cpqb2WMOKfDlE=
50,-1,Ogn1gwgruVdQbiRaQIdecsXdNlE=,915OPxmqTFe+p1Cpqb2WMOKfDlE=
52,-8,Ogn1gwgruVdQbiRaQIdecsXdNlE=,915OPxmqTFe+p1Cpqb2WMOKfDlE=
60,-8,Ogn1gwgruVdQbiRaQIdecsXdNlE=,b4Y3klWaspzYlIHEVupxC51Gn8I=
51,-8,Ogn1gwgruVdQbiRaQIdecsXdNlE=,915OPxmqTFe+p1Cpqb2WMOKfDlE=
52,-4,Ogn1gwgruVdQbiRaQIdecsXdNlE=,915OPxmqTFe+p1Cpqb2WMOKfDlE=
50,-13,Ogn1gwgruVdQbiRaQIdecsXdNlE=,11ZPDkSeIcemHGVZvolwV4YPh8M=
53,-1,Ogn1gwgruVdQbiRaQIdecsXdNlE=,915OPxmqTFe+p1Cpqb2WMOKfDlE=
55,-14,Ogn1gwgruVdQbiRaQIdecsXdNlE=,11ZPDkSeIcemHGVZvolwV4YPh8M=
49,-13,Ogn1gwgruVdQbiRaQIdecsXdNlE=,11ZPDkSeIcemHGVZvolwV4YPh8M=
51,-15,Ogn1gwgruVdQbiRaQIdecsXdNlE=,11ZPDkSeIcemHGVZvolwV4YPh8M=
51,-1,Ogn1gwgruVdQbiRaQIdecsXdNlE=,915OPxmqTFe+p1Cpqb2WMOKfDlE=
56,-2,Ogn1gwgruVdQbiRaQIdecsXdNlE=,b4Y3klWaspzYlIHEVupxC51Gn8I=
50,-8,Ogn1gwgruVdQbiRaQIdecsXdNlE=,915OPxmqTFe+p1Cpqb2WMOKfDlE=
53,-4,Ogn1gwgruVdQbiRaQIdecsXdNlE=,915OPxmqTFe+p1Cpqb2WMOKfDlE=
49,-8,Ogn1gwgruVdQbiRaQIdecsXdNlE=,915OPxmqTFe+p1Cpqb2WMOKfDlE=
55,-4,Ogn1gwgruVdQbiRaQIdecsXdNlE=,915OPxmqTFe+p1Cpqb2WMOKfDlE=
54,-14,Ogn1gwgruVdQbiRaQIdecsXdNlE=,11ZPDkSeIcemHGVZvolwV4YPh8M=
56,-13,Ogn1gwgruVdQbiRaQIdecsXdNlE=,dP+c8+HLcTr924NFDlvPUuTfL7c=
59,-9,Ogn1gwgruVdQbiRaQIdecsXdNlE=,dP+c8+HLcTr924NFDlvPUuTfL7c=
52,-15,Ogn1gwgruVdQbiRaQIdecsXdNlE=,11ZPDkSeIcemHGVZvolwV4YPh8M=
60,-3,Ogn1gwgruVdQbiRaQIdecsXdNlE=,b4Y3klWaspzYlIHEVupxC51Gn8I=
52,-1,Ogn1gwgruVdQbiRaQIdecsXdNlE=,915OPxmqTFe+p1Cpqb2WMOKfDlE=
54,-4,Ogn1gwgruVdQbiRaQIdecsXdNlE=,915OPxmqTFe+p1Cpqb2WMOKfDlE=
61,-3,Ogn1gwgruVdQbiRaQIdecsXdNlE=,b4Y3klWaspzYlIHEVupxC51Gn8I=
53,-15,Ogn1gwgruVdQbiRaQIdecsXdNlE=,11ZPDkSeIcemHGVZvolwV4YPh8M=
55,-9,Ogn1gwgruVdQbiRaQIdecsXdNlE=,11ZPDkSeIcemHGVZvolwV4YPh8M=
52,-9,Ogn1gwgruVdQbiRaQIdecsXdNlE=,11ZPDkSeIcemHGVZvolwV4YPh8M=
53,-14,Ogn1gwgruVdQbiRaQIdecsXdNlE=,11ZPDkSeIcemHGVZvolwV4YPh8M=
51,-14,Ogn1gwgruVdQbiRaQIdecsXdNlE=,11ZPDkSeIcemHGVZvolwV4YPh8M=
52,-14,Ogn1gwgruVdQbiRaQIdecsXdNlE=,11ZPDkSeIcemHGVZvolwV4YPh8M=
54,-9,Ogn1gwgruVdQbiRaQIdecsXdNlE=,11ZPDkSeIcemHGVZvolwV4YPh8M=
53,-9,Ogn1gwgruVdQbiRaQIdecsXdNlE=,11ZPDkSeIcemHGVZvolwV4YPh8M=
48,-4,Ogn1gwgruVdQbiRaQIdecsXdNlE=,915OPxmqTFe+p1Cpqb2WMOKfDlE=
56,-11,Ogn1gwgruVdQbiRaQIdecsXdNlE=,dP+c8+HLcTr924NFDlvPUuTfL7c=
62,-3,Ogn1gwgruVdQbiRaQIdecsXdNlE=,b4Y3klWaspzYlIHEVupxC51Gn8I=
58,-9,Ogn1gwgruVdQbiRaQIdecsXdNlE=,dP+c8+HLcTr924NFDlvPUuTfL7c=
57,-9,Ogn1gwgruVdQbiRaQIdecsXdNlE=,dP+c8+HLcTr924NFDlvPUuTfL7c=
48,-5,Ogn1gwgruVdQbiRaQIdecsXdNlE=,915OPxmqTFe+p1Cpqb2WMOKfDlE=
50,-14,Ogn1gwgruVdQbiRaQIdecsXdNlE=,11ZPDkSeIcemHGVZvolwV4YPh8M=
59,-8,Ogn1gwgruVdQbiRaQIdecsXdNlE=,b4Y3klWaspzYlIHEVupxC51Gn8I=
48,-3,Ogn1gwgruVdQbiRaQIdecsXdNlE=,915OPxmqTFe+p1Cpqb2WMOKfDlE=
56,-15,Ogn1gwgruVdQbiRaQIdecsXdNlE=,dP+c8+HLcTr924NFDlvPUuTfL7c=
58,-7,Ogn1gwgruVdQbiRaQIdecsXdNlE=,b4Y3klWaspzYlIHEVupxC51Gn8I=
49,-14,Ogn1gwgruVdQbiRaQIdecsXdNlE=,11ZPDkSeIcemHGVZvolwV4YPh8M=
48,-6,Ogn1gwgruVdQbiRaQIdecsXdNlE=,915OPxmqTFe+p1Cpqb2WMOKfDlE=
48,-7,Ogn1gwgruVdQbiRaQIdecsXdNlE=,915OPxmqTFe+p1Cpqb2WMOKfDlE=
56,-10,Ogn1gwgruVdQbiRaQIdecsXdNlE=,dP+c8+HLcTr924NFDlvPUuTfL7c=
60,-4,Ogn1gwgruVdQbiRaQIdecsXdNlE=,b4Y3klWaspzYlIHEVupxC51Gn8I=
57,-2,Ogn1gwgruVdQbiRaQIdecsXdNlE=,b4Y3klWaspzYlIHEVupxC51Gn8I=
56,-14,Ogn1gwgruVdQbiRaQIdecsXdNlE=,dP+c8+HLcTr924NFDlvPUuTfL7c=
61,-4,Ogn1gwgruVdQbiRaQIdecsXdNlE=,b4Y3klWaspzYlIHEVupxC51Gn8I=
59,-4,Ogn1gwgruVdQbiRaQIdecsXdNlE=,b4Y3klWaspzYlIHEVupxC51Gn8I=
55,-15,Ogn1gwgruVdQbiRaQIdecsXdNlE=,11ZPDkSeIcemHGVZvolwV4YPh8M=
57,-7,Ogn1gwgruVdQbiRaQIdecsXdNlE=,b4Y3klWaspzYlIHEVupxC51Gn8I=
48,-2,Ogn1gwgruVdQbiRaQIdecsXdNlE=,915OPxmqTFe+p1Cpqb2WMOKfDlE=
54,-15,Ogn1gwgruVdQbiRaQIdecsXdNlE=,11ZPDkSeIcemHGVZvolwV4YPh8M=
58,-2,Ogn1gwgruVdQbiRaQIdecsXdNlE=,b4Y3klWaspzYlIHEVupxC51Gn8I=
61,-5,Ogn1gwgruVdQbiRaQIdecsXdNlE=,b4Y3klWaspzYlIHEVupxC51Gn8I=
62,-7,Ogn1gwgruVdQbiRaQIdecsXdNlE=,b4Y3klWaspzYlIHEVupxC51Gn8I=
60,-5,Ogn1gwgruVdQbiRaQIdecsXdNlE=,b4Y3klWaspzYlIHEVupxC51Gn8I=
60,-7,Ogn1gwgruVdQbiRaQIdecsXdNlE=,b4Y3klWaspzYlIHEVupxC51Gn8I=
59,-7,Ogn1gwgruVdQbiRaQIdecsXdNlE=,b4Y3klWaspzYlIHEVupxC51Gn8I=
58,-4,Ogn1gwgruVdQbiRaQIdecsXdNlE=,b4Y3klWaspzYlIHEVupxC51Gn8I=
61,-7,Ogn1gwgruVdQbiRaQIdecsXdNlE=,b4Y3klWaspzYlIHEVupxC51Gn8I=
61,-2,Ogn1gwgruVdQbiRaQIdecsXdNlE=,b4Y3klWaspzYlIHEVupxC51Gn8I=
62,-8,Ogn1gwgruVdQbiRaQIdecsXdNlE=,b4Y3klWaspzYlIHEVupxC51Gn8I=
61,-8,Ogn1gwgruVdQbiRaQIdecsXdNlE=,b4Y3klWaspzYlIHEVupxC51Gn8I=
62,-2,Ogn1gwgruVdQbiRaQIdecsXdNlE=,b4Y3klWaspzYlIHEVupxC51Gn8I=
60,-2,Ogn1gwgruVdQbiRaQIdecsXdNlE=,b4Y3klWaspzYlIHEVupxC51Gn8I=
49,-2,Ogn1gwgruVdQbiRaQIdecsXdNlE=,915OPxmqTFe+p1Cpqb2WMOKfDlE=
54,-16,Ogn1gwgruVdQbiRaQIdecsXdNlE=,11ZPDkSeIcemHGVZvolwV4YPh8M=
53,-16,Ogn1gwgruVdQbiRaQIdecsXdNlE=,11ZPDkSeIcemHGVZvolwV4YPh8M=
49,-16,Ogn1gwgruVdQbiRaQIdecsXdNlE=,11ZPDkSeIcemHGVZvolwV4YPh8M=
51,-16,Ogn1gwgruVdQbiRaQIdecsXdNlE=,11ZPDkSeIcemHGVZvolwV4YPh8M=
58,-8,Ogn1gwgruVdQbiRaQIdecsXdNlE=,b4Y3klWaspzYlIHEVupxC51Gn8I=
55,-16,Ogn1gwgruVdQbiRaQIdecsXdNlE=,11ZPDkSeIcemHGVZvolwV4YPh8M=
50,-16,Ogn1gwgruVdQbiRaQIdecsXdNlE=,11ZPDkSeIcemHGVZvolwV4YPh8M=
52,-16,Ogn1gwgruVdQbiRaQIdecsXdNlE=,11ZPDkSeIcemHGVZvolwV4YPh8M=
62,-16,Ogn1gwgruVdQbiRaQIdecsXdNlE=,dP+c8+HLcTr924NFDlvPUuTfL7c=
48,-10,Ogn1gwgruVdQbiRaQIdecsXdNlE=,11ZPDkSeIcemHGVZvolwV4YPh8M=
61,-16,Ogn1gwgruVdQbiRaQIdecsXdNlE=,dP+c8+HLcTr924NFDlvPUuTfL7c=
60,-16,Ogn1gwgruVdQbiRaQIdecsXdNlE=,dP+c8+HLcTr924NFDlvPUuTfL7c=
59,-2,Ogn1gwgruVdQbiRaQIdecsXdNlE=,b4Y3klWaspzYlIHEVupxC51Gn8I=
48,-11,Ogn1gwgruVdQbiRaQIdecsXdNlE=,11ZPDkSeIcemHGVZvolwV4YPh8M=
56,-16,Ogn1gwgruVdQbiRaQIdecsXdNlE=,dP+c8+HLcTr924NFDlvPUuTfL7c=
59,-16,Ogn1gwgruVdQbiRaQIdecsXdNlE=,dP+c8+HLcTr924NFDlvPUuTfL7c=
63,-16,Ogn1gwgruVdQbiRaQIdecsXdNlE=,dP+c8+HLcTr924NFDlvPUuTfL7c=
58,-16,Ogn1gwgruVdQbiRaQIdecsXdNlE=,dP+c8+HLcTr924NFDlvPUuTfL7c=
48,-12,Ogn1gwgruVdQbiRaQIdecsXdNlE=,11ZPDkSeIcemHGVZvolwV4YPh8M=
48,-9,Ogn1gwgruVdQbiRaQIdecsXdNlE=,11ZPDkSeIcemHGVZvolwV4YPh8M=
48,-1,Ogn1gwgruVdQbiRaQIdecsXdNlE=,915OPxmqTFe+p1Cpqb2WMOKfDlE=
48,-13,Ogn1gwgruVdQbiRaQIdecsXdNlE=,11ZPDkSeIcemHGVZvolwV4YPh8M=
48,-16,Ogn1gwgruVdQbiRaQIdecsXdNlE=,11ZPDkSeIcemHGVZvolwV4YPh8M=
48,-8,Ogn1gwgruVdQbiRaQIdecsXdNlE=,915OPxmqTFe+p1Cpqb2WMOKfDlE=
57,-16,Ogn1gwgruVdQbiRaQIdecsXdNlE=,dP+c8+HLcTr924NFDlvPUuTfL7c=
63,-1,Ogn1gwgruVdQbiRaQIdecsXdNlE=,b4Y3klWaspzYlIHEVupxC51Gn8I=
48,-14,Ogn1gwgruVdQbiRaQIdecsXdNlE=,11ZPDkSeIcemHGVZvolwV4YPh8M=
48,-15,Ogn1gwgruVdQbiRaQIdecsXdNlE=,11ZPDkSeIcemHGVZvolwV4YPh8M=
62,-19,Ogn1gwgruVdQbiRaQIdecsXdNlE=,wI6a42bCif5xqzsBXKCD0w0S+w8=
61,-18,Ogn1gwgruVdQbiRaQIdecsXdNlE=,wI6a42bCif5xqzsBXKCD0w0S+w8=
60,-18,Ogn1gwgruVdQbiRaQIdecsXdNlE=,wI6a42bCif5xqzsBXKCD0w0S+w8=
62,-21,Ogn1gwgruVdQbiRaQIdecsXdNlE=,wI6a42bCif5xqzsBXKCD0w0S+w8=
57,-21,Ogn1gwgruVdQbiRaQIdecsXdNlE=,wI6a42bCif5xqzsBXKCD0w0S+w8=
60,-25,Ogn1gwgruVdQbiRaQIdecsXdNlE=,HwQTDg8bqV3CpG2cglR1czKgXdA=
62,-20,OtF+R5aWGdlZuKOaa9PZzj6xJr4=,wI6a42bCif5xqzsBXKCD0w0S+w8=
61,-25,OtF+R5aWGdlZuKOaa9PZzj6xJr4=,HwQTDg8bqV3CpG2cglR1czKgXdA=
62,-25,OtF+R5aWGdlZuKOaa9PZzj6xJr4=,HwQTDg8bqV3CpG2cglR1czKgXdA=
61,-20,OtF+R5aWGdlZuKOaa9PZzj6xJr4=,wI6a42bCif5xqzsBXKCD0w0S+w8=
60,-20,OtF+R5aWGdlZuKOaa9PZzj6xJr4=,wI6a42bCif5xqzsBXKCD0w0S+w8=
60,-24,OtF+R5aWGdlZuKOaa9PZzj6xJr4=,wI6a42bCif5xqzsBXKCD0w0S+w8=
52,-27,OtF+R5aWGdlZuKOaa9PZzj6xJr4=,b0t7jt5AYXlZ1wn8JgZE4Tqi0d0=
59,-25,OtF+R5aWGdlZuKOaa9PZzj6xJr4=,HwQTDg8bqV3CpG2cglR1czKgXdA=
58,-20,OtF+R5aWGdlZuKOaa9PZzj6xJr4=,wI6a42bCif5xqzsBXKCD0w0S+w8=
59,-20,OtF+R5aWGdlZuKOaa9PZzj6xJr4=,wI6a42bCif5xqzsBXKCD0w0S+w8=
51,-27,OtF+R5aWGdlZuKOaa9PZzj6xJr4=,b0t7jt5AYXlZ1wn8JgZE4Tqi0d0=
50,-27,OtF+R5aWGdlZuKOaa9PZzj6xJr4=,b0t7jt5AYXlZ1wn8JgZE4Tqi0d0=
57,-20,OtF+R5aWGdlZuKOaa9PZzj6xJr4=,wI6a42bCif5xqzsBXKCD0w0S+w8=
58,-25,OtF+R5aWGdlZuKOaa9PZzj6xJr4=,HwQTDg8bqV3CpG2cglR1czKgXdA=
61,-21,OtF+R5aWGdlZuKOaa9PZzj6xJr4=,wI6a42bCif5xqzsBXKCD0w0S+w8=
57,-31,OtF+R5aWGdlZuKOaa9PZzj6xJr4=,HwQTDg8bqV3CpG2cglR1czKgXdA=
55,-28,OtF+R5aWGdlZuKOaa9PZzj6xJr4=,b0t7jt5AYXlZ1wn8JgZE4Tqi0d0=
56,-26,OtF+R5aWGdlZuKOaa9PZzj6xJr4=,HwQTDg8bqV3CpG2cglR1czKgXdA=
54,-28,OtF+R5aWGdlZuKOaa9PZzj6xJr4=,b0t7jt5AYXlZ1wn8JgZE4Tqi0d0=
53,-27,OtF+R5aWGdlZuKOaa9PZzj6xJr4=,b0t7jt5AYXlZ1wn8JgZE4Tqi0d0=
52,-28,OtF+R5aWGdlZuKOaa9PZzj6xJr4=,b0t7jt5AYXlZ1wn8JgZE4Tqi0d0=
57,-25,OtF+R5aWGdlZuKOaa9PZzj6xJr4=,HwQTDg8bqV3CpG2cglR1czKgXdA=
51,-28,OtF+R5aWGdlZuKOaa9PZzj6xJr4=,b0t7jt5AYXlZ1wn8JgZE4Tqi0d0=
53,-28,OtF+R5aWGdlZuKOaa9PZzj6xJr4=,b0t7jt5AYXlZ1wn8JgZE4Tqi0d0=
49,-28,OtF+R5aWGdlZuKOaa9PZzj6xJr4=,b0t7jt5AYXlZ1wn8JgZE4Tqi0d0=
58,-31,OtF+R5aWGdlZuKOaa9PZzj6xJr4=,HwQTDg8bqV3CpG2cglR1czKgXdA=
50,-28,OtF+R5aWGdlZuKOaa9PZzj6xJr4=,b0t7jt5AYXlZ1wn8JgZE4Tqi0d0=
49,-27,OtF+R5aWGdlZuKOaa9PZzj6xJr4=,b0t7jt5AYXlZ1wn8JgZE4Tqi0d0=
55,-29,OtF+R5aWGdlZuKOaa9PZzj6xJr4=,b0t7jt5AYXlZ1wn8JgZE4Tqi0d0=
54,-27,OtF+R5aWGdlZuKOaa9PZzj6xJr4=,b0t7jt5AYXlZ1wn8JgZE4Tqi0d0=
62,-22,OtF+R5aWGdlZuKOaa9PZzj6xJr4=,wI6a42bCif5xqzsBXKCD0w0S+w8=
50,-29,OtF+R5aWGdlZuKOaa9PZzj6xJr4=,b0t7jt5AYXlZ1wn8JgZE4Tqi0d0=
51,-29,OtF+R5aWGdlZuKOaa9PZzj6xJr4=,b0t7jt5AYXlZ1wn8JgZE4Tqi0d0=
54,-29,OtF+R5aWGdlZuKOaa9PZzj6xJr4=,b0t7jt5AYXlZ1wn8JgZE4Tqi0d0=
56,-27,OtF+R5aWGdlZuKOaa9PZzj6xJr4=,HwQTDg8bqV3CpG2cglR1czKgXdA=
52,-29,OtF+R5aWGdlZuKOaa9PZzj6xJr4=,b0t7jt5AYXlZ1wn8JgZE4Tqi0d0=
53,-29,OtF+R5aWGdlZuKOaa9PZzj6xJr4=,b0t7jt5AYXlZ1wn8JgZE4Tqi0d0=
55,-27,OtF+R5aWGdlZuKOaa9PZzj6xJr4=,b0t7jt5AYXlZ1wn8JgZE4Tqi0d0=
49,-29,OtF+R5aWGdlZuKOaa9PZzj6xJr4=,b0t7jt5AYXlZ1wn8JgZE4Tqi0d0=
58,-23,OtF+R5aWGdlZuKOaa9PZzj6xJr4=,wI6a42bCif5xqzsBXKCD0w0S+w8=
55,-30,OtF+R5aWGdlZuKOaa9PZzj6xJr4=,b0t7jt5AYXlZ1wn8JgZE4Tqi0d0=
54,-30,OtF+R5aWGdlZuKOaa9PZzj6xJr4=,b0t7jt5AYXlZ1wn8JgZE4Tqi0d0=
59,-23,OtF+R5aWGdlZuKOaa9PZzj6xJr4=,wI6a42bCif5xqzsBXKCD0w0S+w8=
53,-30,OtF+R5aWGdlZuKOaa9PZzj6xJr4=,b0t7jt5AYXlZ1wn8JgZE4Tqi0d0=
57,-23,OtF+R5aWGdlZuKOaa9PZzj6xJr4=,wI6a42bCif5xqzsBXKCD0w0S+w8=
59,-31,OtF+R5aWGdlZuKOaa9PZzj6xJr4=,HwQTDg8bqV3CpG2cglR1czKgXdA=
60,-21,OtF+R5aWGdlZuKOaa9PZzj6xJr4=,wI6a42bCif5xqzsBXKCD0w0S+w8=
61,-19,OtF+R5aWGdlZuKOaa9PZzj6xJr4=,wI6a42bCif5xqzsBXKCD0w0S+w8=
52,-30,OtF+R5aWGdlZuKOaa9PZzj6xJr4=,b0t7jt5AYXlZ1wn8JgZE4Tqi0d0=
59,-18,OtF+R5aWGdlZuKOaa9PZzj6xJr4=,wI6a42bCif5xqzsBXKCD0w0S+w8=
49,-26,OtF+R5aWGdlZuKOaa9PZzj6xJr4=,b0t7jt5AYXlZ1wn8JgZE4Tqi0d0=
51,-30,OtF+R5aWGdlZuKOaa9PZzj6xJr4=,b0t7jt5AYXlZ1wn8JgZE4Tqi0d0=
50,-30,OtF+R5aWGdlZuKOaa9PZzj6xJr4=,b0t7jt5AYXlZ1wn8JgZE4Tqi0d0=
60,-19,OtF+R5aWGdlZuKOaa9PZzj6xJr4=,wI6a42bCif5xqzsBXKCD0w0S+w8=
62,-26,OtF+R5aWGdlZuKOaa9PZzj6xJr4=,HwQTDg8bqV3CpG2cglR1czKgXdA=
59,-19,OtF+R5aWGdlZuKOaa9PZzj6xJr4=,wI6a42bCif5xqzsBXKCD0w0S+w8=
58,-19,OtF+R5aWGdlZuKOaa9PZzj6xJr4=,wI6a42bCif5xqzsBXKCD0w0S+w8=
56,-28,OtF+R5aWGdlZuKOaa9PZzj6xJr4=,HwQTDg8bqV3CpG2cglR1czKgXdA=
59,-21,OtF+R5aWGdlZuKOaa9PZzj6xJr4=,wI6a42bCif5xqzsBXKCD0w0S+w8=
57,-19,OtF+R5aWGdlZuKOaa9PZzj6xJr4=,wI6a42bCif5xqzsBXKCD0w0S+w8=
61,-26,OtF+R5aWGdlZuKOaa9PZzj6xJr4=,HwQTDg8bqV3CpG2cglR1czKgXdA=
58,-18,OtF+R5aWGdlZuKOaa9PZzj6xJr4=,wI6a42bCif5xqzsBXKCD0w0S+w8=
61,-22,OtF+R5aWGdlZuKOaa9PZzj6xJr4=,wI6a42bCif5xqzsBXKCD0w0S+w8=
50,-26,OtF+R5aWGdlZuKOaa9PZzj6xJr4=,b0t7jt5AYXlZ1wn8JgZE4Tqi0d0=
60,-31,OtF+R5aWGdlZuKOaa9PZzj6xJr4=,HwQTDg8bqV3CpG2cglR1czKgXdA=
60,-22,OtF+R5aWGdlZuKOaa9PZzj6xJr4=,wI6a42bCif5xqzsBXKCD0w0S+w8=
57,-18,OtF+R5aWGdlZuKOaa9PZzj6xJr4=,wI6a42bCif5xqzsBXKCD0w0S+w8=
54,-31,OtF+R5aWGdlZuKOaa9PZzj6xJr4=,b0t7jt5AYXlZ1wn8JgZE4Tqi0d0=
49,-30,OtF+R5aWGdlZuKOaa9PZzj6xJr4=,b0t7jt5AYXlZ1wn8JgZE4Tqi0d0=
55,-31,OtF+R5aWGdlZuKOaa9PZzj6xJr4=,b0t7jt5AYXlZ1wn8JgZE4Tqi0d0=
53,-31,OtF+R5aWGdlZuKOaa9PZzj6xJr4=,b0t7jt5AYXlZ1wn8JgZE4Tqi0d0=
52,-31,OtF+R5aWGdlZuKOaa9PZzj6xJr4=,b0t7jt5AYXlZ1wn8JgZE4Tqi0d0=
51,-26,OtF+R5aWGdlZuKOaa9PZzj6xJr4=,b0t7jt5AYXlZ1wn8JgZE4Tqi0d0=
59,-22,OtF+R5aWGdlZuKOaa9PZzj6xJr4=,wI6a42bCif5xqzsBXKCD0w0S+w8=
51,-31,OtF+R5aWGdlZuKOaa9PZzj6xJr4=,b0t7jt5AYXlZ1wn8JgZE4Tqi0d0=
56,-29,OtF+R5aWGdlZuKOaa9PZzj6xJr4=,HwQTDg8bqV3CpG2cglR1czKgXdA=
50,-31,OtF+R5aWGdlZuKOaa9PZzj6xJr4=,b0t7jt5AYXlZ1wn8JgZE4Tqi0d0=
61,-31,OtF+R5aWGdlZuKOaa9PZzj6xJr4=,HwQTDg8bqV3CpG2cglR1czKgXdA=
56,-30,OtF+R5aWGdlZuKOaa9PZzj6xJr4=,HwQTDg8bqV3CpG2cglR1czKgXdA=
49,-31,OtF+R5aWGdlZuKOaa9PZzj6xJr4=,b0t7jt5AYXlZ1wn8JgZE4Tqi0d0=
56,-31,OtF+R5aWGdlZuKOaa9PZzj6xJr4=,HwQTDg8bqV3CpG2cglR1czKgXdA=
60,-26,OtF+R5aWGdlZuKOaa9PZzj6xJr4=,HwQTDg8bqV3CpG2cglR1czKgXdA=
52,-21,OtF+R5aWGdlZuKOaa9PZzj6xJr4=,y5lIUcIGVJvBK4ojJdd+tMSHFO8=
57,-22,OtF+R5aWGdlZuKOaa9PZzj6xJr4=,wI6a42bCif5xqzsBXKCD0w0S+w8=
55,-26,OtF+R5aWGdlZuKOaa9PZzj6xJr4=,b0t7jt5AYXlZ1wn8JgZE4Tqi0d0=
62,-31,OtF+R5aWGdlZuKOaa9PZzj6xJr4=,HwQTDg8bqV3CpG2cglR1czKgXdA=
58,-21,OtF+R5aWGdlZuKOaa9PZzj6xJr4=,wI6a42bCif5xqzsBXKCD0w0S+w8=
54,-26,OtF+R5aWGdlZuKOaa9PZzj6xJr4=,b0t7jt5AYXlZ1wn8JgZE4Tqi0d0=
59,-26,OtF+R5aWGdlZuKOaa9PZzj6xJr4=,HwQTDg8bqV3CpG2cglR1czKgXdA=
62,-18,OtF+R5aWGdlZuKOaa9PZzj6xJr4=,wI6a42bCif5xqzsBXKCD0w0S+w8=
52,-26,OtF+R5aWGdlZuKOaa9PZzj6xJr4=,b0t7jt5AYXlZ1wn8JgZE4Tqi0d0=
57,-30,OtF+R5aWGdlZuKOaa9PZzj6xJr4=,HwQTDg8bqV3CpG2cglR1czKgXdA=
51,-21,OtF+R5aWGdlZuKOaa9PZzj6xJr4=,y5lIUcIGVJvBK4ojJdd+tMSHFO8=
62,-23,OtF+R5aWGdlZuKOaa9PZzj6xJr4=,wI6a42bCif5xqzsBXKCD0w0S+w8=
61,-23,OtF+R5aWGdlZuKOaa9PZzj6xJr4=,wI6a42bCif5xqzsBXKCD0w0S+w8=
60,-23,OtF+R5aWGdlZuKOaa9PZzj6xJr4=,wI6a42bCif5xqzsBXKCD0w0S+w8=
49,-21,OtF+R5aWGdlZuKOaa9PZzj6xJr4=,y5lIUcIGVJvBK4ojJdd+tMSHFO8=
56,-25,OtF+R5aWGdlZuKOaa9PZzj6xJr4=,HwQTDg8bqV3CpG2cglR1czKgXdA=
55,-22,OtF+R5aWGdlZuKOaa9PZzj6xJr4=,y5lIUcIGVJvBK4ojJdd+tMSHFO8=
50,-21,OtF+R5aWGdlZuKOaa9PZzj6xJr4=,y5lIUcIGVJvBK4ojJdd+tMSHFO8=
63,-19,OtF+R5aWGdlZuKOaa9PZzj6xJr4=,wI6a42bCif5xqzsBXKCD0w0S+w8=
58,-30,OtF+R5aWGdlZuKOaa9PZzj6xJr4=,HwQTDg8bqV3CpG2cglR1czKgXdA=
63,-23,OtF+R5aWGdlZuKOaa9PZzj6xJr4=,wI6a42bCif5xqzsBXKCD0w0S+w8=
54,-22,OtF+R5aWGdlZuKOaa9PZzj6xJr4=,y5lIUcIGVJvBK4ojJdd+tMSHFO8=
53,-26,OtF+R5aWGdlZuKOaa9PZzj6xJr4=,b0t7jt5AYXlZ1wn8JgZE4Tqi0d0=
59,-30,OtF+R5aWGdlZuKOaa9PZzj6xJr4=,HwQTDg8bqV3CpG2cglR1czKgXdA=
51,-22,OtF+R5aWGdlZuKOaa9PZzj6xJr4=,y5lIUcIGVJvBK4ojJdd+tMSHFO8=
63,-25,OtF+R5aWGdlZuKOaa9PZzj6xJr4=,HwQTDg8bqV3CpG2cglR1czKgXdA=
53,-22,OtF+R5aWGdlZuKOaa9PZzj6xJr4=,y5lIUcIGVJvBK4ojJdd+tMSHFO8=
63,-18,OtF+R5aWGdlZuKOaa9PZzj6xJr4=,wI6a42bCif5xqzsBXKCD0w0S+w8=
50,-22,OtF+R5aWGdlZuKOaa9PZzj6xJr4=,y5lIUcIGVJvBK4ojJdd+tMSHFO8=
58,-22,OtF+R5aWGdlZuKOaa9PZzj6xJr4=,wI6a42bCif5xqzsBXKCD0w0S+w8=
63,-26,OtF+R5aWGdlZuKOaa9PZzj6xJr4=,HwQTDg8bqV3CpG2cglR1czKgXdA=
60,-30,OtF+R5aWGdlZuKOaa9PZzj6xJr4=,HwQTDg8bqV3CpG2cglR1czKgXdA=
63,-27,OtF+R5aWGdlZuKOaa9PZzj6xJr4=,HwQTDg8bqV3CpG2cglR1czKgXdA=
63,-21,OtF+R5aWGdlZuKOaa9PZzj6xJr4=,wI6a42bCif5xqzsBXKCD0w0S+w8=
63,-28,OtF+R5aWGdlZuKOaa9PZzj6xJr4=,HwQTDg8bqV3CpG2cglR1czKgXdA=
63,-22,OtF+R5aWGdlZuKOaa9PZzj6xJr4=,wI6a42bCif5xqzsBXKCD0w0S+w8=
63,-31,OtF+R5aWGdlZuKOaa9PZzj6xJr4=,HwQTDg8bqV3CpG2cglR1czKgXdA=
49,-22,OtF+R5aWGdlZuKOaa9PZzj6xJr4=,y5lIUcIGVJvBK4ojJdd+tMSHFO8=
63,-29,OtF+R5aWGdlZuKOaa9PZzj6xJr4=,HwQTDg8bqV3CpG2cglR1czKgXdA=
56,-21,OtF+R5aWGdlZuKOaa9PZzj6xJr4=,wI6a42bCif5xqzsBXKCD0w0S+w8=
61,-30,OtF+R5aWGdlZuKOaa9PZzj6xJr4=,HwQTDg8bqV3CpG2cglR1czKgXdA=
58,-26,OtF+R5aWGdlZuKOaa9PZzj6xJr4=,HwQTDg8bqV3CpG2cglR1czKgXdA=
57,-26,OtF+R5aWGdlZuKOaa9PZzj6xJr4=,HwQTDg8bqV3CpG2cglR1czKgXdA=
63,-20,OtF+R5aWGdlZuKOaa9PZzj6xJr4=,wI6a42bCif5xqzsBXKCD0w0S+w8=
52,-22,OtF+R5aWGdlZuKOaa9PZzj6xJr4=,y5lIUcIGVJvBK4ojJdd+tMSHFO8=
63,-30,OtF+R5aWGdlZuKOaa9PZzj6xJr4=,HwQTDg8bqV3CpG2cglR1czKgXdA=
53,-21,OtF+R5aWGdlZuKOaa9PZzj6xJr4=,y5lIUcIGVJvBK4ojJdd+tMSHFO8=
63,-24,OtF+R5aWGdlZuKOaa9PZzj6xJr4=,wI6a42bCif5xqzsBXKCD0w0S+w8=
62,-30,OtF+R5aWGdlZuKOaa9PZzj6xJr4=,HwQTDg8bqV3CpG2cglR1czKgXdA=
56,-24,OtF+R5aWGdlZuKOaa9PZzj6xJr4=,wI6a42bCif5xqzsBXKCD0w0S+w8=
58,-29,OtF+R5aWGdlZuKOaa9PZzj6xJr4=,HwQTDg8bqV3CpG2cglR1czKgXdA=
55,-23,OtF+R5aWGdlZuKOaa9PZzj6xJr4=,y5lIUcIGVJvBK4ojJdd+tMSHFO8=
62,-27,OtF+R5aWGdlZuKOaa9PZzj6xJr4=,HwQTDg8bqV3CpG2cglR1czKgXdA=
54,-18,OtF+R5aWGdlZuKOaa9PZzj6xJr4=,y5lIUcIGVJvBK4ojJdd+tMSHFO8=
57,-32,OtF+R5aWGdlZuKOaa9PZzj6xJr4=,HwQTDg8bqV3CpG2cglR1czKgXdA=
53,-18,OtF+R5aWGdlZuKOaa9PZzj6xJr4=,y5lIUcIGVJvBK4ojJdd+tMSHFO8=
57,-29,OtF+R5aWGdlZuKOaa9PZzj6xJr4=,HwQTDg8bqV3CpG2cglR1czKgXdA=
54,-23,OtF+R5aWGdlZuKOaa9PZzj6xJr4=,y5lIUcIGVJvBK4ojJdd+tMSHFO8=
52,-18,OtF+R5aWGdlZuKOaa9PZzj6xJr4=,y5lIUcIGVJvBK4ojJdd+tMSHFO8=
55,-18,OtF+R5aWGdlZuKOaa9PZzj6xJr4=,y5lIUcIGVJvBK4ojJdd+tMSHFO8=
59,-29,OtF+R5aWGdlZuKOaa9PZzj6xJr4=,HwQTDg8bqV3CpG2cglR1czKgXdA=
54,-21,OtF+R5aWGdlZuKOaa9PZzj6xJr4=,y5lIUcIGVJvBK4ojJdd+tMSHFO8=
60,-27,OtF+R5aWGdlZuKOaa9PZzj6xJr4=,HwQTDg8bqV3CpG2cglR1czKgXdA=
53,-23,OtF+R5aWGdlZuKOaa9PZzj6xJr4=,y5lIUcIGVJvBK4ojJdd+tMSHFO8=
58,-24,OtF+R5aWGdlZuKOaa9PZzj6xJr4=,wI6a42bCif5xqzsBXKCD0w0S+w8=
61,-27,OtF+R5aWGdlZuKOaa9PZzj6xJr4=,HwQTDg8bqV3CpG2cglR1czKgXdA=
59,-27,OtF+R5aWGdlZuKOaa9PZzj6xJr4=,HwQTDg8bqV3CpG2cglR1czKgXdA=
58,-32,OtF+R5aWGdlZuKOaa9PZzj6xJr4=,HwQTDg8bqV3CpG2cglR1czKgXdA=
57,-24,OtF+R5aWGdlZuKOaa9PZzj6xJr4=,wI6a42bCif5xqzsBXKCD0w0S+w8=
49,-32,OtF+R5aWGdlZuKOaa9PZzj6xJr4=,b0t7jt5AYXlZ1wn8JgZE4Tqi0d0=
52,-23,OtF+R5aWGdlZuKOaa9PZzj6xJr4=,y5lIUcIGVJvBK4ojJdd+tMSHFO8=
62,-32,OtF+R5aWGdlZuKOaa9PZzj6xJr4=,HwQTDg8bqV3CpG2cglR1czKgXdA=
54,-32,OtF+R5aWGdlZuKOaa9PZzj6xJr4=,b0t7jt5AYXlZ1wn8JgZE4Tqi0d0=
55,-32,OtF+R5aWGdlZuKOaa9PZzj6xJr4=,b0t7jt5AYXlZ1wn8JgZE4Tqi0d0=
59,-32,OtF+R5aWGdlZuKOaa9PZzj6xJr4=,HwQTDg8bqV3CpG2cglR1czKgXdA=
58,-27,OtF+R5aWGdlZuKOaa9PZzj6xJr4=,HwQTDg8bqV3CpG2cglR1czKgXdA=
51,-23,OtF+R5aWGdlZuKOaa9PZzj6xJr4=,y5lIUcIGVJvBK4ojJdd+tMSHFO8=
57,-27,OtF+R5aWGdlZuKOaa9PZzj6xJr4=,HwQTDg8bqV3CpG2cglR1czKgXdA=
51,-18,OtF+R5aWGdlZuKOaa9PZzj6xJr4=,y5lIUcIGVJvBK4ojJdd+tMSHFO8=
56,-22,OtF+R5aWGdlZuKOaa9PZzj6xJr4=,wI6a42bCif5xqzsBXKCD0w0S+w8=
61,-28,OtF+R5aWGdlZuKOaa9PZzj6xJr4=,HwQTDg8bqV3CpG2cglR1czKgXdA=
61,-24,OtF+R5aWGdlZuKOaa9PZzj6xJr4=,wI6a42bCif5xqzsBXKCD0w0S+w8=
56,-32,OtF+R5aWGdlZuKOaa9PZzj6xJr4=,HwQTDg8bqV3CpG2cglR1czKgXdA=
59,-28,OtF+R5aWGdlZuKOaa9PZzj6xJr4=,HwQTDg8bqV3CpG2cglR1czKgXdA=
60,-32,OtF+R5aWGdlZuKOaa9PZzj6xJr4=,HwQTDg8bqV3CpG2cglR1czKgXdA=
50,-18,OtF+R5aWGdlZuKOaa9PZzj6xJr4=,y5lIUcIGVJvBK4ojJdd+tMSHFO8=
60,-28,OtF+R5aWGdlZuKOaa9PZzj6xJr4=,HwQTDg8bqV3CpG2cglR1czKgXdA=
58,-28,OtF+R5aWGdlZuKOaa9PZzj6xJr4=,HwQTDg8bqV3CpG2cglR1czKgXdA=
62,-24,OtF+R5aWGdlZuKOaa9PZzj6xJr4=,wI6a42bCif5xqzsBXKCD0w0S+w8=
61,-32,OtF+R5aWGdlZuKOaa9PZzj6xJr4=,HwQTDg8bqV3CpG2cglR1czKgXdA=
53,-32,OtF+R5aWGdlZuKOaa9PZzj6xJr4=,b0t7jt5AYXlZ1wn8JgZE4Tqi0d0=
56,-18,OtF+R5aWGdlZuKOaa9PZzj6xJr4=,wI6a42bCif5xqzsBXKCD0w0S+w8=
57,-28,OtF+R5aWGdlZuKOaa9PZzj6xJr4=,HwQTDg8bqV3CpG2cglR1czKgXdA=
52,-32,OtF+R5aWGdlZuKOaa9PZzj6xJr4=,b0t7jt5AYXlZ1wn8JgZE4Tqi0d0=
51,-32,OtF+R5aWGdlZuKOaa9PZzj6xJr4=,b0t7jt5AYXlZ1wn8JgZE4Tqi0d0=
60,-29,OtF+R5aWGdlZuKOaa9PZzj6xJr4=,HwQTDg8bqV3CpG2cglR1czKgXdA=
49,-25,OtF+R5aWGdlZuKOaa9PZzj6xJr4=,b0t7jt5AYXlZ1wn8JgZE4Tqi0d0=
62,-28,OtF+R5aWGdlZuKOaa9PZzj6xJr4=,HwQTDg8bqV3CpG2cglR1czKgXdA=
50,-32,OtF+R5aWGdlZuKOaa9PZzj6xJr4=,b0t7jt5AYXlZ1wn8JgZE4Tqi0d0=
55,-21,OtF+R5aWGdlZuKOaa9PZzj6xJr4=,y5lIUcIGVJvBK4ojJdd+tMSHFO8=
61,-29,OtF+R5aWGdlZuKOaa9PZzj6xJr4=,HwQTDg8bqV3CpG2cglR1czKgXdA=
62,-29,OtF+R5aWGdlZuKOaa9PZzj6xJr4=,HwQTDg8bqV3CpG2cglR1czKgXdA=
49,-18,OtF+R5aWGdlZuKOaa9PZzj6xJr4=,y5lIUcIGVJvBK4ojJdd+tMSHFO8=
54,-19,OtF+R5aWGdlZuKOaa9PZzj6xJr4=,y5lIUcIGVJvBK4ojJdd+tMSHFO8=
48,-28,OtF+R5aWGdlZuKOaa9PZzj6xJr4=,b0t7jt5AYXlZ1wn8JgZE4Tqi0d0=
55,-19,OtF+R5aWGdlZuKOaa9PZzj6xJr4=,y5lIUcIGVJvBK4ojJdd+tMSHFO8=
48,-26,OtF+R5aWGdlZuKOaa9PZzj6xJr4=,b0t7jt5AYXlZ1wn8JgZE4Tqi0d0=
48,-27,OtF+R5aWGdlZuKOaa9PZzj6xJr4=,b0t7jt5AYXlZ1wn8JgZE4Tqi0d0=
50,-23,OtF+R5aWGdlZuKOaa9PZzj6xJr4=,y5lIUcIGVJvBK4ojJdd+tMSHFO8=
48,-25,OtF+R5aWGdlZuKOaa9PZzj6xJr4=,b0t7jt5AYXlZ1wn8JgZE4Tqi0d0=
59,-24,OtF+R5aWGdlZuKOaa9PZzj6xJr4=,wI6a42bCif5xqzsBXKCD0w0S+w8=
50,-25,OtF+R5aWGdlZuKOaa9PZzj6xJr4=,b0t7jt5AYXlZ1wn8JgZE4Tqi0d0=
48,-21,OtF+R5aWGdlZuKOaa9PZzj6xJr4=,y5lIUcIGVJvBK4ojJdd+tMSHFO8=
48,-18,OtF+R5aWGdlZuKOaa9PZzj6xJr4=,y5lIUcIGVJvBK4ojJdd+tMSHFO8=
48,-23,OtF+R5aWGdlZuKOaa9PZzj6xJr4=,y5lIUcIGVJvBK4ojJdd+tMSHFO8=
48,-22,OtF+R5aWGdlZuKOaa9PZzj6xJr4=,y5lIUcIGVJvBK4ojJdd+tMSHFO8=
51,-25,OtF+R5aWGdlZuKOaa9PZzj6xJr4=,b0t7jt5AYXlZ1wn8JgZE4Tqi0d0=
53,-19,OtF+R5aWGdlZuKOaa9PZzj6xJr4=,y5lIUcIGVJvBK4ojJdd+tMSHFO8=
48,-20,OtF+R5aWGdlZuKOaa9PZzj6xJr4=,y5lIUcIGVJvBK4ojJdd+tMSHFO8=
48,-19,OtF+R5aWGdlZuKOaa9PZzj6xJr4=,y5lIUcIGVJvBK4ojJdd+tMSHFO8=
48,-30,OtF+R5aWGdlZuKOaa9PZzj6xJr4=,b0t7jt5AYXlZ1wn8JgZE4Tqi0d0=
48,-29,OtF+R5aWGdlZuKOaa9PZzj6xJr4=,b0t7jt5AYXlZ1wn8JgZE4Tqi0d0=
52,-19,OtF+R5aWGdlZuKOaa9PZzj6xJr4=,y5lIUcIGVJvBK4ojJdd+tMSHFO8=
48,-24,OtF+R5aWGdlZuKOaa9PZzj6xJr4=,y5lIUcIGVJvBK4ojJdd+tMSHFO8=
52,-25,OtF+R5aWGdlZuKOaa9PZzj6xJr4=,b0t7jt5AYXlZ1wn8JgZE4Tqi0d0=
54,-17,OtF+R5aWGdlZuKOaa9PZzj6xJr4=,y5lIUcIGVJvBK4ojJdd+tMSHFO8=
49,-17,OtF+R5aWGdlZuKOaa9PZzj6xJr4=,y5lIUcIGVJvBK4ojJdd+tMSHFO8=
48,-17,OtF+R5aWGdlZuKOaa9PZzj6xJr4=,y5lIUcIGVJvBK4ojJdd+tMSHFO8=
51,-17,OtF+R5aWGdlZuKOaa9PZzj6xJr4=,y5lIUcIGVJvBK4ojJdd+tMSHFO8=
53,-17,OtF+R5aWGdlZuKOaa9PZzj6xJr4=,y5lIUcIGVJvBK4ojJdd+tMSHFO8=
53,-25,OtF+R5aWGdlZuKOaa9PZzj6xJr4=,b0t7jt5AYXlZ1wn8JgZE4Tqi0d0=
50,-17,OtF+R5aWGdlZuKOaa9PZzj6xJr4=,y5lIUcIGVJvBK4ojJdd+tMSHFO8=
52,-17,OtF+R5aWGdlZuKOaa9PZzj6xJr4=,y5lIUcIGVJvBK4ojJdd+tMSHFO8=
63,-32,OtF+R5aWGdlZuKOaa9PZzj6xJr4=,HwQTDg8bqV3CpG2cglR1czKgXdA=
51,-19,OtF+R5aWGdlZuKOaa9PZzj6xJr4=,y5lIUcIGVJvBK4ojJdd+tMSHFO8=
56,-23,OtF+R5aWGdlZuKOaa9PZzj6xJr4=,wI6a42bCif5xqzsBXKCD0w0S+w8=
55,-20,OtF+R5aWGdlZuKOaa9PZzj6xJr4=,y5lIUcIGVJvBK4ojJdd+tMSHFO8=
49,-19,OtF+R5aWGdlZuKOaa9PZzj6xJr4=,y5lIUcIGVJvBK4ojJdd+tMSHFO8=
54,-20,OtF+R5aWGdlZuKOaa9PZzj6xJr4=,y5lIUcIGVJvBK4ojJdd+tMSHFO8=
50,-19,OtF+R5aWGdlZuKOaa9PZzj6xJr4=,y5lIUcIGVJvBK4ojJdd+tMSHFO8=
54,-25,OtF+R5aWGdlZuKOaa9PZzj6xJr4=,b0t7jt5AYXlZ1wn8JgZE4Tqi0d0=
53,-20,OtF+R5aWGdlZuKOaa9PZzj6xJr4=,y5lIUcIGVJvBK4ojJdd+tMSHFO8=
48,-31,OtF+R5aWGdlZuKOaa9PZzj6xJr4=,b0t7jt5AYXlZ1wn8JgZE4Tqi0d0=
55,-24,OtF+R5aWGdlZuKOaa9PZzj6xJr4=,y5lIUcIGVJvBK4ojJdd+tMSHFO8=
55,-17,OtF+R5aWGdlZuKOaa9PZzj6xJr4=,y5lIUcIGVJvBK4ojJdd+tMSHFO8=
60,-17,OtF+R5aWGdlZuKOaa9PZzj6xJr4=,wI6a42bCif5xqzsBXKCD0w0S+w8=
56,-19,OtF+R5aWGdlZuKOaa9PZzj6xJr4=,wI6a42bCif5xqzsBXKCD0w0S+w8=
48,-32,OtF+R5aWGdlZuKOaa9PZzj6xJr4=,b0t7jt5AYXlZ1wn8JgZE4Tqi0d0=
56,-20,OtF+R5aWGdlZuKOaa9PZzj6xJr4=,wI6a42bCif5xqzsBXKCD0w0S+w8=
58,-17,OtF+R5aWGdlZuKOaa9PZzj6xJr4=,wI6a42bCif5xqzsBXKCD0w0S+w8=
56,-17,OtF+R5aWGdlZuKOaa9PZzj6xJr4=,wI6a42bCif5xqzsBXKCD0w0S+w8=
59,-17,OtF+R5aWGdlZuKOaa9PZzj6xJr4=,wI6a42bCif5xqzsBXKCD0w0S+w8=
55,-25,OtF+R5aWGdlZuKOaa9PZzj6xJr4=,b0t7jt5AYXlZ1wn8JgZE4Tqi0d0=
52,-20,OtF+R5aWGdlZuKOaa9PZzj6xJr4=,y5lIUcIGVJvBK4ojJdd+tMSHFO8=
54,-24,OtF+R5aWGdlZuKOaa9PZzj6xJr4=,y5lIUcIGVJvBK4ojJdd+tMSHFO8=
57,-17,OtF+R5aWGdlZuKOaa9PZzj6xJr4=,wI6a42bCif5xqzsBXKCD0w0S+w8=
63,-17,OtF+R5aWGdlZuKOaa9PZzj6xJr4=,wI6a42bCif5xqzsBXKCD0w0S+w8=
49,-23,OtF+R5aWGdlZuKOaa9PZzj6xJr4=,y5lIUcIGVJvBK4ojJdd+tMSHFO8=
52,-24,OtF+R5aWGdlZuKOaa9PZzj6xJr4=,y5lIUcIGVJvBK4ojJdd+tMSHFO8=
62,-17,OtF+R5aWGdlZuKOaa9PZzj6xJr4=,wI6a42bCif5xqzsBXKCD0w0S+w8=
61,-17,OtF+R5aWGdlZuKOaa9PZzj6xJr4=,wI6a42bCif5xqzsBXKCD0w0S+w8=
53,-24,OtF+R5aWGdlZuKOaa9PZzj6xJr4=,y5lIUcIGVJvBK4ojJdd+tMSHFO8=
51,-20,OtF+R5aWGdlZuKOaa9PZzj6xJr4=,y5lIUcIGVJvBK4ojJdd+tMSHFO8=
49,-20,OtF+R5aWGdlZuKOaa9PZzj6xJr4=,y5lIUcIGVJvBK4ojJdd+tMSHFO8=
51,-24,OtF+R5aWGdlZuKOaa9PZzj6xJr4=,y5lIUcIGVJvBK4ojJdd+tMSHFO8=
50,-20,OtF+R5aWGdlZuKOaa9PZzj6xJr4=,y5lIUcIGVJvBK4ojJdd+tMSHFO8=
50,-24,OtF+R5aWGdlZuKOaa9PZzj6xJr4=,y5lIUcIGVJvBK4ojJdd+tMSHFO8=
49,-24,OtF+R5aWGdlZuKOaa9PZzj6xJr4=,y5lIUcIGVJvBK4ojJdd+tMSHFO8=
36,-27,u+lhIVmEv2XPLyHwTycF1rCmzXQ=,LZvM3Orjw+gixvI1dAp/wQI1Pf0=
36,-21,u+lhIVmEv2XPLyHwTycF1rCmzXQ=,436GY+n4M+wBk4KSWrAvymRIXC4=
37,-27,9OqXn7Vsj6w5m3pxWOPM+/HRCAo=,LZvM3Orjw+gixvI1dAp/wQI1Pf0=
38,-27,9OqXn7Vsj6w5m3pxWOPM+/HRCAo=,LZvM3Orjw+gixvI1dAp/wQI1Pf0=
46,-19,9OqXn7Vsj6w5m3pxWOPM+/HRCAo=,VmcR+s6DJyn/IH3byum62Ak+MH4=
45,-18,9OqXn7Vsj6w5m3pxWOPM+/HRCAo=,VmcR+s6DJyn/IH3byum62Ak+MH4=
33,-26,9OqXn7Vsj6w5m3pxWOPM+/HRCAo=,LZvM3Orjw+gixvI1dAp/wQI1Pf0=
42,-22,9OqXn7Vsj6w5m3pxWOPM+/HRCAo=,VmcR+s6DJyn/IH3byum62Ak+MH4=
34,-26,9OqXn7Vsj6w5m3pxWOPM+/HRCAo=,LZvM3Orjw+gixvI1dAp/wQI1Pf0=
43,-23,9OqXn7Vsj6w5m3pxWOPM+/HRCAo=,VmcR+s6DJyn/IH3byum62Ak+MH4=
35,-26,MkL3C1YRYnVbwQ+xwFsm948L72k=,LZvM3Orjw+gixvI1dAp/wQI1Pf0=
44,-18,MkL3C1YRYnVbwQ+xwFsm948L72k=,VmcR+s6DJyn/IH3byum62Ak+MH4=
44,-23,MkL3C1YRYnVbwQ+xwFsm948L72k=,VmcR+s6DJyn/IH3byum62Ak+MH4=
41,-21,MkL3C1YRYnVbwQ+xwFsm948L72k=,VmcR+s6DJyn/IH3byum62Ak+MH4=
39,-22,MkL3C1YRYnVbwQ+xwFsm948L72k=,436GY+n4M+wBk4KSWrAvymRIXC4=
36,-26,MkL3C1YRYnVbwQ+xwFsm948L72k=,LZvM3Orjw+gixvI1dAp/wQI1Pf0=
46,-21,MkL3C1YRYnVbwQ+xwFsm948L72k=,VmcR+s6DJyn/IH3byum62Ak+MH4=
46,-20,MkL3C1YRYnVbwQ+xwFsm948L72k=,VmcR+s6DJyn/IH3byum62Ak+MH4=
44,-25,MkL3C1YRYnVbwQ+xwFsm948L72k=,9VwVa1AFNkuP8etJJqqZ4yFpU+k=
35,-21,MkL3C1YRYnVbwQ+xwFsm948L72k=,436GY+n4M+wBk4KSWrAvymRIXC4=
45,-20,MkL3C1YRYnVbwQ+xwFsm948L72k=,VmcR+s6DJyn/IH3byum62Ak+MH4=
34,-21,MkL3C1YRYnVbwQ+xwFsm948L72k=,436GY+n4M+wBk4KSWrAvymRIXC4=
40,-21,MkL3C1YRYnVbwQ+xwFsm948L72k=,VmcR+s6DJyn/IH3byum62Ak+MH4=
42,-21,MkL3C1YRYnVbwQ+xwFsm948L72k=,VmcR+s6DJyn/IH3byum62Ak+MH4=
44,-20,MkL3C1YRYnVbwQ+xwFsm948L72k=,VmcR+s6DJyn/IH3byum62Ak+MH4=
39,-23,MkL3C1YRYnVbwQ+xwFsm948L72k=,436GY+n4M+wBk4KSWrAvymRIXC4=
37,-26,MkL3C1YRYnVbwQ+xwFsm948L72k=,LZvM3Orjw+gixvI1dAp/wQI1Pf0=
33,-21,MkL3C1YRYnVbwQ+xwFsm948L72k=,436GY+n4M+wBk4KSWrAvymRIXC4=
38,-22,MkL3C1YRYnVbwQ+xwFsm948L72k=,436GY+n4M+wBk4KSWrAvymRIXC4=
45,-25,MkL3C1YRYnVbwQ+xwFsm948L72k=,9VwVa1AFNkuP8etJJqqZ4yFpU+k=
43,-20,MkL3C1YRYnVbwQ+xwFsm948L72k=,VmcR+s6DJyn/IH3byum62Ak+MH4=
42,-20,MkL3C1YRYnVbwQ+xwFsm948L72k=,VmcR+s6DJyn/IH3byum62Ak+MH4=
41,-20,MkL3C1YRYnVbwQ+xwFsm948L72k=,VmcR+s6DJyn/IH3byum62Ak+MH4=
41,-22,MkL3C1YRYnVbwQ+xwFsm948L72k=,VmcR+s6DJyn/IH3byum62Ak+MH4=
45,-23,MkL3C1YRYnVbwQ+xwFsm948L72k=,VmcR+s6DJyn/IH3byum62Ak+MH4=
45,-21,MkL3C1YRYnVbwQ+xwFsm948L72k=,VmcR+s6DJyn/IH3byum62Ak+MH4=
38,-26,MkL3C1YRYnVbwQ+xwFsm948L72k=,LZvM3Orjw+gixvI1dAp/wQI1Pf0=
37,-22,MkL3C1YRYnVbwQ+xwFsm948L72k=,436GY+n4M+wBk4KSWrAvymRIXC4=
46,-22,MkL3C1YRYnVbwQ+xwFsm948L72k=,VmcR+s6DJyn/IH3byum62Ak+MH4=
46,-25,MkL3C1YRYnVbwQ+xwFsm948L72k=,9VwVa1AFNkuP8etJJqqZ4yFpU+k=
39,-18,MkL3C1YRYnVbwQ+xwFsm948L72k=,436GY+n4M+wBk4KSWrAvymRIXC4=
42,-23,MkL3C1YRYnVbwQ+xwFsm948L72k=,VmcR+s6DJyn/IH3byum62Ak+MH4=
36,-22,MkL3C1YRYnVbwQ+xwFsm948L72k=,436GY+n4M+wBk4KSWrAvymRIXC4=
39,-19,MkL3C1YRYnVbwQ+xwFsm948L72k=,436GY+n4M+wBk4KSWrAvymRIXC4=
41,-23,MkL3C1YRYnVbwQ+xwFsm948L72k=,VmcR+s6DJyn/IH3byum62Ak+MH4=
46,-18,MkL3C1YRYnVbwQ+xwFsm948L72k=,VmcR+s6DJyn/IH3byum62Ak+MH4=
35,-22,MkL3C1YRYnVbwQ+xwFsm948L72k=,436GY+n4M+wBk4KSWrAvymRIXC4=
33,-31,MkL3C1YRYnVbwQ+xwFsm948L72k=,LZvM3Orjw+gixvI1dAp/wQI1Pf0=
43,-18,MkL3C1YRYnVbwQ+xwFsm948L72k=,VmcR+s6DJyn/IH3byum62Ak+MH4=
43,-25,MkL3C1YRYnVbwQ+xwFsm948L72k=,9VwVa1AFNkuP8etJJqqZ4yFpU+k=
42,-18,MkL3C1YRYnVbwQ+xwFsm948L72k=,VmcR+s6DJyn/IH3byum62Ak+MH4=
40,-24,MkL3C1YRYnVbwQ+xwFsm948L72k=,VmcR+s6DJyn/IH3byum62Ak+MH4=
40,-23,MkL3C1YRYnVbwQ+xwFsm948L72k=,VmcR+s6DJyn/IH3byum62Ak+MH4=
39,-20,MkL3C1YRYnVbwQ+xwFsm948L72k=,436GY+n4M+wBk4KSWrAvymRIXC4=
44,-21,MkL3C1YRYnVbwQ+xwFsm948L72k=,VmcR+s6DJyn/IH3byum62Ak+MH4=
34,-22,MkL3C1YRYnVbwQ+xwFsm948L72k=,436GY+n4M+wBk4KSWrAvymRIXC4=
46,-23,MkL3C1YRYnVbwQ+xwFsm948L72k=,VmcR+s6DJyn/IH3byum62Ak+MH4=
34,-31,MkL3C1YRYnVbwQ+xwFsm948L72k=,LZvM3Orjw+gixvI1dAp/wQI1Pf0=
42,-25,MkL3C1YRYnVbwQ+xwFsm948L72k=,9VwVa1AFNkuP8etJJqqZ4yFpU+k=
45,-19,MkL3C1YRYnVbwQ+xwFsm948L72k=,VmcR+s6DJyn/IH3byum62Ak+MH4=
44,-19,MkL3C1YRYnVbwQ+xwFsm948L72k=,VmcR+s6DJyn/IH3byum62Ak+MH4=
39,-27,MkL3C1YRYnVbwQ+xwFsm948L72k=,LZvM3Orjw+gixvI1dAp/wQI1Pf0=
33,-22,MkL3C1YRYnVbwQ+xwFsm948L72k=,436GY+n4M+wBk4KSWrAvymRIXC4=
43,-19,MkL3C1YRYnVbwQ+xwFsm948L72k=,VmcR+s6DJyn/IH3byum62Ak+MH4=
38,-23,MkL3C1YRYnVbwQ+xwFsm948L72k=,436GY+n4M+wBk4KSWrAvymRIXC4=
42,-19,MkL3C1YRYnVbwQ+xwFsm948L72k=,VmcR+s6DJyn/IH3byum62Ak+MH4=
41,-19,MkL3C1YRYnVbwQ+xwFsm948L72k=,VmcR+s6DJyn/IH3byum62Ak+MH4=
40,-22,MkL3C1YRYnVbwQ+xwFsm948L72k=,VmcR+s6DJyn/IH3byum62Ak+MH4=
40,-19,MkL3C1YRYnVbwQ+xwFsm948L72k=,VmcR+s6DJyn/IH3byum62Ak+MH4=
35,-31,MkL3C1YRYnVbwQ+xwFsm948L72k=,LZvM3Orjw+gixvI1dAp/wQI1Pf0=
40,-20,MkL3C1YRYnVbwQ+xwFsm948L72k=,VmcR+s6DJyn/IH3byum62Ak+MH4=
38,-18,MkL3C1YRYnVbwQ+xwFsm948L72k=,436GY+n4M+wBk4KSWrAvymRIXC4=
40,-31,MkL3C1YRYnVbwQ+xwFsm948L72k=,9VwVa1AFNkuP8etJJqqZ4yFpU+k=
37,-18,MkL3C1YRYnVbwQ+xwFsm948L72k=,436GY+n4M+wBk4KSWrAvymRIXC4=
37,-23,MkL3C1YRYnVbwQ+xwFsm948L72k=,436GY+n4M+wBk4KSWrAvymRIXC4=
36,-18,MkL3C1YRYnVbwQ+xwFsm948L72k=,436GY+n4M+wBk4KSWrAvymRIXC4=
43,-22,MkL3C1YRYnVbwQ+xwFsm948L72k=,VmcR+s6DJyn/IH3byum62Ak+MH4=
41,-25,MkL3C1YRYnVbwQ+xwFsm948L72k=,9VwVa1AFNkuP8etJJqqZ4yFpU+k=
41,-18,MkL3C1YRYnVbwQ+xwFsm948L72k=,VmcR+s6DJyn/IH3byum62Ak+MH4=
39,-21,MkL3C1YRYnVbwQ+xwFsm948L72k=,436GY+n4M+wBk4KSWrAvymRIXC4=
36,-31,MkL3C1YRYnVbwQ+xwFsm948L72k=,LZvM3Orjw+gixvI1dAp/wQI1Pf0=
43,-21,MkL3C1YRYnVbwQ+xwFsm948L72k=,VmcR+s6DJyn/IH3byum62Ak+MH4=
45,-22,MkL3C1YRYnVbwQ+xwFsm948L72k=,VmcR+s6DJyn/IH3byum62Ak+MH4=
43,-24,MkL3C1YRYnVbwQ+xwFsm948L72k=,VmcR+s6DJyn/IH3byum62Ak+MH4=
35,-27,MkL3C1YRYnVbwQ+xwFsm948L72k=,LZvM3Orjw+gixvI1dAp/wQI1Pf0=
35,-18,MkL3C1YRYnVbwQ+xwFsm948L72k=,436GY+n4M+wBk4KSWrAvymRIXC4=
34,-27,MkL3C1YRYnVbwQ+xwFsm948L72k=,LZvM3Orjw+gixvI1dAp/wQI1Pf0=
37,-31,MkL3C1YRYnVbwQ+xwFsm948L72k=,LZvM3Orjw+gixvI1dAp/wQI1Pf0=
44,-22,MkL3C1YRYnVbwQ+xwFsm948L72k=,VmcR+s6DJyn/IH3byum62Ak+MH4=
40,-18,MkL3C1YRYnVbwQ+xwFsm948L72k=,VmcR+s6DJyn/IH3byum62Ak+MH4=
39,-26,MkL3C1YRYnVbwQ+xwFsm948L72k=,LZvM3Orjw+gixvI1dAp/wQI1Pf0=
38,-31,MkL3C1YRYnVbwQ+xwFsm948L72k=,LZvM3Orjw+gixvI1dAp/wQI1Pf0=
34,-18,MkL3C1YRYnVbwQ+xwFsm948L72k=,436GY+n4M+wBk4KSWrAvymRIXC4=
36,-23,MkL3C1YRYnVbwQ+xwFsm948L72k=,436GY+n4M+wBk4KSWrAvymRIXC4=
33,-27,MkL3C1YRYnVbwQ+xwFsm948L72k=,LZvM3Orjw+gixvI1dAp/wQI1Pf0=
41,-31,MkL3C1YRYnVbwQ+xwFsm948L72k=,9VwVa1AFNkuP8etJJqqZ4yFpU+k=
35,-23,MkL3C1YRYnVbwQ+xwFsm948L72k=,436GY+n4M+wBk4KSWrAvymRIXC4=
33,-18,MkL3C1YRYnVbwQ+xwFsm948L72k=,436GY+n4M+wBk4KSWrAvymRIXC4=
38,-19,MkL3C1YRYnVbwQ+xwFsm948L72k=,436GY+n4M+wBk4KSWrAvymRIXC4=
38,-28,MkL3C1YRYnVbwQ+xwFsm948L72k=,LZvM3Orjw+gixvI1dAp/wQI1Pf0=
32,-20,MkL3C1YRYnVbwQ+xwFsm948L72k=,436GY+n4M+wBk4KSWrAvymRIXC4=
33,-30,MkL3C1YRYnVbwQ+xwFsm948L72k=,LZvM3Orjw+gixvI1dAp/wQI1Pf0=
42,-31,MkL3C1YRYnVbwQ+xwFsm948L72k=,9VwVa1AFNkuP8etJJqqZ4yFpU+k=
32,-21,MkL3C1YRYnVbwQ+xwFsm948L72k=,436GY+n4M+wBk4KSWrAvymRIXC4=
32,-19,MkL3C1YRYnVbwQ+xwFsm948L72k=,436GY+n4M+wBk4KSWrAvymRIXC4=
34,-23,MkL3C1YRYnVbwQ+xwFsm948L72k=,436GY+n4M+wBk4KSWrAvymRIXC4=
32,-18,MkL3C1YRYnVbwQ+xwFsm948L72k=,436GY+n4M+wBk4KSWrAvymRIXC4=
32,-22,MkL3C1YRYnVbwQ+xwFsm948L72k=,436GY+n4M+wBk4KSWrAvymRIXC4=
32,-23,MkL3C1YRYnVbwQ+xwFsm948L72k=,436GY+n4M+wBk4KSWrAvymRIXC4=
37,-19,MkL3C1YRYnVbwQ+xwFsm948L72k=,436GY+n4M+wBk4KSWrAvymRIXC4=
43,-31,MkL3C1YRYnVbwQ+xwFsm948L72k=,9VwVa1AFNkuP8etJJqqZ4yFpU+k=
34,-30,MkL3C1YRYnVbwQ+xwFsm948L72k=,LZvM3Orjw+gixvI1dAp/wQI1Pf0=
37,-28,MkL3C1YRYnVbwQ+xwFsm948L72k=,LZvM3Orjw+gixvI1dAp/wQI1Pf0=
36,-28,MkL3C1YRYnVbwQ+xwFsm948L72k=,LZvM3Orjw+gixvI1dAp/wQI1Pf0=
34,-28,MkL3C1YRYnVbwQ+xwFsm948L72k=,LZvM3Orjw+gixvI1dAp/wQI1Pf0=
35,-30,MkL3C1YRYnVbwQ+xwFsm948L72k=,LZvM3Orjw+gixvI1dAp/wQI1Pf0=
33,-28,MkL3C1YRYnVbwQ+xwFsm948L72k=,LZvM3Orjw+gixvI1dAp/wQI1Pf0=
35,-19,MkL3C1YRYnVbwQ+xwFsm948L72k=,436GY+n4M+wBk4KSWrAvymRIXC4=
35,-28,MkL3C1YRYnVbwQ+xwFsm948L72k=,LZvM3Orjw+gixvI1dAp/wQI1Pf0=
32,-26,MkL3C1YRYnVbwQ+xwFsm948L72k=,LZvM3Orjw+gixvI1dAp/wQI1Pf0=
44,-31,MkL3C1YRYnVbwQ+xwFsm948L72k=,9VwVa1AFNkuP8etJJqqZ4yFpU+k=
34,-19,MkL3C1YRYnVbwQ+xwFsm948L72k=,436GY+n4M+wBk4KSWrAvymRIXC4=
36,-19,MkL3C1YRYnVbwQ+xwFsm948L72k=,436GY+n4M+wBk4KSWrAvymRIXC4=
33,-19,MkL3C1YRYnVbwQ+xwFsm948L72k=,436GY+n4M+wBk4KSWrAvymRIXC4=
38,-20,MkL3C1YRYnVbwQ+xwFsm948L72k=,436GY+n4M+wBk4KSWrAvymRIXC4=
38,-29,MkL3C1YRYnVbwQ+xwFsm948L72k=,LZvM3Orjw+gixvI1dAp/wQI1Pf0=
36,-30,MkL3C1YRYnVbwQ+xwFsm948L72k=,LZvM3Orjw+gixvI1dAp/wQI1Pf0=
33,-23,MkL3C1YRYnVbwQ+xwFsm948L72k=,436GY+n4M+wBk4KSWrAvymRIXC4=
37,-20,MkL3C1YRYnVbwQ+xwFsm948L72k=,436GY+n4M+wBk4KSWrAvymRIXC4=
36,-20,MkL3C1YRYnVbwQ+xwFsm948L72k=,436GY+n4M+wBk4KSWrAvymRIXC4=
45,-31,MkL3C1YRYnVbwQ+xwFsm948L72k=,9VwVa1AFNkuP8etJJqqZ4yFpU+k=
32,-25,MkL3C1YRYnVbwQ+xwFsm948L72k=,LZvM3Orjw+gixvI1dAp/wQI1Pf0=
37,-29,MkL3C1YRYnVbwQ+xwFsm948L72k=,LZvM3Orjw+gixvI1dAp/wQI1Pf0=
32,-27,MkL3C1YRYnVbwQ+xwFsm948L72k=,LZvM3Orjw+gixvI1dAp/wQI1Pf0=
32,-28,MkL3C1YRYnVbwQ+xwFsm948L72k=,LZvM3Orjw+gixvI1dAp/wQI1Pf0=
36,-29,MkL3C1YRYnVbwQ+xwFsm948L72k=,LZvM3Orjw+gixvI1dAp/wQI1Pf0=
37,-30,MkL3C1YRYnVbwQ+xwFsm948L72k=,LZvM3Orjw+gixvI1dAp/wQI1Pf0=
35,-29,MkL3C1YRYnVbwQ+xwFsm948L72k=,LZvM3Orjw+gixvI1dAp/wQI1Pf0=
35,-20,MkL3C1YRYnVbwQ+xwFsm948L72k=,436GY+n4M+wBk4KSWrAvymRIXC4=
32,-29,MkL3C1YRYnVbwQ+xwFsm948L72k=,LZvM3Orjw+gixvI1dAp/wQI1Pf0=
40,-25,MkL3C1YRYnVbwQ+xwFsm948L72k=,9VwVa1AFNkuP8etJJqqZ4yFpU+k=
39,-25,MkL3C1YRYnVbwQ+xwFsm948L72k=,LZvM3Orjw+gixvI1dAp/wQI1Pf0=
32,-24,MkL3C1YRYnVbwQ+xwFsm948L72k=,436GY+n4M+wBk4KSWrAvymRIXC4=
34,-29,MkL3C1YRYnVbwQ+xwFsm948L72k=,LZvM3Orjw+gixvI1dAp/wQI1Pf0=
33,-29,MkL3C1YRYnVbwQ+xwFsm948L72k=,LZvM3Orjw+gixvI1dAp/wQI1Pf0=
38,-24,MkL3C1YRYnVbwQ+xwFsm948L72k=,436GY+n4M+wBk4KSWrAvymRIXC4=
32,-31,MkL3C1YRYnVbwQ+xwFsm948L72k=,LZvM3Orjw+gixvI1dAp/wQI1Pf0=
38,-30,MkL3C1YRYnVbwQ+xwFsm948L72k=,LZvM3Orjw+gixvI1dAp/wQI1Pf0=
37,-24,MkL3C1YRYnVbwQ+xwFsm948L72k=,436GY+n4M+wBk4KSWrAvymRIXC4=
32,-30,MkL3C1YRYnVbwQ+xwFsm948L72k=,LZvM3Orjw+gixvI1dAp/wQI1Pf0=
40,-30,MkL3C1YRYnVbwQ+xwFsm948L72k=,9VwVa1AFNkuP8etJJqqZ4yFpU+k=
46,-31,MkL3C1YRYnVbwQ+xwFsm948L72k=,9VwVa1AFNkuP8etJJqqZ4yFpU+k=
34,-20,MkL3C1YRYnVbwQ+xwFsm948L72k=,436GY+n4M+wBk4KSWrAvymRIXC4=
36,-24,MkL3C1YRYnVbwQ+xwFsm948L72k=,436GY+n4M+wBk4KSWrAvymRIXC4=
33,-20,MkL3C1YRYnVbwQ+xwFsm948L72k=,436GY+n4M+wBk4KSWrAvymRIXC4=
35,-24,MkL3C1YRYnVbwQ+xwFsm948L72k=,436GY+n4M+wBk4KSWrAvymRIXC4=
33,-24,MkL3C1YRYnVbwQ+xwFsm948L72k=,436GY+n4M+wBk4KSWrAvymRIXC4=
37,-25,MkL3C1YRYnVbwQ+xwFsm948L72k=,LZvM3Orjw+gixvI1dAp/wQI1Pf0=
34,-24,MkL3C1YRYnVbwQ+xwFsm948L72k=,436GY+n4M+wBk4KSWrAvymRIXC4=
38,-25,MkL3C1YRYnVbwQ+xwFsm948L72k=,LZvM3Orjw+gixvI1dAp/wQI1Pf0=
41,-32,MkL3C1YRYnVbwQ+xwFsm948L72k=,9VwVa1AFNkuP8etJJqqZ4yFpU+k=
40,-32,MkL3C1YRYnVbwQ+xwFsm948L72k=,9VwVa1AFNkuP8etJJqqZ4yFpU+k=
38,-32,MkL3C1YRYnVbwQ+xwFsm948L72k=,LZvM3Orjw+gixvI1dAp/wQI1Pf0=
41,-30,MkL3C1YRYnVbwQ+xwFsm948L72k=,9VwVa1AFNkuP8etJJqqZ4yFpU+k=
44,-32,MkL3C1YRYnVbwQ+xwFsm948L72k=,9VwVa1AFNkuP8etJJqqZ4yFpU+k=
45,-32,MkL3C1YRYnVbwQ+xwFsm948L72k=,9VwVa1AFNkuP8etJJqqZ4yFpU+k=
39,-32,MkL3C1YRYnVbwQ+xwFsm948L72k=,LZvM3Orjw+gixvI1dAp/wQI1Pf0=
36,-32,MkL3C1YRYnVbwQ+xwFsm948L72k=,LZvM3Orjw+gixvI1dAp/wQI1Pf0=
37,-32,MkL3C1YRYnVbwQ+xwFsm948L72k=,LZvM3Orjw+gixvI1dAp/wQI1Pf0=
42,-32,MkL3C1YRYnVbwQ+xwFsm948L72k=,9VwVa1AFNkuP8etJJqqZ4yFpU+k=
35,-32,MkL3C1YRYnVbwQ+xwFsm948L72k=,LZvM3Orjw+gixvI1dAp/wQI1Pf0=
33,-32,MkL3C1YRYnVbwQ+xwFsm948L72k=,LZvM3Orjw+gixvI1dAp/wQI1Pf0=
46,-32,MkL3C1YRYnVbwQ+xwFsm948L72k=,9VwVa1AFNkuP8etJJqqZ4yFpU+k=
42,-30,MkL3C1YRYnVbwQ+xwFsm948L72k=,9VwVa1AFNkuP8etJJqqZ4yFpU+k=
43,-32,MkL3C1YRYnVbwQ+xwFsm948L72k=,9VwVa1AFNkuP8etJJqqZ4yFpU+k=
34,-32,MkL3C1YRYnVbwQ+xwFsm948L72k=,LZvM3Orjw+gixvI1dAp/wQI1Pf0=
46,-26,MkL3C1YRYnVbwQ+xwFsm948L72k=,9VwVa1AFNkuP8etJJqqZ4yFpU+k=
35,-25,MkL3C1YRYnVbwQ+xwFsm948L72k=,LZvM3Orjw+gixvI1dAp/wQI1Pf0=
34,-25,MkL3C1YRYnVbwQ+xwFsm948L72k=,LZvM3Orjw+gixvI1dAp/wQI1Pf0=
36,-25,MkL3C1YRYnVbwQ+xwFsm948L72k=,LZvM3Orjw+gixvI1dAp/wQI1Pf0=
33,-25,MkL3C1YRYnVbwQ+xwFsm948L72k=,LZvM3Orjw+gixvI1dAp/wQI1Pf0=
38,-21,MkL3C1YRYnVbwQ+xwFsm948L72k=,436GY+n4M+wBk4KSWrAvymRIXC4=
43,-30,MkL3C1YRYnVbwQ+xwFsm948L72k=,9VwVa1AFNkuP8etJJqqZ4yFpU+k=
44,-30,MkL3C1YRYnVbwQ+xwFsm948L72k=,9VwVa1AFNkuP8etJJqqZ4yFpU+k=
37,-21,MkL3C1YRYnVbwQ+xwFsm948L72k=,436GY+n4M+wBk4KSWrAvymRIXC4=
45,-26,MkL3C1YRYnVbwQ+xwFsm948L72k=,9VwVa1AFNkuP8etJJqqZ4yFpU+k=
43,-26,MkL3C1YRYnVbwQ+xwFsm948L72k=,9VwVa1AFNkuP8etJJqqZ4yFpU+k=
44,-26,MkL3C1YRYnVbwQ+xwFsm948L72k=,9VwVa1AFNkuP8etJJqqZ4yFpU+k=
42,-26,MkL3C1YRYnVbwQ+xwFsm948L72k=,9VwVa1AFNkuP8etJJqqZ4yFpU+k=
47,-19,MkL3C1YRYnVbwQ+xwFsm948L72k=,VmcR+s6DJyn/IH3byum62Ak+MH4=
41,-26,MkL3C1YRYnVbwQ+xwFsm948L72k=,9VwVa1AFNkuP8etJJqqZ4yFpU+k=
39,-28,MkL3C1YRYnVbwQ+xwFsm948L72k=,LZvM3Orjw+gixvI1dAp/wQI1Pf0=
47,-25,MkL3C1YRYnVbwQ+xwFsm948L72k=,9VwVa1AFNkuP8etJJqqZ4yFpU+k=
45,-30,MkL3C1YRYnVbwQ+xwFsm948L72k=,9VwVa1AFNkuP8etJJqqZ4yFpU+k=
47,-23,MkL3C1YRYnVbwQ+xwFsm948L72k=,VmcR+s6DJyn/IH3byum62Ak+MH4=
47,-31,MkL3C1YRYnVbwQ+xwFsm948L72k=,9VwVa1AFNkuP8etJJqqZ4yFpU+k=
47,-21,MkL3C1YRYnVbwQ+xwFsm948L72k=,VmcR+s6DJyn/IH3byum62Ak+MH4=
47,-26,MkL3C1YRYnVbwQ+xwFsm948L72k=,9VwVa1AFNkuP8etJJqqZ4yFpU+k=
46,-30,MkL3C1YRYnVbwQ+xwFsm948L72k=,9VwVa1AFNkuP8etJJqqZ4yFpU+k=
47,-20,MkL3C1YRYnVbwQ+xwFsm948L72k=,VmcR+s6DJyn/IH3byum62Ak+MH4=
40,-26,MkL3C1YRYnVbwQ+xwFsm948L72k=,9VwVa1AFNkuP8etJJqqZ4yFpU+k=
47,-27,MkL3C1YRYnVbwQ+xwFsm948L72k=,9VwVa1AFNkuP8etJJqqZ4yFpU+k=
47,-22,MkL3C1YRYnVbwQ+xwFsm948L72k=,VmcR+s6DJyn/IH3byum62Ak+MH4=
47,-28,MkL3C1YRYnVbwQ+xwFsm948L72k=,9VwVa1AFNkuP8etJJqqZ4yFpU+k=
47,-30,MkL3C1YRYnVbwQ+xwFsm948L72k=,9VwVa1AFNkuP8etJJqqZ4yFpU+k=
47,-18,MkL3C1YRYnVbwQ+xwFsm948L72k=,VmcR+s6DJyn/IH3byum62Ak+MH4=
40,-29,MkL3C1YRYnVbwQ+xwFsm948L72k=,9VwVa1AFNkuP8etJJqqZ4yFpU+k=
47,-24,MkL3C1YRYnVbwQ+xwFsm948L72k=,VmcR+s6DJyn/IH3byum62Ak+MH4=
44,-17,MkL3C1YRYnVbwQ+xwFsm948L72k=,VmcR+s6DJyn/IH3byum62Ak+MH4=
47,-29,MkL3C1YRYnVbwQ+xwFsm948L72k=,9VwVa1AFNkuP8etJJqqZ4yFpU+k=
41,-29,MkL3C1YRYnVbwQ+xwFsm948L72k=,9VwVa1AFNkuP8etJJqqZ4yFpU+k=
45,-17,MkL3C1YRYnVbwQ+xwFsm948L72k=,VmcR+s6DJyn/IH3byum62Ak+MH4=
43,-17,MkL3C1YRYnVbwQ+xwFsm948L72k=,VmcR+s6DJyn/IH3byum62Ak+MH4=
46,-27,MkL3C1YRYnVbwQ+xwFsm948L72k=,9VwVa1AFNkuP8etJJqqZ4yFpU+k=
42,-17,MkL3C1YRYnVbwQ+xwFsm948L72k=,VmcR+s6DJyn/IH3byum62Ak+MH4=
45,-27,MkL3C1YRYnVbwQ+xwFsm948L72k=,9VwVa1AFNkuP8etJJqqZ4yFpU+k=
41,-17,MkL3C1YRYnVbwQ+xwFsm948L72k=,VmcR+s6DJyn/IH3byum62Ak+MH4=
40,-17,MkL3C1YRYnVbwQ+xwFsm948L72k=,VmcR+s6DJyn/IH3byum62Ak+MH4=
32,-17,MkL3C1YRYnVbwQ+xwFsm948L72k=,436GY+n4M+wBk4KSWrAvymRIXC4=
46,-17,MkL3C1YRYnVbwQ+xwFsm948L72k=,VmcR+s6DJyn/IH3byum62Ak+MH4=
42,-29,MkL3C1YRYnVbwQ+xwFsm948L72k=,9VwVa1AFNkuP8etJJqqZ4yFpU+k=
38,-17,MkL3C1YRYnVbwQ+xwFsm948L72k=,436GY+n4M+wBk4KSWrAvymRIXC4=
37,-17,MkL3C1YRYnVbwQ+xwFsm948L72k=,436GY+n4M+wBk4KSWrAvymRIXC4=
32,-32,MkL3C1YRYnVbwQ+xwFsm948L72k=,LZvM3Orjw+gixvI1dAp/wQI1Pf0=
47,-32,MkL3C1YRYnVbwQ+xwFsm948L72k=,9VwVa1AFNkuP8etJJqqZ4yFpU+k=
36,-17,MkL3C1YRYnVbwQ+xwFsm948L72k=,436GY+n4M+wBk4KSWrAvymRIXC4=
47,-17,MkL3C1YRYnVbwQ+xwFsm948L72k=,VmcR+s6DJyn/IH3byum62Ak+MH4=
35,-17,MkL3C1YRYnVbwQ+xwFsm948L72k=,436GY+n4M+wBk4KSWrAvymRIXC4=
39,-29,MkL3C1YRYnVbwQ+xwFsm948L72k=,LZvM3Orjw+gixvI1dAp/wQI1Pf0=
44,-27,MkL3C1YRYnVbwQ+xwFsm948L72k=,9VwVa1AFNkuP8etJJqqZ4yFpU+k=
34,-17,MkL3C1YRYnVbwQ+xwFsm948L72k=,436GY+n4M+wBk4KSWrAvymRIXC4=
43,-29,MkL3C1YRYnVbwQ+xwFsm948L72k=,9VwVa1AFNkuP8etJJqqZ4yFpU+k=
39,-30,MkL3C1YRYnVbwQ+xwFsm948L72k=,LZvM3Orjw+gixvI1dAp/wQI1Pf0=
43,-27,MkL3C1YRYnVbwQ+xwFsm948L72k=,9VwVa1AFNkuP8etJJqqZ4yFpU+k=
42,-27,MkL3C1YRYnVbwQ+xwFsm948L72k=,9VwVa1AFNkuP8etJJqqZ4yFpU+k=
33,-17,MkL3C1YRYnVbwQ+xwFsm948L72k=,436GY+n4M+wBk4KSWrAvymRIXC4=
41,-27,MkL3C1YRYnVbwQ+xwFsm948L72k=,9VwVa1AFNkuP8etJJqqZ4yFpU+k=
40,-27,MkL3C1YRYnVbwQ+xwFsm948L72k=,9VwVa1AFNkuP8etJJqqZ4yFpU+k=
46,-28,MkL3C1YRYnVbwQ+xwFsm948L72k=,9VwVa1AFNkuP8etJJqqZ4yFpU+k=
39,-17,MkL3C1YRYnVbwQ+xwFsm948L72k=,436GY+n4M+wBk4KSWrAvymRIXC4=
39,-24,MkL3C1YRYnVbwQ+xwFsm948L72k=,436GY+n4M+wBk4KSWrAvymRIXC4=
45,-28,MkL3C1YRYnVbwQ+xwFsm948L72k=,9VwVa1AFNkuP8etJJqqZ4yFpU+k=
44,-28,MkL3C1YRYnVbwQ+xwFsm948L72k=,9VwVa1AFNkuP8etJJqqZ4yFpU+k=
43,-28,MkL3C1YRYnVbwQ+xwFsm948L72k=,9VwVa1AFNkuP8etJJqqZ4yFpU+k=
41,-28,MkL3C1YRYnVbwQ+xwFsm948L72k=,9VwVa1AFNkuP8etJJqqZ4yFpU+k=
42,-28,MkL3C1YRYnVbwQ+xwFsm948L72k=,9VwVa1AFNkuP8etJJqqZ4yFpU+k=
40,-28,MkL3C1YRYnVbwQ+xwFsm948L72k=,9VwVa1AFNkuP8etJJqqZ4yFpU+k=
44,-29,MkL3C1YRYnVbwQ+xwFsm948L72k=,9VwVa1AFNkuP8etJJqqZ4yFpU+k=
42,-24,MkL3C1YRYnVbwQ+xwFsm948L72k=,VmcR+s6DJyn/IH3byum62Ak+MH4=
46,-29,MkL3C1YRYnVbwQ+xwFsm948L72k=,9VwVa1AFNkuP8etJJqqZ4yFpU+k=
46,-24,MkL3C1YRYnVbwQ+xwFsm948L72k=,VmcR+s6DJyn/IH3byum62Ak+MH4=
39,-31,MkL3C1YRYnVbwQ+xwFsm948L72k=,LZvM3Orjw+gixvI1dAp/wQI1Pf0=
45,-29,MkL3C1YRYnVbwQ+xwFsm948L72k=,9VwVa1AFNkuP8etJJqqZ4yFpU+k=
45,-24,MkL3C1YRYnVbwQ+xwFsm948L72k=,VmcR+s6DJyn/IH3byum62Ak+MH4=
41,-24,MkL3C1YRYnVbwQ+xwFsm948L72k=,VmcR+s6DJyn/IH3byum62Ak+MH4=
44,-24,MkL3C1YRYnVbwQ+xwFsm948L72k=,VmcR+s6DJyn/IH3byum62Ak+MH4=
36,-11,MkL3C1YRYnVbwQ+xwFsm948L72k=,kLZFIkxq8+JzQdIfLkIG0AkvO6s=
35,-11,MkL3C1YRYnVbwQ+xwFsm948L72k=,kLZFIkxq8+JzQdIfLkIG0AkvO6s=
34,-11,MkL3C1YRYnVbwQ+xwFsm948L72k=,kLZFIkxq8+JzQdIfLkIG0AkvO6s=
33,-11,+7FawWH6r5LCCJGe8y//ilkdWOg=,kLZFIkxq8+JzQdIfLkIG0AkvO6s=
38,-12,+7FawWH6r5LCCJGe8y//ilkdWOg=,kLZFIkxq8+JzQdIfLkIG0AkvO6s=
37,-12,+7FawWH6r5LCCJGe8y//ilkdWOg=,kLZFIkxq8+JzQdIfLkIG0AkvO6s=
35,-12,+7FawWH6r5LCCJGe8y//ilkdWOg=,kLZFIkxq8+JzQdIfLkIG0AkvO6s=
36,-12,+7FawWH6r5LCCJGe8y//ilkdWOg=,kLZFIkxq8+JzQdIfLkIG0AkvO6s=
34,-12,+7FawWH6r5LCCJGe8y//ilkdWOg=,kLZFIkxq8+JzQdIfLkIG0AkvO6s=
38,-13,+7FawWH6r5LCCJGe8y//ilkdWOg=,kLZFIkxq8+JzQdIfLkIG0AkvO6s=
33,-12,+7FawWH6r5LCCJGe8y//ilkdWOg=,kLZFIkxq8+JzQdIfLkIG0AkvO6s=
37,-13,+7FawWH6r5LCCJGe8y//ilkdWOg=,kLZFIkxq8+JzQdIfLkIG0AkvO6s=
36,-13,+7FawWH6r5LCCJGe8y//ilkdWOg=,kLZFIkxq8+JzQdIfLkIG0AkvO6s=
34,-13,+7FawWH6r5LCCJGe8y//ilkdWOg=,kLZFIkxq8+JzQdIfLkIG0AkvO6s=
35,-13,+7FawWH6r5LCCJGe8y//ilkdWOg=,kLZFIkxq8+JzQdIfLkIG0AkvO6s=
33,-13,+7FawWH6r5LCCJGe8y//ilkdWOg=,kLZFIkxq8+JzQdIfLkIG0AkvO6s=
36,-14,+7FawWH6r5LCCJGe8y//ilkdWOg=,kLZFIkxq8+JzQdIfLkIG0AkvO6s=
37,-14,+7FawWH6r5LCCJGe8y//ilkdWOg=,kLZFIkxq8+JzQdIfLkIG0AkvO6s=
38,-14,+7FawWH6r5LCCJGe8y//ilkdWOg=,kLZFIkxq8+JzQdIfLkIG0AkvO6s=
35,-14,+7FawWH6r5LCCJGe8y//ilkdWOg=,kLZFIkxq8+JzQdIfLkIG0AkvO6s=
34,-14,+7FawWH6r5LCCJGe8y//ilkdWOg=,kLZFIkxq8+JzQdIfLkIG0AkvO6s=
38,-15,+7FawWH6r5LCCJGe8y//ilkdWOg=,kLZFIkxq8+JzQdIfLkIG0AkvO6s=
37,-15,+7FawWH6r5LCCJGe8y//ilkdWOg=,kLZFIkxq8+JzQdIfLkIG0AkvO6s=
36,-15,+7FawWH6r5LCCJGe8y//ilkdWOg=,kLZFIkxq8+JzQdIfLkIG0AkvO6s=
33,-14,+7FawWH6r5LCCJGe8y//ilkdWOg=,kLZFIkxq8+JzQdIfLkIG0AkvO6s=
35,-15,+7FawWH6r5LCCJGe8y//ilkdWOg=,kLZFIkxq8+JzQdIfLkIG0AkvO6s=
34,-15,+7FawWH6r5LCCJGe8y//ilkdWOg=,kLZFIkxq8+JzQdIfLkIG0AkvO6s=
38,-10,+7FawWH6r5LCCJGe8y//ilkdWOg=,kLZFIkxq8+JzQdIfLkIG0AkvO6s=
36,-10,+7FawWH6r5LCCJGe8y//ilkdWOg=,kLZFIkxq8+JzQdIfLkIG0AkvO6s=
37,-10,+7FawWH6r5LCCJGe8y//ilkdWOg=,kLZFIkxq8+JzQdIfLkIG0AkvO6s=
33,-15,+7FawWH6r5LCCJGe8y//ilkdWOg=,kLZFIkxq8+JzQdIfLkIG0AkvO6s=
34,-10,+7FawWH6r5LCCJGe8y//ilkdWOg=,kLZFIkxq8+JzQdIfLkIG0AkvO6s=
33,-10,+7FawWH6r5LCCJGe8y//ilkdWOg=,kLZFIkxq8+JzQdIfLkIG0AkvO6s=
38,-11,+7FawWH6r5LCCJGe8y//ilkdWOg=,kLZFIkxq8+JzQdIfLkIG0AkvO6s=
35,-10,+7FawWH6r5LCCJGe8y//ilkdWOg=,kLZFIkxq8+JzQdIfLkIG0AkvO6s=
37,-11,+7FawWH6r5LCCJGe8y//ilkdWOg=,kLZFIkxq8+JzQdIfLkIG0AkvO6s=
44,-7,+7FawWH6r5LCCJGe8y//ilkdWOg=,4gh3ioQHwDfaM7XC08Xch7rWUvo=
36,-5,+7FawWH6r5LCCJGe8y//ilkdWOg=,nkkPSBmItvQXrsM+iyho9VID9cg=
39,-6,+7FawWH6r5LCCJGe8y//ilkdWOg=,nkkPSBmItvQXrsM+iyho9VID9cg=
44,-9,+7FawWH6r5LCCJGe8y//ilkdWOg=,TKmGqPEbQ4V4cXa2TlTccMPriS8=
45,-2,+7FawWH6r5LCCJGe8y//ilkdWOg=,4gh3ioQHwDfaM7XC08Xch7rWUvo=
46,-5,+7FawWH6r5LCCJGe8y//ilkdWOg=,4gh3ioQHwDfaM7XC08Xch7rWUvo=
40,-5,+7FawWH6r5LCCJGe8y//ilkdWOg=,4gh3ioQHwDfaM7XC08Xch7rWUvo=
44,-2,+7FawWH6r5LCCJGe8y//ilkdWOg=,4gh3ioQHwDfaM7XC08Xch7rWUvo=
43,-7,+7FawWH6r5LCCJGe8y//ilkdWOg=,4gh3ioQHwDfaM7XC08Xch7rWUvo=
33,-1,+7FawWH6r5LCCJGe8y//ilkdWOg=,nkkPSBmItvQXrsM+iyho9VID9cg=
41,-6,+7FawWH6r5LCCJGe8y//ilkdWOg=,4gh3ioQHwDfaM7XC08Xch7rWUvo=
43,-9,+7FawWH6r5LCCJGe8y//ilkdWOg=,TKmGqPEbQ4V4cXa2TlTccMPriS8=
37,-5,+7FawWH6r5LCCJGe8y//ilkdWOg=,nkkPSBmItvQXrsM+iyho9VID9cg=
42,-9,+7FawWH6r5LCCJGe8y//ilkdWOg=,TKmGqPEbQ4V4cXa2TlTccMPriS8=
41,-9,+7FawWH6r5LCCJGe8y//ilkdWOg=,TKmGqPEbQ4V4cXa2TlTccMPriS8=
45,-9,+7FawWH6r5LCCJGe8y//ilkdWOg=,TKmGqPEbQ4V4cXa2TlTccMPriS8=
42,-6,+7FawWH6r5LCCJGe8y//ilkdWOg=,4gh3ioQHwDfaM7XC08Xch7rWUvo=
40,-9,+7FawWH6r5LCCJGe8y//ilkdWOg=,TKmGqPEbQ4V4cXa2TlTccMPriS8=
34,-5,+7FawWH6r5LCCJGe8y//ilkdWOg=,nkkPSBmItvQXrsM+iyho9VID9cg=
35,-5,+7FawWH6r5LCCJGe8y//ilkdWOg=,nkkPSBmItvQXrsM+iyho9VID9cg=
42,-7,+7FawWH6r5LCCJGe8y//ilkdWOg=,4gh3ioQHwDfaM7XC08Xch7rWUvo=
39,-2,+7FawWH6r5LCCJGe8y//ilkdWOg=,nkkPSBmItvQXrsM+iyho9VID9cg=
34,-1,+7FawWH6r5LCCJGe8y//ilkdWOg=,nkkPSBmItvQXrsM+iyho9VID9cg=
33,-5,+7FawWH6r5LCCJGe8y//ilkdWOg=,nkkPSBmItvQXrsM+iyho9VID9cg=
38,-5,+7FawWH6r5LCCJGe8y//ilkdWOg=,nkkPSBmItvQXrsM+iyho9VID9cg=
45,-7,+7FawWH6r5LCCJGe8y//ilkdWOg=,4gh3ioQHwDfaM7XC08Xch7rWUvo=
41,-7,+7FawWH6r5LCCJGe8y//ilkdWOg=,4gh3ioQHwDfaM7XC08Xch7rWUvo=
46,-9,+7FawWH6r5LCCJGe8y//ilkdWOg=,TKmGqPEbQ4V4cXa2TlTccMPriS8=
40,-7,+7FawWH6r5LCCJGe8y//ilkdWOg=,4gh3ioQHwDfaM7XC08Xch7rWUvo=
43,-2,+7FawWH6r5LCCJGe8y//ilkdWOg=,4gh3ioQHwDfaM7XC08Xch7rWUvo=
37,-6,+7FawWH6r5LCCJGe8y//ilkdWOg=,nkkPSBmItvQXrsM+iyho9VID9cg=
36,-6,+7FawWH6r5LCCJGe8y//ilkdWOg=,nkkPSBmItvQXrsM+iyho9VID9cg=
38,-6,+7FawWH6r5LCCJGe8y//ilkdWOg=,nkkPSBmItvQXrsM+iyho9VID9cg=
38,-1,+7FawWH6r5LCCJGe8y//ilkdWOg=,nkkPSBmItvQXrsM+iyho9VID9cg=
35,-1,+7FawWH6r5LCCJGe8y//ilkdWOg=,nkkPSBmItvQXrsM+iyho9VID9cg=
39,-7,+7FawWH6r5LCCJGe8y//ilkdWOg=,nkkPSBmItvQXrsM+iyho9VID9cg=
35,-6,+7FawWH6r5LCCJGe8y//ilkdWOg=,nkkPSBmItvQXrsM+iyho9VID9cg=
33,-4,+7FawWH6r5LCCJGe8y//ilkdWOg=,nkkPSBmItvQXrsM+iyho9VID9cg=
40,-8,+7FawWH6r5LCCJGe8y//ilkdWOg=,4gh3ioQHwDfaM7XC08Xch7rWUvo=
43,-6,+7FawWH6r5LCCJGe8y//ilkdWOg=,4gh3ioQHwDfaM7XC08Xch7rWUvo=
45,-10,+7FawWH6r5LCCJGe8y//ilkdWOg=,TKmGqPEbQ4V4cXa2TlTccMPriS8=
40,-6,+7FawWH6r5LCCJGe8y//ilkdWOg=,4gh3ioQHwDfaM7XC08Xch7rWUvo=
46,-10,+7FawWH6r5LCCJGe8y//ilkdWOg=,TKmGqPEbQ4V4cXa2TlTccMPriS8=
33,-6,+7FawWH6r5LCCJGe8y//ilkdWOg=,nkkPSBmItvQXrsM+iyho9VID9cg=
45,-5,+7FawWH6r5LCCJGe8y//ilkdWOg=,4gh3ioQHwDfaM7XC08Xch7rWUvo=
34,-6,+7FawWH6r5LCCJGe8y//ilkdWOg=,nkkPSBmItvQXrsM+iyho9VID9cg=
36,-1,+7FawWH6r5LCCJGe8y//ilkdWOg=,nkkPSBmItvQXrsM+iyho9VID9cg=
34,-4,+7FawWH6r5LCCJGe8y//ilkdWOg=,nkkPSBmItvQXrsM+iyho9VID9cg=
44,-5,+7FawWH6r5LCCJGe8y//ilkdWOg=,4gh3ioQHwDfaM7XC08Xch7rWUvo=
41,-8,+7FawWH6r5LCCJGe8y//ilkdWOg=,4gh3ioQHwDfaM7XC08Xch7rWUvo=
46,-7,+7FawWH6r5LCCJGe8y//ilkdWOg=,4gh3ioQHwDfaM7XC08Xch7rWUvo=
39,-12,+7FawWH6r5LCCJGe8y//ilkdWOg=,kLZFIkxq8+JzQdIfLkIG0AkvO6s=
42,-2,+7FawWH6r5LCCJGe8y//ilkdWOg=,4gh3ioQHwDfaM7XC08Xch7rWUvo=
37,-1,+7FawWH6r5LCCJGe8y//ilkdWOg=,nkkPSBmItvQXrsM+iyho9VID9cg=
38,-2,+7FawWH6r5LCCJGe8y//ilkdWOg=,nkkPSBmItvQXrsM+iyho9VID9cg=
39,-3,+7FawWH6r5LCCJGe8y//ilkdWOg=,nkkPSBmItvQXrsM+iyho9VID9cg=
38,-7,+7FawWH6r5LCCJGe8y//ilkdWOg=,nkkPSBmItvQXrsM+iyho9VID9cg=
37,-2,+7FawWH6r5LCCJGe8y//ilkdWOg=,nkkPSBmItvQXrsM+iyho9VID9cg=
35,-4,+7FawWH6r5LCCJGe8y//ilkdWOg=,nkkPSBmItvQXrsM+iyho9VID9cg=
42,-8,+7FawWH6r5LCCJGe8y//ilkdWOg=,4gh3ioQHwDfaM7XC08Xch7rWUvo=
40,-4,+7FawWH6r5LCCJGe8y//ilkdWOg=,4gh3ioQHwDfaM7XC08Xch7rWUvo=
37,-7,+7FawWH6r5LCCJGe8y//ilkdWOg=,nkkPSBmItvQXrsM+iyho9VID9cg=
36,-7,+7FawWH6r5LCCJGe8y//ilkdWOg=,nkkPSBmItvQXrsM+iyho9VID9cg=
46,-6,+7FawWH6r5LCCJGe8y//ilkdWOg=,4gh3ioQHwDfaM7XC08Xch7rWUvo=
35,-7,+7FawWH6r5LCCJGe8y//ilkdWOg=,nkkPSBmItvQXrsM+iyho9VID9cg=
45,-6,+7FawWH6r5LCCJGe8y//ilkdWOg=,4gh3ioQHwDfaM7XC08Xch7rWUvo=
36,-2,+7FawWH6r5LCCJGe8y//ilkdWOg=,nkkPSBmItvQXrsM+iyho9VID9cg=
39,-4,+7FawWH6r5LCCJGe8y//ilkdWOg=,nkkPSBmItvQXrsM+iyho9VID9cg=
43,-5,+7FawWH6r5LCCJGe8y//ilkdWOg=,4gh3ioQHwDfaM7XC08Xch7rWUvo=
36,-4,+7FawWH6r5LCCJGe8y//ilkdWOg=,nkkPSBmItvQXrsM+iyho9VID9cg=
39,-11,+7FawWH6r5LCCJGe8y//ilkdWOg=,kLZFIkxq8+JzQdIfLkIG0AkvO6s=
44,-1,+7FawWH6r5LCCJGe8y//ilkdWOg=,4gh3ioQHwDfaM7XC08Xch7rWUvo=
34,-7,+7FawWH6r5LCCJGe8y//ilkdWOg=,nkkPSBmItvQXrsM+iyho9VID9cg=
44,-10,+7FawWH6r5LCCJGe8y//ilkdWOg=,TKmGqPEbQ4V4cXa2TlTccMPriS8=
46,-2,+7FawWH6r5LCCJGe8y//ilkdWOg=,4gh3ioQHwDfaM7XC08Xch7rWUvo=
46,-3,+7FawWH6r5LCCJGe8y//ilkdWOg=,4gh3ioQHwDfaM7XC08Xch7rWUvo=
43,-1,+7FawWH6r5LCCJGe8y//ilkdWOg=,4gh3ioQHwDfaM7XC08Xch7rWUvo=
43,-10,+7FawWH6r5LCCJGe8y//ilkdWOg=,TKmGqPEbQ4V4cXa2TlTccMPriS8=
41,-2,+7FawWH6r5LCCJGe8y//ilkdWOg=,4gh3ioQHwDfaM7XC08Xch7rWUvo=
39,-1,+7FawWH6r5LCCJGe8y//ilkdWOg=,nkkPSBmItvQXrsM+iyho9VID9cg=
42,-5,+7FawWH6r5LCCJGe8y//ilkdWOg=,4gh3ioQHwDfaM7XC08Xch7rWUvo=
37,-4,+7FawWH6r5LCCJGe8y//ilkdWOg=,nkkPSBmItvQXrsM+iyho9VID9cg=
45,-1,+7FawWH6r5LCCJGe8y//ilkdWOg=,4gh3ioQHwDfaM7XC08Xch7rWUvo=
40,-3,+7FawWH6r5LCCJGe8y//ilkdWOg=,4gh3ioQHwDfaM7XC08Xch7rWUvo=
40,-15,+7FawWH6r5LCCJGe8y//ilkdWOg=,TKmGqPEbQ4V4cXa2TlTccMPriS8=
33,-7,+7FawWH6r5LCCJGe8y//ilkdWOg=,nkkPSBmItvQXrsM+iyho9VID9cg=
42,-1,+7FawWH6r5LCCJGe8y//ilkdWOg=,4gh3ioQHwDfaM7XC08Xch7rWUvo=
35,-2,+7FawWH6r5LCCJGe8y//ilkdWOg=,nkkPSBmItvQXrsM+iyho9VID9cg=
42,-10,+7FawWH6r5LCCJGe8y//ilkdWOg=,TKmGqPEbQ4V4cXa2TlTccMPriS8=
41,-1,+7FawWH6r5LCCJGe8y//ilkdWOg=,4gh3ioQHwDfaM7XC08Xch7rWUvo=
44,-6,+7FawWH6r5LCCJGe8y//ilkdWOg=,4gh3ioQHwDfaM7XC08Xch7rWUvo=
46,-1,+7FawWH6r5LCCJGe8y//ilkdWOg=,4gh3ioQHwDfaM7XC08Xch7rWUvo=
41,-15,+7FawWH6r5LCCJGe8y//ilkdWOg=,TKmGqPEbQ4V4cXa2TlTccMPriS8=
40,-2,+7FawWH6r5LCCJGe8y//ilkdWOg=,4gh3ioQHwDfaM7XC08Xch7rWUvo=
38,-4,+7FawWH6r5LCCJGe8y//ilkdWOg=,nkkPSBmItvQXrsM+iyho9VID9cg=
38,-8,+7FawWH6r5LCCJGe8y//ilkdWOg=,nkkPSBmItvQXrsM+iyho9VID9cg=
37,-8,+7FawWH6r5LCCJGe8y//ilkdWOg=,nkkPSBmItvQXrsM+iyho9VID9cg=
41,-4,+7FawWH6r5LCCJGe8y//ilkdWOg=,4gh3ioQHwDfaM7XC08Xch7rWUvo=
40,-1,+7FawWH6r5LCCJGe8y//ilkdWOg=,4gh3ioQHwDfaM7XC08Xch7rWUvo=
34,-2,+7FawWH6r5LCCJGe8y//ilkdWOg=,nkkPSBmItvQXrsM+iyho9VID9cg=
33,-2,+7FawWH6r5LCCJGe8y//ilkdWOg=,nkkPSBmItvQXrsM+iyho9VID9cg=
45,-3,+7FawWH6r5LCCJGe8y//ilkdWOg=,4gh3ioQHwDfaM7XC08Xch7rWUvo=
36,-8,+7FawWH6r5LCCJGe8y//ilkdWOg=,nkkPSBmItvQXrsM+iyho9VID9cg=
35,-8,+7FawWH6r5LCCJGe8y//ilkdWOg=,nkkPSBmItvQXrsM+iyho9VID9cg=
33,-9,+7FawWH6r5LCCJGe8y//ilkdWOg=,kLZFIkxq8+JzQdIfLkIG0AkvO6s=
39,-10,+7FawWH6r5LCCJGe8y//ilkdWOg=,kLZFIkxq8+JzQdIfLkIG0AkvO6s=
42,-4,+7FawWH6r5LCCJGe8y//ilkdWOg=,4gh3ioQHwDfaM7XC08Xch7rWUvo=
44,-3,+7FawWH6r5LCCJGe8y//ilkdWOg=,4gh3ioQHwDfaM7XC08Xch7rWUvo=
41,-5,+7FawWH6r5LCCJGe8y//ilkdWOg=,4gh3ioQHwDfaM7XC08Xch7rWUvo=
33,-8,+7FawWH6r5LCCJGe8y//ilkdWOg=,nkkPSBmItvQXrsM+iyho9VID9cg=
42,-15,+7FawWH6r5LCCJGe8y//ilkdWOg=,TKmGqPEbQ4V4cXa2TlTccMPriS8=
39,-5,+7FawWH6r5LCCJGe8y//ilkdWOg=,nkkPSBmItvQXrsM+iyho9VID9cg=
34,-8,+7FawWH6r5LCCJGe8y//ilkdWOg=,nkkPSBmItvQXrsM+iyho9VID9cg=
43,-3,+7FawWH6r5LCCJGe8y//ilkdWOg=,4gh3ioQHwDfaM7XC08Xch7rWUvo=
34,-9,+7FawWH6r5LCCJGe8y//ilkdWOg=,kLZFIkxq8+JzQdIfLkIG0AkvO6s=
42,-3,+7FawWH6r5LCCJGe8y//ilkdWOg=,4gh3ioQHwDfaM7XC08Xch7rWUvo=
45,-4,+7FawWH6r5LCCJGe8y//ilkdWOg=,4gh3ioQHwDfaM7XC08Xch7rWUvo=
46,-4,+7FawWH6r5LCCJGe8y//ilkdWOg=,4gh3ioQHwDfaM7XC08Xch7rWUvo=
44,-4,+7FawWH6r5LCCJGe8y//ilkdWOg=,4gh3ioQHwDfaM7XC08Xch7rWUvo=
41,-3,+7FawWH6r5LCCJGe8y//ilkdWOg=,4gh3ioQHwDfaM7XC08Xch7rWUvo=
43,-4,+7FawWH6r5LCCJGe8y//ilkdWOg=,4gh3ioQHwDfaM7XC08Xch7rWUvo=
38,-3,+7FawWH6r5LCCJGe8y//ilkdWOg=,nkkPSBmItvQXrsM+iyho9VID9cg=
43,-15,+7FawWH6r5LCCJGe8y//ilkdWOg=,TKmGqPEbQ4V4cXa2TlTccMPriS8=
40,-10,+7FawWH6r5LCCJGe8y//ilkdWOg=,TKmGqPEbQ4V4cXa2TlTccMPriS8=
35,-9,+7FawWH6r5LCCJGe8y//ilkdWOg=,kLZFIkxq8+JzQdIfLkIG0AkvO6s=
41,-10,+7FawWH6r5LCCJGe8y//ilkdWOg=,TKmGqPEbQ4V4cXa2TlTccMPriS8=
36,-3,+7FawWH6r5LCCJGe8y//ilkdWOg=,nkkPSBmItvQXrsM+iyho9VID9cg=
37,-3,+7FawWH6r5LCCJGe8y//ilkdWOg=,nkkPSBmItvQXrsM+iyho9VID9cg=
35,-3,+7FawWH6r5LCCJGe8y//ilkdWOg=,nkkPSBmItvQXrsM+iyho9VID9cg=
34,-3,+7FawWH6r5LCCJGe8y//ilkdWOg=,nkkPSBmItvQXrsM+iyho9VID9cg=
39,-13,+7FawWH6r5LCCJGe8y//ilkdWOg=,kLZFIkxq8+JzQdIfLkIG0AkvO6s=
33,-3,+7FawWH6r5LCCJGe8y//ilkdWOg=,nkkPSBmItvQXrsM+iyho9VID9cg=
38,-9,+7FawWH6r5LCCJGe8y//ilkdWOg=,kLZFIkxq8+JzQdIfLkIG0AkvO6s=
44,-15,+7FawWH6r5LCCJGe8y//ilkdWOg=,TKmGqPEbQ4V4cXa2TlTccMPriS8=
36,-9,+7FawWH6r5LCCJGe8y//ilkdWOg=,kLZFIkxq8+JzQdIfLkIG0AkvO6s=
47,-10,+7FawWH6r5LCCJGe8y//ilkdWOg=,TKmGqPEbQ4V4cXa2TlTccMPriS8=
39,-14,+7FawWH6r5LCCJGe8y//ilkdWOg=,kLZFIkxq8+JzQdIfLkIG0AkvO6s=
37,-9,+7FawWH6r5LCCJGe8y//ilkdWOg=,kLZFIkxq8+JzQdIfLkIG0AkvO6s=
47,-15,+7FawWH6r5LCCJGe8y//ilkdWOg=,TKmGqPEbQ4V4cXa2TlTccMPriS8=
47,-11,+7FawWH6r5LCCJGe8y//ilkdWOg=,TKmGqPEbQ4V4cXa2TlTccMPriS8=
47,-12,+7FawWH6r5LCCJGe8y//ilkdWOg=,TKmGqPEbQ4V4cXa2TlTccMPriS8=
46,-11,+7FawWH6r5LCCJGe8y//ilkdWOg=,TKmGqPEbQ4V4cXa2TlTccMPriS8=
47,-13,+7FawWH6r5LCCJGe8y//ilkdWOg=,TKmGqPEbQ4V4cXa2TlTccMPriS8=
46,-8,+7FawWH6r5LCCJGe8y//ilkdWOg=,4gh3ioQHwDfaM7XC08Xch7rWUvo=
47,-14,+7FawWH6r5LCCJGe8y//ilkdWOg=,TKmGqPEbQ4V4cXa2TlTccMPriS8=
45,-11,+7FawWH6r5LCCJGe8y//ilkdWOg=,TKmGqPEbQ4V4cXa2TlTccMPriS8=
43,-8,+7FawWH6r5LCCJGe8y//ilkdWOg=,4gh3ioQHwDfaM7XC08Xch7rWUvo=
44,-11,+7FawWH6r5LCCJGe8y//ilkdWOg=,TKmGqPEbQ4V4cXa2TlTccMPriS8=
43,-11,+7FawWH6r5LCCJGe8y//ilkdWOg=,TKmGqPEbQ4V4cXa2TlTccMPriS8=
45,-8,+7FawWH6r5LCCJGe8y//ilkdWOg=,4gh3ioQHwDfaM7XC08Xch7rWUvo=
45,-15,+7FawWH6r5LCCJGe8y//ilkdWOg=,TKmGqPEbQ4V4cXa2TlTccMPriS8=
41,-11,+7FawWH6r5LCCJGe8y//ilkdWOg=,TKmGqPEbQ4V4cXa2TlTccMPriS8=
46,-15,+7FawWH6r5LCCJGe8y//ilkdWOg=,TKmGqPEbQ4V4cXa2TlTccMPriS8=
39,-8,+7FawWH6r5LCCJGe8y//ilkdWOg=,nkkPSBmItvQXrsM+iyho9VID9cg=
40,-11,+7FawWH6r5LCCJGe8y//ilkdWOg=,TKmGqPEbQ4V4cXa2TlTccMPriS8=
46,-12,+7FawWH6r5LCCJGe8y//ilkdWOg=,TKmGqPEbQ4V4cXa2TlTccMPriS8=
44,-12,+7FawWH6r5LCCJGe8y//ilkdWOg=,TKmGqPEbQ4V4cXa2TlTccMPriS8=
45,-12,+7FawWH6r5LCCJGe8y//ilkdWOg=,TKmGqPEbQ4V4cXa2TlTccMPriS8=
43,-12,+7FawWH6r5LCCJGe8y//ilkdWOg=,TKmGqPEbQ4V4cXa2TlTccMPriS8=
42,-12,+7FawWH6r5LCCJGe8y//ilkdWOg=,TKmGqPEbQ4V4cXa2TlTccMPriS8=
41,-16,+7FawWH6r5LCCJGe8y//ilkdWOg=,TKmGqPEbQ4V4cXa2TlTccMPriS8=
41,-12,+7FawWH6r5LCCJGe8y//ilkdWOg=,TKmGqPEbQ4V4cXa2TlTccMPriS8=
40,-12,+7FawWH6r5LCCJGe8y//ilkdWOg=,TKmGqPEbQ4V4cXa2TlTccMPriS8=
40,-14,+7FawWH6r5LCCJGe8y//ilkdWOg=,TKmGqPEbQ4V4cXa2TlTccMPriS8=
33,-16,+7FawWH6r5LCCJGe8y//ilkdWOg=,kLZFIkxq8+JzQdIfLkIG0AkvO6s=
46,-13,+7FawWH6r5LCCJGe8y//ilkdWOg=,TKmGqPEbQ4V4cXa2TlTccMPriS8=
44,-8,+7FawWH6r5LCCJGe8y//ilkdWOg=,4gh3ioQHwDfaM7XC08Xch7rWUvo=
45,-13,+7FawWH6r5LCCJGe8y//ilkdWOg=,TKmGqPEbQ4V4cXa2TlTccMPriS8=
44,-13,+7FawWH6r5LCCJGe8y//ilkdWOg=,TKmGqPEbQ4V4cXa2TlTccMPriS8=
39,-15,+7FawWH6r5LCCJGe8y//ilkdWOg=,kLZFIkxq8+JzQdIfLkIG0AkvO6s=
43,-13,+7FawWH6r5LCCJGe8y//ilkdWOg=,TKmGqPEbQ4V4cXa2TlTccMPriS8=
42,-13,+7FawWH6r5LCCJGe8y//ilkdWOg=,TKmGqPEbQ4V4cXa2TlTccMPriS8=
42,-16,+7FawWH6r5LCCJGe8y//ilkdWOg=,TKmGqPEbQ4V4cXa2TlTccMPriS8=
41,-13,+7FawWH6r5LCCJGe8y//ilkdWOg=,TKmGqPEbQ4V4cXa2TlTccMPriS8=
46,-16,+7FawWH6r5LCCJGe8y//ilkdWOg=,TKmGqPEbQ4V4cXa2TlTccMPriS8=
34,-16,+7FawWH6r5LCCJGe8y//ilkdWOg=,kLZFIkxq8+JzQdIfLkIG0AkvO6s=
41,-14,+7FawWH6r5LCCJGe8y//ilkdWOg=,TKmGqPEbQ4V4cXa2TlTccMPriS8=
40,-13,+7FawWH6r5LCCJGe8y//ilkdWOg=,TKmGqPEbQ4V4cXa2TlTccMPriS8=
46,-14,+7FawWH6r5LCCJGe8y//ilkdWOg=,TKmGqPEbQ4V4cXa2TlTccMPriS8=
39,-9,+7FawWH6r5LCCJGe8y//ilkdWOg=,kLZFIkxq8+JzQdIfLkIG0AkvO6s=
45,-14,+7FawWH6r5LCCJGe8y//ilkdWOg=,TKmGqPEbQ4V4cXa2TlTccMPriS8=
43,-14,+7FawWH6r5LCCJGe8y//ilkdWOg=,TKmGqPEbQ4V4cXa2TlTccMPriS8=
44,-14,+7FawWH6r5LCCJGe8y//ilkdWOg=,TKmGqPEbQ4V4cXa2TlTccMPriS8=
43,-16,+7FawWH6r5LCCJGe8y//ilkdWOg=,TKmGqPEbQ4V4cXa2TlTccMPriS8=
42,-14,+7FawWH6r5LCCJGe8y//ilkdWOg=,TKmGqPEbQ4V4cXa2TlTccMPriS8=
35,-16,+7FawWH6r5LCCJGe8y//ilkdWOg=,kLZFIkxq8+JzQdIfLkIG0AkvO6s=
45,-16,+7FawWH6r5LCCJGe8y//ilkdWOg=,TKmGqPEbQ4V4cXa2TlTccMPriS8=
36,-16,+7FawWH6r5LCCJGe8y//ilkdWOg=,kLZFIkxq8+JzQdIfLkIG0AkvO6s=
44,-16,+7FawWH6r5LCCJGe8y//ilkdWOg=,TKmGqPEbQ4V4cXa2TlTccMPriS8=
42,-11,+7FawWH6r5LCCJGe8y//ilkdWOg=,TKmGqPEbQ4V4cXa2TlTccMPriS8=
38,-16,+7FawWH6r5LCCJGe8y//ilkdWOg=,kLZFIkxq8+JzQdIfLkIG0AkvO6s=
39,-16,+7FawWH6r5LCCJGe8y//ilkdWOg=,kLZFIkxq8+JzQdIfLkIG0AkvO6s=
37,-16,+7FawWH6r5LCCJGe8y//ilkdWOg=,kLZFIkxq8+JzQdIfLkIG0AkvO6s=
40,-16,+7FawWH6r5LCCJGe8y//ilkdWOg=,TKmGqPEbQ4V4cXa2TlTccMPriS8=
32,-7,+7FawWH6r5LCCJGe8y//ilkdWOg=,nkkPSBmItvQXrsM+iyho9VID9cg=
32,-2,+7FawWH6r5LCCJGe8y//ilkdWOg=,nkkPSBmItvQXrsM+iyho9VID9cg=
32,-6,+7FawWH6r5LCCJGe8y//ilkdWOg=,nkkPSBmItvQXrsM+iyho9VID9cg=
32,-4,+7FawWH6r5LCCJGe8y//ilkdWOg=,nkkPSBmItvQXrsM+iyho9VID9cg=
32,-5,+7FawWH6r5LCCJGe8y//ilkdWOg=,nkkPSBmItvQXrsM+iyho9VID9cg=
47,-9,+7FawWH6r5LCCJGe8y//ilkdWOg=,TKmGqPEbQ4V4cXa2TlTccMPriS8=
32,-1,+7FawWH6r5LCCJGe8y//ilkdWOg=,nkkPSBmItvQXrsM+iyho9VID9cg=
47,-5,+7FawWH6r5LCCJGe8y//ilkdWOg=,4gh3ioQHwDfaM7XC08Xch7rWUvo=
47,-8,+7FawWH6r5LCCJGe8y//ilkdWOg=,4gh3ioQHwDfaM7XC08Xch7rWUvo=
47,-6,+7FawWH6r5LCCJGe8y//ilkdWOg=,4gh3ioQHwDfaM7XC08Xch7rWUvo=
47,-2,+7FawWH6r5LCCJGe8y//ilkdWOg=,4gh3ioQHwDfaM7XC08Xch7rWUvo=
47,-7,+7FawWH6r5LCCJGe8y//ilkdWOg=,4gh3ioQHwDfaM7XC08Xch7rWUvo=
32,-3,+7FawWH6r5LCCJGe8y//ilkdWOg=,nkkPSBmItvQXrsM+iyho9VID9cg=
47,-4,+7FawWH6r5LCCJGe8y//ilkdWOg=,4gh3ioQHwDfaM7XC08Xch7rWUvo=
47,-16,+7FawWH6r5LCCJGe8y//ilkdWOg=,TKmGqPEbQ4V4cXa2TlTccMPriS8=
47,-3,+7FawWH6r5LCCJGe8y//ilkdWOg=,4gh3ioQHwDfaM7XC08Xch7rWUvo=
32,-16,+7FawWH6r5LCCJGe8y//ilkdWOg=,kLZFIkxq8+JzQdIfLkIG0AkvO6s=
32,-12,+7FawWH6r5LCCJGe8y//ilkdWOg=,kLZFIkxq8+JzQdIfLkIG0AkvO6s=
32,-11,+7FawWH6r5LCCJGe8y//ilkdWOg=,kLZFIkxq8+JzQdIfLkIG0AkvO6s=
32,-13,+7FawWH6r5LCCJGe8y//ilkdWOg=,kLZFIkxq8+JzQdIfLkIG0AkvO6s=
32,-14,+7FawWH6r5LCCJGe8y//ilkdWOg=,kLZFIkxq8+JzQdIfLkIG0AkvO6s=
47,-1,+7FawWH6r5LCCJGe8y//ilkdWOg=,4gh3ioQHwDfaM7XC08Xch7rWUvo=
32,-8,+7FawWH6r5LCCJGe8y//ilkdWOg=,nkkPSBmItvQXrsM+iyho9VID9cg=
32,-15,+7FawWH6r5LCCJGe8y//ilkdWOg=,kLZFIkxq8+JzQdIfLkIG0AkvO6s=
32,-10,+7FawWH6r5LCCJGe8y//ilkdWOg=,kLZFIkxq8+JzQdIfLkIG0AkvO6s=
32,-9,+7FawWH6r5LCCJGe8y//ilkdWOg=,kLZFIkxq8+JzQdIfLkIG0AkvO6s=
